mtllib 3532045_1.mtl

v  -5.626435 53.625643 -5.987503
v  -5.626435 53.625643 -5.987503
v  -5.626435 53.625643 -5.987503
v  -5.664237 53.985934 -4.851270
v  -5.664237 53.985934 -4.851270
v  -5.664237 53.985934 -4.851270
v  -5.763381 54.930879 -4.130499
v  -5.763381 54.930879 -4.130499
v  -5.763381 54.930879 -4.130499
v  -5.947863 56.689182 -3.504434
v  -5.947863 56.689182 -3.504434
v  -5.947863 56.689182 -3.504434
v  -5.985608 57.048933 -3.230028
v  -5.985608 57.048933 -3.230028
v  -5.985608 57.048933 -3.230028
v  -6.000000 57.186100 -2.797452
v  -6.000000 57.186100 -2.797452
v  -6.000000 57.186100 -2.797452
v  -6.000000 57.186100 2.797452
v  -6.000000 57.186100 2.797452
v  -6.000000 57.186100 2.797452
v  -5.985608 57.048933 3.230028
v  -5.985608 57.048933 3.230028
v  -5.985608 57.048933 3.230028
v  -5.947863 56.689182 3.504434
v  -5.947863 56.689182 3.504434
v  -5.947863 56.689182 3.504434
v  -5.763381 54.930879 4.130499
v  -5.763381 54.930879 4.130499
v  -5.763381 54.930879 4.130499
v  -5.664237 53.985934 4.851270
v  -5.664237 53.985934 4.851270
v  -5.664237 53.985934 4.851270
v  -5.626435 53.625643 5.987503
v  -5.626435 53.625643 5.987503
v  -5.626435 53.625643 5.987503
v  -5.626435 53.625643 8.075000
v  -5.626435 53.625643 8.075000
v  -5.626435 53.625643 8.075000
v  -5.753739 54.838983 8.075000
v  -5.753739 54.838983 8.075000
v  -5.753739 54.838983 8.075000
v  -5.753739 54.838983 5.987503
v  -5.753739 54.838983 5.987503
v  -5.753739 54.838983 5.987503
v  -5.768131 54.976150 5.554927
v  -5.768131 54.976150 5.554927
v  -5.768131 54.976150 5.554927
v  -5.805876 55.335900 5.280522
v  -5.805876 55.335900 5.280522
v  -5.805876 55.335900 5.280522
v  -5.990358 57.094204 4.654456
v  -5.990358 57.094204 4.654456
v  -5.990358 57.094204 4.654456
v  -6.089502 58.039149 3.933685
v  -6.089502 58.039149 3.933685
v  -6.089502 58.039149 3.933685
v  -6.127304 58.399440 2.797452
v  -6.127304 58.399440 2.797452
v  -6.127304 58.399440 2.797452
v  -6.127304 58.399440 -2.797452
v  -6.127304 58.399440 -2.797452
v  -6.127304 58.399440 -2.797452
v  -6.089502 58.039149 -3.933685
v  -6.089502 58.039149 -3.933685
v  -6.089502 58.039149 -3.933685
v  -5.990358 57.094204 -4.654456
v  -5.990358 57.094204 -4.654456
v  -5.990358 57.094204 -4.654456
v  -5.805876 55.335900 -5.280522
v  -5.805876 55.335900 -5.280522
v  -5.805876 55.335900 -5.280522
v  -5.768131 54.976150 -5.554927
v  -5.768131 54.976150 -5.554927
v  -5.768131 54.976150 -5.554927
v  -5.753739 54.838983 -5.987503
v  -5.753739 54.838983 -5.987503
v  -5.753739 54.838983 -5.987503
v  -5.753739 54.838983 -8.075000
v  -5.753739 54.838983 -8.075000
v  -5.753739 54.838983 -8.075000
v  -5.626435 53.625643 -8.075000
v  -5.626435 53.625643 -8.075000
v  -5.626435 53.625643 -8.075000
v  -20.687487 49.793498 -8.075000
v  -20.687487 49.793498 -8.075000
v  -34.030140 41.824748 -8.075000
v  -34.030140 41.824748 -8.075000
v  -44.545841 30.381269 -8.075000
v  -44.545841 30.381269 -8.075000
v  -51.360852 16.413673 -8.075000
v  -51.360852 16.413673 -8.075000
v  -53.908872 1.082337 -8.075000
v  -53.908872 1.082337 -8.075000
v  -51.978103 -14.339007 -8.075000
v  -51.978103 -14.339007 -8.075000
v  -45.728875 -28.569102 -8.075000
v  -45.728875 -28.569102 -8.075000
v  -35.680335 -40.425635 -8.075000
v  -35.680335 -40.425635 -8.075000
v  -22.667318 -48.923482 -8.075000
v  -22.667318 -48.923482 -8.075000
v  -7.770991 -53.356576 -8.075000
v  -7.770991 -53.356576 -8.075000
v  7.770991 -53.356576 -8.075000
v  7.770991 -53.356576 -8.075000
v  22.667318 -48.923482 -8.075000
v  22.667318 -48.923482 -8.075000
v  35.680335 -40.425635 -8.075000
v  35.680335 -40.425635 -8.075000
v  45.728875 -28.569102 -8.075000
v  45.728875 -28.569102 -8.075000
v  51.978103 -14.339007 -8.075000
v  51.978103 -14.339007 -8.075000
v  53.908872 1.082337 -8.075000
v  53.908872 1.082337 -8.075000
v  51.360852 16.413673 -8.075000
v  51.360852 16.413673 -8.075000
v  44.545841 30.381269 -8.075000
v  44.545841 30.381269 -8.075000
v  34.030140 41.824748 -8.075000
v  34.030140 41.824748 -8.075000
v  20.687487 49.793498 -8.075000
v  20.687487 49.793498 -8.075000
v  5.626435 53.625643 -8.075000
v  5.626435 53.625643 -8.075000
v  5.626435 53.625643 -8.075000
v  5.626435 53.625643 -5.987503
v  5.626435 53.625643 -5.987503
v  5.626435 53.625643 -5.987503
v  20.688196 49.793222 -5.987503
v  20.688196 49.793222 -5.987503
v  34.031180 41.823978 -5.987503
v  34.031180 41.823978 -5.987503
v  44.546854 30.379997 -5.987503
v  44.546854 30.379997 -5.987503
v  51.361573 16.412045 -5.987503
v  51.361573 16.412045 -5.987503
v  53.909171 1.080579 -5.987503
v  53.909171 1.080579 -5.987503
v  51.977994 -14.340661 -5.987503
v  51.977994 -14.340661 -5.987503
v  45.728483 -28.570478 -5.987503
v  45.728483 -28.570478 -5.987503
v  35.679849 -40.426660 -5.987503
v  35.679849 -40.426660 -5.987503
v  22.666931 -48.924193 -5.987503
v  22.666931 -48.924193 -5.987503
v  7.770844 -53.357102 -5.987503
v  7.770844 -53.357102 -5.987503
v  -7.770844 -53.357102 -5.987503
v  -7.770844 -53.357102 -5.987503
v  -22.666931 -48.924193 -5.987503
v  -22.666931 -48.924193 -5.987503
v  -35.679849 -40.426660 -5.987503
v  -35.679849 -40.426660 -5.987503
v  -45.728483 -28.570478 -5.987503
v  -45.728483 -28.570478 -5.987503
v  -51.977994 -14.340661 -5.987503
v  -51.977994 -14.340661 -5.987503
v  -53.909171 1.080579 -5.987503
v  -53.909171 1.080579 -5.987503
v  -51.361573 16.412045 -5.987503
v  -51.361573 16.412045 -5.987503
v  -44.546854 30.379997 -5.987503
v  -44.546854 30.379997 -5.987503
v  -34.031180 41.823978 -5.987503
v  -34.031180 41.823978 -5.987503
v  -20.688196 49.793222 -5.987503
v  -20.688196 49.793222 -5.987503
v  -21.155158 50.920259 -8.075000
v  -21.155158 50.920259 -8.075000
v  -34.799785 42.771193 -8.075000
v  -34.799785 42.771193 -8.075000
v  -45.553668 31.068449 -8.075000
v  -45.553668 31.068449 -8.075000
v  -52.522994 16.784182 -8.075000
v  -52.522994 16.784182 -8.075000
v  -55.128456 1.105224 -8.075000
v  -55.128456 1.105224 -8.075000
v  -53.153460 -14.665597 -8.075000
v  -53.153460 -14.665597 -8.075000
v  -46.762150 -29.217805 -8.075000
v  -46.762150 -29.217805 -8.075000
v  -36.485753 -41.342257 -8.075000
v  -36.485753 -41.342257 -8.075000
v  -23.178381 -50.031689 -8.075000
v  -23.178381 -50.031689 -8.075000
v  -7.945967 -54.564453 -8.075000
v  -7.945967 -54.564453 -8.075000
v  7.945967 -54.564453 -8.075000
v  7.945967 -54.564453 -8.075000
v  23.178381 -50.031689 -8.075000
v  23.178381 -50.031689 -8.075000
v  36.485753 -41.342257 -8.075000
v  36.485753 -41.342257 -8.075000
v  46.762150 -29.217805 -8.075000
v  46.762150 -29.217805 -8.075000
v  53.153460 -14.665597 -8.075000
v  53.153460 -14.665597 -8.075000
v  55.128456 1.105224 -8.075000
v  55.128456 1.105224 -8.075000
v  52.522994 16.784182 -8.075000
v  52.522994 16.784182 -8.075000
v  45.553668 31.068449 -8.075000
v  45.553668 31.068449 -8.075000
v  34.799785 42.771193 -8.075000
v  34.799785 42.771193 -8.075000
v  21.155158 50.920259 -8.075000
v  21.155158 50.920259 -8.075000
v  5.753739 54.838983 -8.075000
v  5.753739 54.838983 -8.075000
v  5.753739 54.838983 -8.075000
v  -21.156289 50.919849 -5.987503
v  -21.156289 50.919849 -5.987503
v  -34.801174 42.770292 -5.987503
v  -34.801174 42.770292 -5.987503
v  -45.554776 31.067378 -5.987503
v  -45.554776 31.067378 -5.987503
v  -52.523686 16.783386 -5.987503
v  -52.523686 16.783386 -5.987503
v  -55.128926 1.105029 -5.987503
v  -55.128926 1.105029 -5.987503
v  -53.154054 -14.665134 -5.987503
v  -53.154054 -14.665134 -5.987503
v  -46.763141 -29.216917 -5.987503
v  -46.763141 -29.216917 -5.987503
v  -36.487145 -41.341358 -5.987503
v  -36.487145 -41.341358 -5.987503
v  -23.179796 -50.031157 -5.987503
v  -23.179796 -50.031157 -5.987503
v  -7.946668 -54.564366 -5.987503
v  -7.946668 -54.564366 -5.987503
v  7.946668 -54.564366 -5.987503
v  7.946668 -54.564366 -5.987503
v  23.179796 -50.031157 -5.987503
v  23.179796 -50.031157 -5.987503
v  36.487145 -41.341358 -5.987503
v  36.487145 -41.341358 -5.987503
v  46.763141 -29.216917 -5.987503
v  46.763141 -29.216917 -5.987503
v  53.154054 -14.665134 -5.987503
v  53.154054 -14.665134 -5.987503
v  55.128926 1.105029 -5.987503
v  55.128926 1.105029 -5.987503
v  52.523686 16.783386 -5.987503
v  52.523686 16.783386 -5.987503
v  45.554776 31.067378 -5.987503
v  45.554776 31.067378 -5.987503
v  34.801174 42.770292 -5.987503
v  34.801174 42.770292 -5.987503
v  21.156289 50.919849 -5.987503
v  21.156289 50.919849 -5.987503
v  5.753739 54.838983 -5.987503
v  5.753739 54.838983 -5.987503
v  5.753739 54.838983 -5.987503
v  -21.347994 51.381254 -5.280522
v  -21.347994 51.381254 -5.280522
v  -35.116521 43.157851 -5.280522
v  -35.116521 43.157851 -5.280522
v  -45.967565 31.348892 -5.280522
v  -45.967565 31.348892 -5.280522
v  -52.999623 16.935466 -5.280522
v  -52.999623 16.935466 -5.280522
v  -55.628471 1.115042 -5.280522
v  -55.628471 1.115042 -5.280522
v  -53.635703 -14.798021 -5.280522
v  -53.635703 -14.798021 -5.280522
v  -47.186880 -29.481663 -5.280522
v  -47.186880 -29.481663 -5.280522
v  -36.817769 -41.715968 -5.280522
v  -36.817769 -41.715968 -5.280522
v  -23.389837 -50.484509 -5.280522
v  -23.389837 -50.484509 -5.280522
v  -8.018676 -55.058795 -5.280522
v  -8.018676 -55.058795 -5.280522
v  8.018676 -55.058795 -5.280522
v  8.018676 -55.058795 -5.280522
v  23.389837 -50.484509 -5.280522
v  23.389837 -50.484509 -5.280522
v  36.817769 -41.715968 -5.280522
v  36.817769 -41.715968 -5.280522
v  47.186880 -29.481663 -5.280522
v  47.186880 -29.481663 -5.280522
v  53.635703 -14.798021 -5.280522
v  53.635703 -14.798021 -5.280522
v  55.628471 1.115042 -5.280522
v  55.628471 1.115042 -5.280522
v  52.999623 16.935466 -5.280522
v  52.999623 16.935466 -5.280522
v  45.967565 31.348892 -5.280522
v  45.967565 31.348892 -5.280522
v  35.116521 43.157851 -5.280522
v  35.116521 43.157851 -5.280522
v  21.347994 51.381254 -5.280522
v  21.347994 51.381254 -5.280522
v  5.805876 55.335900 -5.280522
v  5.805876 55.335900 -5.280522
v  5.805876 55.335900 -5.280522
v  5.768131 54.976150 -5.554927
v  5.768131 54.976150 -5.554927
v  5.768131 54.976150 -5.554927
v  20.536105 51.321267 -5.554644
v  33.748594 43.779407 -5.554644
v  44.404765 32.921435 -5.554644
v  51.697457 19.569799 -5.554644
v  55.074277 4.735830 -5.554644
v  54.279446 -10.456858 -5.554644
v  49.373168 -24.857482 -5.554644
v  40.727074 -37.375253 -5.554644
v  28.996070 -47.062002 -5.554644
v  15.068733 -53.183996 -5.554644
v  -0.000000 -55.277519 -5.554644
v  -15.068733 -53.183996 -5.554644
v  -28.996070 -47.062002 -5.554644
v  -40.727074 -37.375253 -5.554644
v  -49.373168 -24.857482 -5.554644
v  -54.279446 -10.456858 -5.554644
v  -55.074277 4.735830 -5.554644
v  -51.697457 19.569799 -5.554644
v  -44.404765 32.921435 -5.554644
v  -33.748594 43.779407 -5.554644
v  -20.536105 51.321267 -5.554644
v  -14.156126 55.634850 -4.654456
v  -14.156126 55.634850 -4.654456
v  -22.026329 53.013897 -4.654456
v  -22.026329 53.013897 -4.654456
v  -29.436644 49.286068 -4.654456
v  -29.436644 49.286068 -4.654456
v  -36.232351 44.529195 -4.654456
v  -36.232351 44.529195 -4.654456
v  -42.271564 38.842597 -4.654456
v  -42.271564 38.842597 -4.654456
v  -47.428189 32.345006 -4.654456
v  -47.428189 32.345006 -4.654456
v  -51.594561 25.172083 -4.654456
v  -51.594561 25.172083 -4.654456
v  -54.683691 17.473592 -4.654456
v  -54.683691 17.473592 -4.654456
v  -56.631081 9.410271 -4.654456
v  -56.631081 9.410271 -4.654456
v  -57.396070 1.150472 -4.654456
v  -57.396070 1.150472 -4.654456
v  -56.962688 -7.133347 -4.654456
v  -56.962688 -7.133347 -4.654456
v  -55.339983 -15.268229 -4.654456
v  -55.339983 -15.268229 -4.654456
v  -52.561834 -23.084326 -4.654456
v  -52.561834 -23.084326 -4.654456
v  -48.686247 -30.418445 -4.654456
v  -48.686247 -30.418445 -4.654456
v  -43.794141 -37.117458 -4.654456
v  -43.794141 -37.117458 -4.654456
v  -37.987657 -43.041496 -4.654456
v  -37.987657 -43.041496 -4.654456
v  -31.388029 -48.066871 -4.654456
v  -31.388029 -48.066871 -4.654456
v  -24.133051 -52.088658 -4.654456
v  -24.133051 -52.088658 -4.654456
v  -16.374199 -55.022887 -4.654456
v  -16.374199 -55.022887 -4.654456
v  -8.273470 -56.808293 -4.654456
v  -8.273470 -56.808293 -4.654456
v  0.000000 -57.407600 -4.654456
v  0.000000 -57.407600 -4.654456
v  8.273470 -56.808293 -4.654456
v  8.273470 -56.808293 -4.654456
v  16.374199 -55.022887 -4.654456
v  16.374199 -55.022887 -4.654456
v  24.133051 -52.088658 -4.654456
v  24.133051 -52.088658 -4.654456
v  31.388029 -48.066871 -4.654456
v  31.388029 -48.066871 -4.654456
v  37.987657 -43.041496 -4.654456
v  37.987657 -43.041496 -4.654456
v  43.794141 -37.117458 -4.654456
v  43.794141 -37.117458 -4.654456
v  48.686247 -30.418445 -4.654456
v  48.686247 -30.418445 -4.654456
v  52.561834 -23.084326 -4.654456
v  52.561834 -23.084326 -4.654456
v  55.339983 -15.268229 -4.654456
v  55.339983 -15.268229 -4.654456
v  56.962688 -7.133347 -4.654456
v  56.962688 -7.133347 -4.654456
v  57.396070 1.150472 -4.654456
v  57.396070 1.150472 -4.654456
v  56.631081 9.410271 -4.654456
v  56.631081 9.410271 -4.654456
v  54.683691 17.473592 -4.654456
v  54.683691 17.473592 -4.654456
v  51.594561 25.172083 -4.654456
v  51.594561 25.172083 -4.654456
v  47.428189 32.345006 -4.654456
v  47.428189 32.345006 -4.654456
v  42.271564 38.842597 -4.654456
v  42.271564 38.842597 -4.654456
v  36.232351 44.529195 -4.654456
v  36.232351 44.529195 -4.654456
v  29.436644 49.286068 -4.654456
v  29.436644 49.286068 -4.654456
v  22.026329 53.013897 -4.654456
v  22.026329 53.013897 -4.654456
v  14.156126 55.634850 -4.654456
v  14.156126 55.634850 -4.654456
v  5.990358 57.094204 -4.654456
v  5.990358 57.094204 -4.654456
v  5.990358 57.094204 -4.654456
v  53.866856 23.375206 -2.797452
v  53.866856 23.375206 -2.797452
v  53.866856 23.375206 -2.797452
v  53.866856 23.375206 -2.797452
v  46.984102 35.221195 -2.797452
v  46.984102 35.221195 -2.797452
v  37.543690 45.149859 -2.797452
v  37.543690 45.149859 -2.797452
v  26.059524 52.620715 -2.797452
v  26.059524 52.620715 -2.797452
v  13.156764 57.227074 -2.797452
v  13.156764 57.227074 -2.797452
v  13.156764 57.227074 -2.797452
v  13.156764 57.227074 -2.797452
v  9.659836 57.919996 -2.797452
v  9.659836 57.919996 -2.797452
v  6.127304 58.399440 -2.797452
v  6.127304 58.399440 -2.797452
v  6.127304 58.399440 -2.797452
v  6.089502 58.039149 -3.933685
v  6.089502 58.039149 -3.933685
v  6.089502 58.039149 -3.933685
v  21.028866 54.438354 -3.934428
v  34.509979 47.061757 -3.934428
v  45.598169 36.421898 -3.934428
v  53.524582 23.256543 -3.934428
v  57.739599 8.478580 -3.934428
v  57.950953 -6.887288 -3.934428
v  54.143986 -21.775591 -3.934428
v  46.582676 -35.153975 -3.934428
v  35.791322 -46.094782 -3.934428
v  22.518197 -53.839376 -3.934428
v  7.683661 -57.850748 -3.934428
v  -7.683661 -57.850748 -3.934428
v  -22.518197 -53.839376 -3.934428
v  -35.791322 -46.094782 -3.934428
v  -46.582676 -35.153975 -3.934428
v  -54.143986 -21.775591 -3.934428
v  -57.950953 -6.887288 -3.934428
v  -57.739599 8.478580 -3.934428
v  -53.524582 23.256543 -3.934428
v  -45.598169 36.421898 -3.934428
v  -34.509979 47.061757 -3.934428
v  -21.028866 54.438354 -3.934428
v  -9.659836 57.919996 -2.797452
v  -9.659836 57.919996 -2.797452
v  -13.156764 57.227074 -2.797452
v  -13.156764 57.227074 -2.797452
v  -13.156764 57.227074 -2.797452
v  -13.156764 57.227074 -2.797452
v  -26.059524 52.620715 -2.797452
v  -26.059524 52.620715 -2.797452
v  -37.543690 45.149859 -2.797452
v  -37.543690 45.149859 -2.797452
v  -46.984102 35.221195 -2.797452
v  -46.984102 35.221195 -2.797452
v  -53.866856 23.375206 -2.797452
v  -53.866856 23.375206 -2.797452
v  -53.866856 23.375206 -2.797452
v  -53.866856 23.375206 -2.797452
v  -56.624171 15.548044 -2.797452
v  -56.624171 15.548044 -2.797452
v  -58.250538 7.410344 -2.797452
v  -58.250538 7.410344 -2.797452
v  -58.713475 -0.875362 -2.797452
v  -58.713475 -0.875362 -2.797452
v  -58.003735 -9.143585 -2.797452
v  -58.003735 -9.143585 -2.797452
v  -56.135493 -17.229184 -2.797452
v  -56.135493 -17.229184 -2.797452
v  -53.146065 -24.970667 -2.797452
v  -53.146065 -24.970667 -2.797452
v  -49.095157 -32.213413 -2.797452
v  -49.095157 -32.213413 -2.797452
v  -44.063677 -38.812766 -2.797452
v  -44.063677 -38.812766 -2.797452
v  -38.152119 -44.636915 -2.797452
v  -38.152119 -44.636915 -2.797452
v  -31.478554 -49.569538 -2.797452
v  -31.478554 -49.569538 -2.797452
v  -24.176271 -53.512114 -2.797452
v  -24.176271 -53.512114 -2.797452
v  -16.391119 -56.385899 -2.797452
v  -16.391119 -56.385899 -2.797452
v  -8.278589 -58.133496 -2.797452
v  -8.278589 -58.133496 -2.797452
v  -0.000712 -58.720000 -2.797452
v  -0.000712 -58.720000 -2.797452
v  8.277180 -58.133697 -2.797452
v  8.277180 -58.133697 -2.797452
v  16.389752 -56.386296 -2.797452
v  16.389752 -56.386296 -2.797452
v  24.174974 -53.512700 -2.797452
v  24.174974 -53.512700 -2.797452
v  31.477352 -49.570301 -2.797452
v  31.477352 -49.570301 -2.797452
v  38.151037 -44.637840 -2.797452
v  38.151037 -44.637840 -2.797452
v  44.062736 -38.813834 -2.797452
v  44.062736 -38.813834 -2.797452
v  49.094377 -32.214601 -2.797452
v  49.094377 -32.214601 -2.797452
v  53.145457 -24.971960 -2.797452
v  53.145457 -24.971960 -2.797452
v  56.135081 -17.230526 -2.797452
v  56.135081 -17.230526 -2.797452
v  58.003505 -9.145043 -2.797452
v  58.003505 -9.145043 -2.797452
v  58.713456 -0.876649 -2.797452
v  58.713456 -0.876649 -2.797452
v  58.250755 7.408641 -2.797452
v  58.250755 7.408641 -2.797452
v  56.624451 15.547025 -2.797452
v  56.624451 15.547025 -2.797452
v  -13.156764 57.227074 2.797452
v  -13.156764 57.227074 2.797452
v  -13.156764 57.227074 2.797452
v  -13.156764 57.227074 2.797452
v  -9.659836 57.919996 2.797452
v  -9.659836 57.919996 2.797452
v  13.156764 57.227074 2.797452
v  13.156764 57.227074 2.797452
v  13.156764 57.227074 2.797452
v  13.156764 57.227074 2.797452
v  9.659836 57.919996 2.797452
v  9.659836 57.919996 2.797452
v  6.127304 58.399440 2.797452
v  6.127304 58.399440 2.797452
v  6.127304 58.399440 2.797452
v  -53.866856 23.375206 2.797452
v  -53.866856 23.375206 2.797452
v  -53.866856 23.375206 2.797452
v  -53.866856 23.375206 2.797452
v  -56.624171 15.548044 2.797452
v  -56.624171 15.548044 2.797452
v  -58.250538 7.410344 2.797452
v  -58.250538 7.410344 2.797452
v  -58.713475 -0.875362 2.797452
v  -58.713475 -0.875362 2.797452
v  -58.003735 -9.143585 2.797452
v  -58.003735 -9.143585 2.797452
v  -56.135493 -17.229184 2.797452
v  -56.135493 -17.229184 2.797452
v  -53.146065 -24.970667 2.797452
v  -53.146065 -24.970667 2.797452
v  -49.095157 -32.213413 2.797452
v  -49.095157 -32.213413 2.797452
v  -44.063677 -38.812766 2.797452
v  -44.063677 -38.812766 2.797452
v  -38.152119 -44.636915 2.797452
v  -38.152119 -44.636915 2.797452
v  -31.478554 -49.569538 2.797452
v  -31.478554 -49.569538 2.797452
v  -24.176271 -53.512114 2.797452
v  -24.176271 -53.512114 2.797452
v  -16.391119 -56.385899 2.797452
v  -16.391119 -56.385899 2.797452
v  -8.278589 -58.133496 2.797452
v  -8.278589 -58.133496 2.797452
v  -0.000712 -58.720000 2.797452
v  -0.000712 -58.720000 2.797452
v  8.277180 -58.133697 2.797452
v  8.277180 -58.133697 2.797452
v  16.389752 -56.386296 2.797452
v  16.389752 -56.386296 2.797452
v  24.174974 -53.512700 2.797452
v  24.174974 -53.512700 2.797452
v  31.477352 -49.570301 2.797452
v  31.477352 -49.570301 2.797452
v  38.151037 -44.637840 2.797452
v  38.151037 -44.637840 2.797452
v  44.062736 -38.813834 2.797452
v  44.062736 -38.813834 2.797452
v  49.094377 -32.214601 2.797452
v  49.094377 -32.214601 2.797452
v  53.145457 -24.971960 2.797452
v  53.145457 -24.971960 2.797452
v  56.135081 -17.230526 2.797452
v  56.135081 -17.230526 2.797452
v  58.003505 -9.145043 2.797452
v  58.003505 -9.145043 2.797452
v  58.713456 -0.876649 2.797452
v  58.713456 -0.876649 2.797452
v  58.250755 7.408641 2.797452
v  58.250755 7.408641 2.797452
v  56.624451 15.547025 2.797452
v  56.624451 15.547025 2.797452
v  53.866856 23.375206 2.797452
v  53.866856 23.375206 2.797452
v  53.866856 23.375206 2.797452
v  53.866856 23.375206 2.797452
v  53.927067 23.235959 0.000000
v  53.927067 23.235959 0.000000
v  -53.927067 23.235959 -0.000000
v  -53.927067 23.235959 -0.000000
v  -46.984102 35.221195 2.797452
v  -46.984102 35.221195 2.797452
v  -37.543690 45.149859 2.797452
v  -37.543690 45.149859 2.797452
v  -26.059524 52.620715 2.797452
v  -26.059524 52.620715 2.797452
v  -21.028866 54.438354 3.934428
v  -34.509979 47.061757 3.934428
v  -45.598169 36.421898 3.934428
v  -53.524582 23.256543 3.934428
v  -57.739599 8.478580 3.934428
v  -57.950953 -6.887288 3.934428
v  -54.143986 -21.775591 3.934428
v  -46.582676 -35.153975 3.934428
v  -35.791322 -46.094782 3.934428
v  -22.518197 -53.839376 3.934428
v  -7.683661 -57.850748 3.934428
v  7.683661 -57.850748 3.934428
v  22.518197 -53.839376 3.934428
v  35.791322 -46.094782 3.934428
v  46.582676 -35.153975 3.934428
v  54.143986 -21.775591 3.934428
v  57.950953 -6.887288 3.934428
v  57.739599 8.478580 3.934428
v  53.524582 23.256543 3.934428
v  45.598169 36.421898 3.934428
v  34.509979 47.061757 3.934428
v  21.028866 54.438354 3.934428
v  6.089502 58.039149 3.933685
v  6.089502 58.039149 3.933685
v  6.089502 58.039149 3.933685
v  26.059524 52.620715 2.797452
v  26.059524 52.620715 2.797452
v  37.543690 45.149859 2.797452
v  37.543690 45.149859 2.797452
v  46.984102 35.221195 2.797452
v  46.984102 35.221195 2.797452
v  -14.156126 55.634850 4.654456
v  -14.156126 55.634850 4.654456
v  -22.026329 53.013897 4.654456
v  -22.026329 53.013897 4.654456
v  -29.436644 49.286068 4.654456
v  -29.436644 49.286068 4.654456
v  -36.232351 44.529195 4.654456
v  -36.232351 44.529195 4.654456
v  -42.271564 38.842597 4.654456
v  -42.271564 38.842597 4.654456
v  -47.428189 32.345006 4.654456
v  -47.428189 32.345006 4.654456
v  -51.594561 25.172083 4.654456
v  -51.594561 25.172083 4.654456
v  -54.683691 17.473592 4.654456
v  -54.683691 17.473592 4.654456
v  -56.631081 9.410271 4.654456
v  -56.631081 9.410271 4.654456
v  -57.396070 1.150472 4.654456
v  -57.396070 1.150472 4.654456
v  -56.962688 -7.133347 4.654456
v  -56.962688 -7.133347 4.654456
v  -55.339983 -15.268229 4.654456
v  -55.339983 -15.268229 4.654456
v  -52.561834 -23.084326 4.654456
v  -52.561834 -23.084326 4.654456
v  -48.686247 -30.418445 4.654456
v  -48.686247 -30.418445 4.654456
v  -43.794141 -37.117458 4.654456
v  -43.794141 -37.117458 4.654456
v  -37.987657 -43.041496 4.654456
v  -37.987657 -43.041496 4.654456
v  -31.388029 -48.066871 4.654456
v  -31.388029 -48.066871 4.654456
v  -24.133051 -52.088658 4.654456
v  -24.133051 -52.088658 4.654456
v  -16.374199 -55.022887 4.654456
v  -16.374199 -55.022887 4.654456
v  -8.273470 -56.808293 4.654456
v  -8.273470 -56.808293 4.654456
v  0.000000 -57.407600 4.654456
v  0.000000 -57.407600 4.654456
v  8.273470 -56.808293 4.654456
v  8.273470 -56.808293 4.654456
v  16.374199 -55.022887 4.654456
v  16.374199 -55.022887 4.654456
v  24.133051 -52.088658 4.654456
v  24.133051 -52.088658 4.654456
v  31.388029 -48.066871 4.654456
v  31.388029 -48.066871 4.654456
v  37.987657 -43.041496 4.654456
v  37.987657 -43.041496 4.654456
v  43.794141 -37.117458 4.654456
v  43.794141 -37.117458 4.654456
v  48.686247 -30.418445 4.654456
v  48.686247 -30.418445 4.654456
v  52.561834 -23.084326 4.654456
v  52.561834 -23.084326 4.654456
v  55.339983 -15.268229 4.654456
v  55.339983 -15.268229 4.654456
v  56.962688 -7.133347 4.654456
v  56.962688 -7.133347 4.654456
v  57.396070 1.150472 4.654456
v  57.396070 1.150472 4.654456
v  56.631081 9.410271 4.654456
v  56.631081 9.410271 4.654456
v  54.683691 17.473592 4.654456
v  54.683691 17.473592 4.654456
v  51.594561 25.172083 4.654456
v  51.594561 25.172083 4.654456
v  47.428189 32.345006 4.654456
v  47.428189 32.345006 4.654456
v  42.271564 38.842597 4.654456
v  42.271564 38.842597 4.654456
v  36.232351 44.529195 4.654456
v  36.232351 44.529195 4.654456
v  29.436644 49.286068 4.654456
v  29.436644 49.286068 4.654456
v  22.026329 53.013897 4.654456
v  22.026329 53.013897 4.654456
v  14.156126 55.634850 4.654456
v  14.156126 55.634850 4.654456
v  5.990358 57.094204 4.654456
v  5.990358 57.094204 4.654456
v  5.990358 57.094204 4.654456
v  -21.347994 51.381254 5.280522
v  -21.347994 51.381254 5.280522
v  -35.116521 43.157851 5.280522
v  -35.116521 43.157851 5.280522
v  -45.967565 31.348892 5.280522
v  -45.967565 31.348892 5.280522
v  -52.999623 16.935466 5.280522
v  -52.999623 16.935466 5.280522
v  -55.628471 1.115042 5.280522
v  -55.628471 1.115042 5.280522
v  -53.635703 -14.798021 5.280522
v  -53.635703 -14.798021 5.280522
v  -47.186880 -29.481663 5.280522
v  -47.186880 -29.481663 5.280522
v  -36.817769 -41.715968 5.280522
v  -36.817769 -41.715968 5.280522
v  -23.389837 -50.484509 5.280522
v  -23.389837 -50.484509 5.280522
v  -8.018676 -55.058795 5.280522
v  -8.018676 -55.058795 5.280522
v  8.018676 -55.058795 5.280522
v  8.018676 -55.058795 5.280522
v  23.389837 -50.484509 5.280522
v  23.389837 -50.484509 5.280522
v  36.817769 -41.715968 5.280522
v  36.817769 -41.715968 5.280522
v  47.186880 -29.481663 5.280522
v  47.186880 -29.481663 5.280522
v  53.635703 -14.798021 5.280522
v  53.635703 -14.798021 5.280522
v  55.628471 1.115042 5.280522
v  55.628471 1.115042 5.280522
v  52.999623 16.935466 5.280522
v  52.999623 16.935466 5.280522
v  45.967565 31.348892 5.280522
v  45.967565 31.348892 5.280522
v  35.116521 43.157851 5.280522
v  35.116521 43.157851 5.280522
v  21.347994 51.381254 5.280522
v  21.347994 51.381254 5.280522
v  5.805876 55.335900 5.280522
v  5.805876 55.335900 5.280522
v  5.805876 55.335900 5.280522
v  -21.156289 50.919849 5.987503
v  -21.156289 50.919849 5.987503
v  -34.801174 42.770292 5.987503
v  -34.801174 42.770292 5.987503
v  -45.554776 31.067378 5.987503
v  -45.554776 31.067378 5.987503
v  -52.523686 16.783386 5.987503
v  -52.523686 16.783386 5.987503
v  -55.128926 1.105029 5.987503
v  -55.128926 1.105029 5.987503
v  -53.154054 -14.665134 5.987503
v  -53.154054 -14.665134 5.987503
v  -46.763141 -29.216917 5.987503
v  -46.763141 -29.216917 5.987503
v  -36.487145 -41.341358 5.987503
v  -36.487145 -41.341358 5.987503
v  -23.179796 -50.031157 5.987503
v  -23.179796 -50.031157 5.987503
v  -7.946668 -54.564366 5.987503
v  -7.946668 -54.564366 5.987503
v  7.946668 -54.564366 5.987503
v  7.946668 -54.564366 5.987503
v  23.179796 -50.031157 5.987503
v  23.179796 -50.031157 5.987503
v  36.487145 -41.341358 5.987503
v  36.487145 -41.341358 5.987503
v  46.763141 -29.216917 5.987503
v  46.763141 -29.216917 5.987503
v  53.154054 -14.665134 5.987503
v  53.154054 -14.665134 5.987503
v  55.128926 1.105029 5.987503
v  55.128926 1.105029 5.987503
v  52.523686 16.783386 5.987503
v  52.523686 16.783386 5.987503
v  45.554776 31.067378 5.987503
v  45.554776 31.067378 5.987503
v  34.801174 42.770292 5.987503
v  34.801174 42.770292 5.987503
v  21.156289 50.919849 5.987503
v  21.156289 50.919849 5.987503
v  5.753739 54.838983 5.987503
v  5.753739 54.838983 5.987503
v  5.753739 54.838983 5.987503
v  5.768131 54.976150 5.554927
v  5.768131 54.976150 5.554927
v  5.768131 54.976150 5.554927
v  20.536105 51.321267 5.554644
v  33.748594 43.779407 5.554644
v  44.404765 32.921435 5.554644
v  51.697457 19.569799 5.554644
v  55.074277 4.735830 5.554644
v  54.279446 -10.456858 5.554644
v  49.373168 -24.857482 5.554644
v  40.727074 -37.375253 5.554644
v  28.996070 -47.062002 5.554644
v  15.068733 -53.183996 5.554644
v  -0.000000 -55.277519 5.554644
v  -15.068733 -53.183996 5.554644
v  -28.996070 -47.062002 5.554644
v  -40.727074 -37.375253 5.554644
v  -49.373168 -24.857482 5.554644
v  -54.279446 -10.456858 5.554644
v  -55.074277 4.735830 5.554644
v  -51.697457 19.569799 5.554644
v  -44.404765 32.921435 5.554644
v  -33.748594 43.779407 5.554644
v  -20.536105 51.321267 5.554644
v  -21.155158 50.920259 8.075000
v  -21.155158 50.920259 8.075000
v  -34.799785 42.771193 8.075000
v  -34.799785 42.771193 8.075000
v  -45.553668 31.068449 8.075000
v  -45.553668 31.068449 8.075000
v  -52.522994 16.784182 8.075000
v  -52.522994 16.784182 8.075000
v  -55.128456 1.105224 8.075000
v  -55.128456 1.105224 8.075000
v  -53.153460 -14.665597 8.075000
v  -53.153460 -14.665597 8.075000
v  -46.762150 -29.217805 8.075000
v  -46.762150 -29.217805 8.075000
v  -36.485753 -41.342257 8.075000
v  -36.485753 -41.342257 8.075000
v  -23.178381 -50.031689 8.075000
v  -23.178381 -50.031689 8.075000
v  -7.945967 -54.564453 8.075000
v  -7.945967 -54.564453 8.075000
v  7.945967 -54.564453 8.075000
v  7.945967 -54.564453 8.075000
v  23.178381 -50.031689 8.075000
v  23.178381 -50.031689 8.075000
v  36.485753 -41.342257 8.075000
v  36.485753 -41.342257 8.075000
v  46.762150 -29.217805 8.075000
v  46.762150 -29.217805 8.075000
v  53.153460 -14.665597 8.075000
v  53.153460 -14.665597 8.075000
v  55.128456 1.105224 8.075000
v  55.128456 1.105224 8.075000
v  52.522994 16.784182 8.075000
v  52.522994 16.784182 8.075000
v  45.553668 31.068449 8.075000
v  45.553668 31.068449 8.075000
v  34.799785 42.771193 8.075000
v  34.799785 42.771193 8.075000
v  21.155158 50.920259 8.075000
v  21.155158 50.920259 8.075000
v  5.753739 54.838983 8.075000
v  5.753739 54.838983 8.075000
v  5.753739 54.838983 8.075000
v  5.626435 53.625643 8.075000
v  5.626435 53.625643 8.075000
v  5.626435 53.625643 8.075000
v  -20.687487 49.793498 8.075000
v  -20.687487 49.793498 8.075000
v  -34.030140 41.824748 8.075000
v  -34.030140 41.824748 8.075000
v  -44.545841 30.381269 8.075000
v  -44.545841 30.381269 8.075000
v  -51.360852 16.413673 8.075000
v  -51.360852 16.413673 8.075000
v  -53.908872 1.082337 8.075000
v  -53.908872 1.082337 8.075000
v  -51.978103 -14.339007 8.075000
v  -51.978103 -14.339007 8.075000
v  -45.728875 -28.569102 8.075000
v  -45.728875 -28.569102 8.075000
v  -35.680335 -40.425635 8.075000
v  -35.680335 -40.425635 8.075000
v  -22.667318 -48.923482 8.075000
v  -22.667318 -48.923482 8.075000
v  -7.770991 -53.356576 8.075000
v  -7.770991 -53.356576 8.075000
v  7.770991 -53.356576 8.075000
v  7.770991 -53.356576 8.075000
v  22.667318 -48.923482 8.075000
v  22.667318 -48.923482 8.075000
v  35.680335 -40.425635 8.075000
v  35.680335 -40.425635 8.075000
v  45.728875 -28.569102 8.075000
v  45.728875 -28.569102 8.075000
v  51.978103 -14.339007 8.075000
v  51.978103 -14.339007 8.075000
v  53.908872 1.082337 8.075000
v  53.908872 1.082337 8.075000
v  51.360852 16.413673 8.075000
v  51.360852 16.413673 8.075000
v  44.545841 30.381269 8.075000
v  44.545841 30.381269 8.075000
v  34.030140 41.824748 8.075000
v  34.030140 41.824748 8.075000
v  20.687487 49.793498 8.075000
v  20.687487 49.793498 8.075000
v  -20.688196 49.793222 5.987503
v  -20.688196 49.793222 5.987503
v  -34.031180 41.823978 5.987503
v  -34.031180 41.823978 5.987503
v  -44.546854 30.379997 5.987503
v  -44.546854 30.379997 5.987503
v  -51.361573 16.412045 5.987503
v  -51.361573 16.412045 5.987503
v  -53.909171 1.080579 5.987503
v  -53.909171 1.080579 5.987503
v  -51.977994 -14.340661 5.987503
v  -51.977994 -14.340661 5.987503
v  -45.728483 -28.570478 5.987503
v  -45.728483 -28.570478 5.987503
v  -35.679849 -40.426660 5.987503
v  -35.679849 -40.426660 5.987503
v  -22.666931 -48.924193 5.987503
v  -22.666931 -48.924193 5.987503
v  -7.770844 -53.357102 5.987503
v  -7.770844 -53.357102 5.987503
v  7.770844 -53.357102 5.987503
v  7.770844 -53.357102 5.987503
v  22.666931 -48.924193 5.987503
v  22.666931 -48.924193 5.987503
v  35.679849 -40.426660 5.987503
v  35.679849 -40.426660 5.987503
v  45.728483 -28.570478 5.987503
v  45.728483 -28.570478 5.987503
v  51.977994 -14.340661 5.987503
v  51.977994 -14.340661 5.987503
v  53.909171 1.080579 5.987503
v  53.909171 1.080579 5.987503
v  51.361573 16.412045 5.987503
v  51.361573 16.412045 5.987503
v  44.546854 30.379997 5.987503
v  44.546854 30.379997 5.987503
v  34.031180 41.823978 5.987503
v  34.031180 41.823978 5.987503
v  20.688196 49.793222 5.987503
v  20.688196 49.793222 5.987503
v  5.626435 53.625643 5.987503
v  5.626435 53.625643 5.987503
v  5.626435 53.625643 5.987503
v  -21.191742 51.005178 4.130499
v  -21.191742 51.005178 4.130499
v  -34.859492 42.841964 4.130499
v  -34.859492 42.841964 4.130499
v  -45.631114 31.119439 4.130499
v  -45.631114 31.119439 4.130499
v  -52.611702 16.811510 4.130499
v  -52.611702 16.811510 4.130499
v  -55.221308 1.106880 4.130499
v  -55.221308 1.106880 4.130499
v  -53.243126 -14.689709 4.130499
v  -53.243126 -14.689709 4.130499
v  -46.841504 -29.265877 4.130499
v  -46.841504 -29.265877 4.130499
v  -36.548288 -41.410635 4.130499
v  -36.548288 -41.410635 4.130499
v  -23.218639 -50.114996 4.130499
v  -23.218639 -50.114996 4.130499
v  -7.959985 -54.655802 4.130499
v  -7.959985 -54.655802 4.130499
v  7.959985 -54.655802 4.130499
v  7.959985 -54.655802 4.130499
v  23.218639 -50.114996 4.130499
v  23.218639 -50.114996 4.130499
v  36.548288 -41.410635 4.130499
v  36.548288 -41.410635 4.130499
v  46.841504 -29.265877 4.130499
v  46.841504 -29.265877 4.130499
v  53.243126 -14.689709 4.130499
v  53.243126 -14.689709 4.130499
v  55.221308 1.106880 4.130499
v  55.221308 1.106880 4.130499
v  52.611702 16.811510 4.130499
v  52.611702 16.811510 4.130499
v  45.631114 31.119439 4.130499
v  45.631114 31.119439 4.130499
v  34.859492 42.841964 4.130499
v  34.859492 42.841964 4.130499
v  21.191742 51.005178 4.130499
v  21.191742 51.005178 4.130499
v  5.763381 54.930879 4.130499
v  5.763381 54.930879 4.130499
v  5.763381 54.930879 4.130499
v  5.664237 53.985934 4.851270
v  5.664237 53.985934 4.851270
v  5.664237 53.985934 4.851270
v  20.165969 50.396271 4.850527
v  33.140321 42.990342 4.850527
v  43.604429 32.328071 4.850527
v  50.765680 19.217080 4.850527
v  54.081638 4.650473 4.850527
v  53.301132 -10.268387 4.850527
v  48.483283 -24.409460 4.850527
v  39.993023 -36.701615 4.850527
v  28.473455 -46.213773 4.850527
v  14.797139 -52.225426 4.850527
v  -0.000000 -54.281216 4.850527
v  -14.797139 -52.225426 4.850527
v  -28.473455 -46.213773 4.850527
v  -39.993023 -36.701615 4.850527
v  -48.483283 -24.409460 4.850527
v  -53.301132 -10.268387 4.850527
v  -54.081638 4.650473 4.850527
v  -50.765680 19.217080 4.850527
v  -43.604429 32.328071 4.850527
v  -33.140321 42.990342 4.850527
v  -20.165969 50.396271 4.850527
v  -21.870076 52.637822 3.504434
v  -21.870076 52.637822 3.504434
v  -35.975322 44.213309 3.504434
v  -35.975322 44.213309 3.504434
v  -47.091737 32.115553 3.504434
v  -47.091737 32.115553 3.504434
v  -54.295770 17.349636 3.504434
v  -54.295770 17.349636 3.504434
v  -56.988908 1.142311 3.504434
v  -56.988908 1.142311 3.504434
v  -54.947406 -15.159918 3.504434
v  -54.947406 -15.159918 3.504434
v  -48.340871 -30.202660 3.504434
v  -48.340871 -30.202660 3.504434
v  -37.718176 -42.736164 3.504434
v  -37.718176 -42.736164 3.504434
v  -23.961853 -51.719146 3.504434
v  -23.961853 -51.719146 3.504434
v  -8.214779 -56.405300 3.504434
v  -8.214779 -56.405300 3.504434
v  8.214779 -56.405300 3.504434
v  8.214779 -56.405300 3.504434
v  23.961853 -51.719146 3.504434
v  23.961853 -51.719146 3.504434
v  37.718176 -42.736164 3.504434
v  37.718176 -42.736164 3.504434
v  48.340871 -30.202660 3.504434
v  48.340871 -30.202660 3.504434
v  54.947406 -15.159918 3.504434
v  54.947406 -15.159918 3.504434
v  56.988908 1.142311 3.504434
v  56.988908 1.142311 3.504434
v  54.295770 17.349636 3.504434
v  54.295770 17.349636 3.504434
v  47.091737 32.115553 3.504434
v  47.091737 32.115553 3.504434
v  35.975322 44.213309 3.504434
v  35.975322 44.213309 3.504434
v  21.870076 52.637822 3.504434
v  21.870076 52.637822 3.504434
v  5.947863 56.689182 3.504434
v  5.947863 56.689182 3.504434
v  5.947863 56.689182 3.504434
v  -22.061781 53.099226 2.797452
v  -22.061781 53.099226 2.797452
v  -36.290669 44.600867 2.797452
v  -36.290669 44.600867 2.797452
v  -47.504527 32.397067 2.797452
v  -47.504527 32.397067 2.797452
v  -54.771707 17.501717 2.797452
v  -54.771707 17.501717 2.797452
v  -57.488452 1.152324 2.797452
v  -57.488452 1.152324 2.797452
v  -55.429055 -15.292804 2.797452
v  -55.429055 -15.292804 2.797452
v  -48.764610 -30.467405 2.797452
v  -48.764610 -30.467405 2.797452
v  -38.048800 -43.110774 2.797452
v  -38.048800 -43.110774 2.797452
v  -24.171894 -52.172498 2.797452
v  -24.171894 -52.172498 2.797452
v  -8.286787 -56.899729 2.797452
v  -8.286787 -56.899729 2.797452
v  8.286787 -56.899729 2.797452
v  8.286787 -56.899729 2.797452
v  24.171894 -52.172498 2.797452
v  24.171894 -52.172498 2.797452
v  38.048800 -43.110774 2.797452
v  38.048800 -43.110774 2.797452
v  48.764610 -30.467405 2.797452
v  48.764610 -30.467405 2.797452
v  55.429055 -15.292804 2.797452
v  55.429055 -15.292804 2.797452
v  57.488452 1.152324 2.797452
v  57.488452 1.152324 2.797452
v  54.771707 17.501717 2.797452
v  54.771707 17.501717 2.797452
v  47.504527 32.397067 2.797452
v  47.504527 32.397067 2.797452
v  36.290669 44.600867 2.797452
v  36.290669 44.600867 2.797452
v  22.061781 53.099226 2.797452
v  22.061781 53.099226 2.797452
v  6.000000 57.186100 2.797452
v  6.000000 57.186100 2.797452
v  6.000000 57.186100 2.797452
v  5.985608 57.048933 3.230028
v  5.985608 57.048933 3.230028
v  5.985608 57.048933 3.230028
v  21.310687 53.257008 3.230311
v  35.021527 45.430683 3.230311
v  46.079628 34.163169 3.230311
v  53.647386 20.307934 3.230311
v  57.151574 4.914457 3.230311
v  56.326762 -10.851271 3.230311
v  51.235429 -25.795059 3.230311
v  42.263221 -38.784976 3.230311
v  30.089746 -48.837091 3.230311
v  15.637096 -55.189994 3.230311
v  -0.000000 -57.362481 3.230311
v  -15.637096 -55.189994 3.230311
v  -30.089746 -48.837091 3.230311
v  -42.263221 -38.784976 3.230311
v  -51.235429 -25.795059 3.230311
v  -56.326762 -10.851271 3.230311
v  -57.151574 4.914457 3.230311
v  -53.647386 20.307934 3.230311
v  -46.079628 34.163169 3.230311
v  -35.021527 45.430683 3.230311
v  -21.310687 53.257008 3.230311
v  -22.061781 53.099226 -2.797452
v  -22.061781 53.099226 -2.797452
v  -36.290669 44.600867 -2.797452
v  -36.290669 44.600867 -2.797452
v  -47.504527 32.397067 -2.797452
v  -47.504527 32.397067 -2.797452
v  -54.771707 17.501717 -2.797452
v  -54.771707 17.501717 -2.797452
v  -57.488452 1.152324 -2.797452
v  -57.488452 1.152324 -2.797452
v  -55.429055 -15.292804 -2.797452
v  -55.429055 -15.292804 -2.797452
v  -48.764610 -30.467405 -2.797452
v  -48.764610 -30.467405 -2.797452
v  -38.048800 -43.110774 -2.797452
v  -38.048800 -43.110774 -2.797452
v  -24.171894 -52.172498 -2.797452
v  -24.171894 -52.172498 -2.797452
v  -8.286787 -56.899729 -2.797452
v  -8.286787 -56.899729 -2.797452
v  8.286787 -56.899729 -2.797452
v  8.286787 -56.899729 -2.797452
v  24.171894 -52.172498 -2.797452
v  24.171894 -52.172498 -2.797452
v  38.048800 -43.110774 -2.797452
v  38.048800 -43.110774 -2.797452
v  48.764610 -30.467405 -2.797452
v  48.764610 -30.467405 -2.797452
v  55.429055 -15.292804 -2.797452
v  55.429055 -15.292804 -2.797452
v  57.488452 1.152324 -2.797452
v  57.488452 1.152324 -2.797452
v  54.771707 17.501717 -2.797452
v  54.771707 17.501717 -2.797452
v  47.504527 32.397067 -2.797452
v  47.504527 32.397067 -2.797452
v  36.290669 44.600867 -2.797452
v  36.290669 44.600867 -2.797452
v  22.061781 53.099226 -2.797452
v  22.061781 53.099226 -2.797452
v  6.000000 57.186100 -2.797452
v  6.000000 57.186100 -2.797452
v  6.000000 57.186100 -2.797452
v  -21.870076 52.637822 -3.504434
v  -21.870076 52.637822 -3.504434
v  -35.975322 44.213309 -3.504434
v  -35.975322 44.213309 -3.504434
v  -47.091737 32.115553 -3.504434
v  -47.091737 32.115553 -3.504434
v  -54.295770 17.349636 -3.504434
v  -54.295770 17.349636 -3.504434
v  -56.988908 1.142311 -3.504434
v  -56.988908 1.142311 -3.504434
v  -54.947406 -15.159918 -3.504434
v  -54.947406 -15.159918 -3.504434
v  -48.340871 -30.202660 -3.504434
v  -48.340871 -30.202660 -3.504434
v  -37.718176 -42.736164 -3.504434
v  -37.718176 -42.736164 -3.504434
v  -23.961853 -51.719146 -3.504434
v  -23.961853 -51.719146 -3.504434
v  -8.214779 -56.405300 -3.504434
v  -8.214779 -56.405300 -3.504434
v  8.214779 -56.405300 -3.504434
v  8.214779 -56.405300 -3.504434
v  23.961853 -51.719146 -3.504434
v  23.961853 -51.719146 -3.504434
v  37.718176 -42.736164 -3.504434
v  37.718176 -42.736164 -3.504434
v  48.340871 -30.202660 -3.504434
v  48.340871 -30.202660 -3.504434
v  54.947406 -15.159918 -3.504434
v  54.947406 -15.159918 -3.504434
v  56.988908 1.142311 -3.504434
v  56.988908 1.142311 -3.504434
v  54.295770 17.349636 -3.504434
v  54.295770 17.349636 -3.504434
v  47.091737 32.115553 -3.504434
v  47.091737 32.115553 -3.504434
v  35.975322 44.213309 -3.504434
v  35.975322 44.213309 -3.504434
v  21.870076 52.637822 -3.504434
v  21.870076 52.637822 -3.504434
v  5.947863 56.689182 -3.504434
v  5.947863 56.689182 -3.504434
v  5.947863 56.689182 -3.504434
v  5.985608 57.048933 -3.230028
v  5.985608 57.048933 -3.230028
v  5.985608 57.048933 -3.230028
v  21.310687 53.257008 -3.230311
v  35.021527 45.430683 -3.230311
v  46.079628 34.163169 -3.230311
v  53.647386 20.307934 -3.230311
v  57.151574 4.914457 -3.230311
v  56.326762 -10.851271 -3.230311
v  51.235429 -25.795059 -3.230311
v  42.263221 -38.784976 -3.230311
v  30.089746 -48.837091 -3.230311
v  15.637096 -55.189994 -3.230311
v  -0.000000 -57.362481 -3.230311
v  -15.637096 -55.189994 -3.230311
v  -30.089746 -48.837091 -3.230311
v  -42.263221 -38.784976 -3.230311
v  -51.235429 -25.795059 -3.230311
v  -56.326762 -10.851271 -3.230311
v  -57.151574 4.914457 -3.230311
v  -53.647386 20.307934 -3.230311
v  -46.079628 34.163169 -3.230311
v  -35.021527 45.430683 -3.230311
v  -21.310687 53.257008 -3.230311
v  -21.191742 51.005178 -4.130499
v  -21.191742 51.005178 -4.130499
v  -34.859492 42.841964 -4.130499
v  -34.859492 42.841964 -4.130499
v  -45.631114 31.119439 -4.130499
v  -45.631114 31.119439 -4.130499
v  -52.611702 16.811510 -4.130499
v  -52.611702 16.811510 -4.130499
v  -55.221308 1.106880 -4.130499
v  -55.221308 1.106880 -4.130499
v  -53.243126 -14.689709 -4.130499
v  -53.243126 -14.689709 -4.130499
v  -46.841504 -29.265877 -4.130499
v  -46.841504 -29.265877 -4.130499
v  -36.548288 -41.410635 -4.130499
v  -36.548288 -41.410635 -4.130499
v  -23.218639 -50.114996 -4.130499
v  -23.218639 -50.114996 -4.130499
v  -7.959985 -54.655802 -4.130499
v  -7.959985 -54.655802 -4.130499
v  7.959985 -54.655802 -4.130499
v  7.959985 -54.655802 -4.130499
v  23.218639 -50.114996 -4.130499
v  23.218639 -50.114996 -4.130499
v  36.548288 -41.410635 -4.130499
v  36.548288 -41.410635 -4.130499
v  46.841504 -29.265877 -4.130499
v  46.841504 -29.265877 -4.130499
v  53.243126 -14.689709 -4.130499
v  53.243126 -14.689709 -4.130499
v  55.221308 1.106880 -4.130499
v  55.221308 1.106880 -4.130499
v  52.611702 16.811510 -4.130499
v  52.611702 16.811510 -4.130499
v  45.631114 31.119439 -4.130499
v  45.631114 31.119439 -4.130499
v  34.859492 42.841964 -4.130499
v  34.859492 42.841964 -4.130499
v  21.191742 51.005178 -4.130499
v  21.191742 51.005178 -4.130499
v  5.763381 54.930879 -4.130499
v  5.763381 54.930879 -4.130499
v  5.763381 54.930879 -4.130499
v  5.664237 53.985934 -4.851270
v  5.664237 53.985934 -4.851270
v  5.664237 53.985934 -4.851270
v  20.165969 50.396271 -4.850527
v  33.140321 42.990342 -4.850527
v  43.604429 32.328071 -4.850527
v  50.765680 19.217080 -4.850527
v  54.081638 4.650473 -4.850527
v  53.301132 -10.268387 -4.850527
v  48.483283 -24.409460 -4.850527
v  39.993023 -36.701615 -4.850527
v  28.473455 -46.213773 -4.850527
v  14.797139 -52.225426 -4.850527
v  -0.000000 -54.281216 -4.850527
v  -14.797139 -52.225426 -4.850527
v  -28.473455 -46.213773 -4.850527
v  -39.993023 -36.701615 -4.850527
v  -48.483283 -24.409460 -4.850527
v  -53.301132 -10.268387 -4.850527
v  -54.081638 4.650473 -4.850527
v  -50.765680 19.217080 -4.850527
v  -43.604429 32.328071 -4.850527
v  -33.140321 42.990342 -4.850527
v  -20.165969 50.396271 -4.850527
v  -54.320637 25.339140 9.100000
v  -54.320637 25.339140 9.100000
v  -54.320637 25.339140 9.100000
v  -47.730574 36.257357 9.100000
v  -47.730574 36.257357 9.100000
v  -38.979878 45.534303 9.100000
v  -38.979878 45.534303 9.100000
v  -38.979878 45.534303 9.100000
v  -38.979878 45.534303 9.100000
v  -38.979878 45.534303 9.100000
v  -33.223342 49.890011 9.100000
v  -33.223342 49.890011 9.100000
v  -26.984936 53.522115 9.100000
v  -26.984936 53.522115 9.100000
v  -20.355141 56.377937 9.100000
v  -20.355141 56.377937 9.100000
v  -13.430117 58.416056 9.100000
v  -13.430117 58.416056 9.100000
v  -13.430117 58.416056 9.100000
v  -13.430117 58.416056 9.100000
v  -13.340493 58.026226 9.500000
v  -13.340493 58.026226 9.500000
v  -13.340493 58.026226 9.500000
v  -26.040278 53.543349 9.500000
v  -26.040278 53.543349 9.500000
v  -37.402425 46.325196 9.500000
v  -37.402425 46.325196 9.500000
v  -46.852229 36.740289 9.500000
v  -46.852229 36.740289 9.500000
v  -53.905399 25.282792 9.500000
v  -53.905399 25.282792 9.500000
v  -53.905399 25.282792 9.500000
v  -54.112525 25.309999 9.300889
v  -54.112525 25.309999 9.300889
v  -53.537758 25.077537 9.500000
v  -53.537758 25.077537 9.500000
v  -53.537758 25.077537 9.500000
v  -10.598431 59.670622 9.500000
v  -10.598431 59.670622 9.500000
v  -9.345304 62.611682 9.500000
v  -9.345304 62.611682 9.500000
v  -10.060182 65.727411 9.500000
v  -10.060182 65.727411 9.500000
v  -12.468671 67.829310 9.500000
v  -12.468671 67.829310 9.500000
v  -15.652871 68.114110 9.500000
v  -15.652871 68.114110 9.500000
v  -18.397545 66.474028 9.500000
v  -18.397545 66.474028 9.500000
v  -18.397545 66.474028 9.500000
v  -28.445026 55.778607 9.500000
v  -28.445026 55.778607 9.500000
v  -39.240004 45.838169 9.500000
v  -39.240004 45.838169 9.500000
v  -39.240004 45.838169 9.500000
v  -47.996613 36.568303 9.500000
v  -47.996613 36.568303 9.500000
v  -54.605631 25.673735 9.500000
v  -54.605631 25.673735 9.500000
v  -54.605631 25.673735 9.500000
v  -54.973234 25.878970 9.500000
v  -54.973234 25.878970 9.500000
v  -54.973234 25.878970 9.500000
v  -48.321787 36.834528 9.500000
v  -48.321787 36.834528 9.500000
v  -39.513136 46.157228 9.500000
v  -39.513136 46.157228 9.500000
v  -39.513136 46.157228 9.500000
v  -28.740527 56.077068 9.500000
v  -28.740527 56.077068 9.500000
v  -18.713868 66.750325 9.500000
v  -18.713868 66.750325 9.500000
v  -18.713868 66.750325 9.500000
v  -15.746437 68.523516 9.500000
v  -15.746437 68.523516 9.500000
v  -12.303809 68.215601 9.500000
v  -12.303809 68.215601 9.500000
v  -9.699849 65.943113 9.500000
v  -9.699849 65.943113 9.500000
v  -8.926952 62.574513 9.500000
v  -8.926952 62.574513 9.500000
v  -10.281782 59.394759 9.500000
v  -10.281782 59.394759 9.500000
v  -13.246388 57.616904 9.500000
v  -13.246388 57.616904 9.500000
v  -13.246388 57.616904 9.500000
v  -25.863274 53.162397 9.500000
v  -25.863274 53.162397 9.500000
v  -37.150170 45.989058 9.500000
v  -37.150170 45.989058 9.500000
v  -46.535520 36.463526 9.500000
v  -46.535520 36.463526 9.500000
v  -13.156764 57.227074 9.100000
v  -13.156764 57.227074 9.100000
v  -13.156764 57.227074 9.100000
v  -13.156764 57.227074 9.100000
v  -25.723107 52.785985 9.100000
v  -25.723107 52.785985 9.100000
v  -36.964245 45.625465 9.100000
v  -36.964245 45.625465 9.100000
v  -46.301057 36.114409 9.100000
v  -46.301057 36.114409 9.100000
v  -53.252528 24.742810 9.100000
v  -53.252528 24.742810 9.100000
v  -53.252528 24.742810 9.100000
v  -53.395999 24.909812 9.300552
v  -53.395999 24.909812 9.300552
v  -53.644129 23.881913 6.000644
v  -53.644129 23.881913 6.000644
v  -13.156764 57.227074 -9.100000
v  -13.156764 57.227074 -9.100000
v  -13.156764 57.227074 -9.100000
v  -13.156764 57.227074 -9.100000
v  -25.723107 52.785985 -9.100000
v  -25.723107 52.785985 -9.100000
v  -36.964245 45.625465 -9.100000
v  -36.964245 45.625465 -9.100000
v  -46.301057 36.114409 -9.100000
v  -46.301057 36.114409 -9.100000
v  -53.252528 24.742810 -9.100000
v  -53.252528 24.742810 -9.100000
v  -53.252528 24.742810 -9.100000
v  -53.644091 23.882000 -6.001041
v  -53.644091 23.882000 -6.001041
v  -13.246388 57.616904 -9.500000
v  -13.246388 57.616904 -9.500000
v  -13.246388 57.616904 -9.500000
v  -25.863274 53.162397 -9.500000
v  -25.863274 53.162397 -9.500000
v  -37.150170 45.989058 -9.500000
v  -37.150170 45.989058 -9.500000
v  -46.535520 36.463526 -9.500000
v  -46.535520 36.463526 -9.500000
v  -53.537758 25.077537 -9.500000
v  -53.537758 25.077537 -9.500000
v  -53.537758 25.077537 -9.500000
v  -53.396000 24.909812 -9.300553
v  -53.396000 24.909812 -9.300553
v  -10.281782 59.394759 -9.500000
v  -10.281782 59.394759 -9.500000
v  -8.926952 62.574513 -9.500000
v  -8.926952 62.574513 -9.500000
v  -9.699849 65.943113 -9.500000
v  -9.699849 65.943113 -9.500000
v  -12.303809 68.215601 -9.500000
v  -12.303809 68.215601 -9.500000
v  -15.746437 68.523516 -9.500000
v  -15.746437 68.523516 -9.500000
v  -18.713868 66.750325 -9.500000
v  -18.713868 66.750325 -9.500000
v  -18.713868 66.750325 -9.500000
v  -28.740527 56.077068 -9.500000
v  -28.740527 56.077068 -9.500000
v  -39.513136 46.157228 -9.500000
v  -39.513136 46.157228 -9.500000
v  -39.513136 46.157228 -9.500000
v  -48.321787 36.834528 -9.500000
v  -48.321787 36.834528 -9.500000
v  -54.973234 25.878970 -9.500000
v  -54.973234 25.878970 -9.500000
v  -54.973234 25.878970 -9.500000
v  -54.605631 25.673735 -9.500000
v  -54.605631 25.673735 -9.500000
v  -54.605631 25.673735 -9.500000
v  -47.996613 36.568303 -9.500000
v  -47.996613 36.568303 -9.500000
v  -39.240004 45.838169 -9.500000
v  -39.240004 45.838169 -9.500000
v  -39.240004 45.838169 -9.500000
v  -28.445026 55.778607 -9.500000
v  -28.445026 55.778607 -9.500000
v  -18.397545 66.474028 -9.500000
v  -18.397545 66.474028 -9.500000
v  -18.397545 66.474028 -9.500000
v  -15.652871 68.114110 -9.500000
v  -15.652871 68.114110 -9.500000
v  -12.468671 67.829310 -9.500000
v  -12.468671 67.829310 -9.500000
v  -10.060182 65.727411 -9.500000
v  -10.060182 65.727411 -9.500000
v  -9.345304 62.611682 -9.500000
v  -9.345304 62.611682 -9.500000
v  -10.598431 59.670622 -9.500000
v  -10.598431 59.670622 -9.500000
v  -13.340493 58.026226 -9.500000
v  -13.340493 58.026226 -9.500000
v  -13.340493 58.026226 -9.500000
v  -26.040278 53.543349 -9.500000
v  -26.040278 53.543349 -9.500000
v  -37.402425 46.325196 -9.500000
v  -37.402425 46.325196 -9.500000
v  -46.852229 36.740289 -9.500000
v  -46.852229 36.740289 -9.500000
v  -53.905399 25.282792 -9.500000
v  -53.905399 25.282792 -9.500000
v  -53.905399 25.282792 -9.500000
v  -13.430117 58.416056 -9.100000
v  -13.430117 58.416056 -9.100000
v  -13.430117 58.416056 -9.100000
v  -13.430117 58.416056 -9.100000
v  -20.355141 56.377937 -9.100000
v  -20.355141 56.377937 -9.100000
v  -26.984936 53.522115 -9.100000
v  -26.984936 53.522115 -9.100000
v  -33.223342 49.890011 -9.100000
v  -33.223342 49.890011 -9.100000
v  -38.979878 45.534303 -9.100000
v  -38.979878 45.534303 -9.100000
v  -38.979878 45.534303 -9.100000
v  -38.979878 45.534303 -9.100000
v  -38.979878 45.534303 -9.100000
v  -47.730574 36.257357 -9.100000
v  -47.730574 36.257357 -9.100000
v  -54.320637 25.339140 -9.100000
v  -54.320637 25.339140 -9.100000
v  -54.320637 25.339140 -9.100000
v  -54.112525 25.309999 -9.300888
v  -54.112525 25.309999 -9.300888
v  -34.958709 48.689755 -0.000000
v  -34.958709 48.689755 -0.000000
v  -34.958709 48.689755 -0.000000
v  -34.482353 49.028267 1.411881
v  -34.482353 49.028267 1.411881
v  -33.314899 49.828918 2.000000
v  -33.314899 49.828918 2.000000
v  -32.129076 50.601641 1.413023
v  -32.129076 50.601641 1.413023
v  -31.633443 50.912954 0.000000
v  -31.633443 50.912954 0.000000
v  -31.633443 50.912954 0.000000
v  -32.128310 50.602128 -1.411881
v  -32.128310 50.602128 -1.411881
v  -33.314354 49.829283 -2.000000
v  -33.314354 49.829283 -2.000000
v  -34.481610 49.028789 -1.413023
v  -34.481610 49.028789 -1.413023
v  -38.979878 45.534303 0.000000
v  -38.979878 45.534303 0.000000
v  -38.979878 45.534303 0.000000
v  -38.979878 45.534303 0.000000
v  -10.899893 59.932799 9.100000
v  -10.899893 59.932799 9.100000
v  -9.743758 62.646817 9.100000
v  -9.743758 62.646817 9.100000
v  -10.402985 65.522223 9.100000
v  -10.402985 65.522223 9.100000
v  -12.625960 67.461533 9.100000
v  -12.625960 67.461533 9.100000
v  -15.564218 67.724551 9.100000
v  -15.564218 67.724551 9.100000
v  -18.096286 66.210888 9.100000
v  -18.096286 66.210888 9.100000
v  -18.096286 66.210888 9.100000
v  -18.096286 66.210888 9.100000
v  -19.015128 67.013465 9.100000
v  -19.015128 67.013465 9.100000
v  -19.015128 67.013465 9.100000
v  -19.015128 67.013465 9.100000
v  -15.835765 68.913946 9.100000
v  -15.835765 68.913946 9.100000
v  -12.147463 68.583781 9.100000
v  -12.147463 68.583781 9.100000
v  -9.356186 66.148810 9.100000
v  -9.356186 66.148810 9.100000
v  -8.528586 62.538396 9.100000
v  -8.528586 62.538396 9.100000
v  -9.979850 59.131600 9.100000
v  -9.979850 59.131600 9.100000
v  -8.546894 63.777154 5.307500
v  -8.546894 63.777154 5.307500
v  -8.546894 63.777154 5.307500
v  -8.758873 61.343535 4.716491
v  -8.758873 61.343535 4.716491
v  -9.746407 59.416795 3.026966
v  -9.746407 59.416795 3.026966
v  -10.538991 58.569605 1.024431
v  -10.538991 58.569605 1.024431
v  -10.536179 58.572083 -1.036430
v  -10.536179 58.572083 -1.036430
v  -9.721453 59.449499 -3.073444
v  -9.721453 59.449499 -3.073444
v  -8.735028 61.424927 -4.757073
v  -8.735028 61.424927 -4.757073
v  -8.546894 63.777154 -5.307500
v  -8.546894 63.777154 -5.307500
v  -8.546894 63.777154 -5.307500
v  -9.893847 66.906143 -5.307500
v  -9.893847 66.906143 -5.307500
v  -12.728016 68.796791 -5.307500
v  -12.728016 68.796791 -5.307500
v  -16.135347 68.836880 -5.307500
v  -16.135347 68.836880 -5.307500
v  -19.015128 67.013465 -5.307500
v  -19.015128 67.013465 -5.307500
v  -19.015128 67.013465 -5.307500
v  -19.015128 67.013465 -9.100000
v  -19.015128 67.013465 -9.100000
v  -19.015128 67.013465 -9.100000
v  -19.015128 67.013465 -9.100000
v  -15.835765 68.913946 -9.100000
v  -15.835765 68.913946 -9.100000
v  -12.147463 68.583781 -9.100000
v  -12.147463 68.583781 -9.100000
v  -9.356186 66.148810 -9.100000
v  -9.356186 66.148810 -9.100000
v  -8.528586 62.538396 -9.100000
v  -8.528586 62.538396 -9.100000
v  -9.979850 59.131600 -9.100000
v  -9.979850 59.131600 -9.100000
v  -19.015128 67.013465 5.307500
v  -19.015128 67.013465 5.307500
v  -19.015128 67.013465 5.307500
v  -16.135347 68.836880 5.307500
v  -16.135347 68.836880 5.307500
v  -12.728016 68.796791 5.307500
v  -12.728016 68.796791 5.307500
v  -9.893847 66.906143 5.307500
v  -9.893847 66.906143 5.307500
v  -18.096286 66.210888 -9.100000
v  -18.096286 66.210888 -9.100000
v  -18.096286 66.210888 -9.100000
v  -18.096286 66.210888 -9.100000
v  -15.564218 67.724551 -9.100000
v  -15.564218 67.724551 -9.100000
v  -12.625960 67.461533 -9.100000
v  -12.625960 67.461533 -9.100000
v  -10.402985 65.522223 -9.100000
v  -10.402985 65.522223 -9.100000
v  -9.743758 62.646817 -9.100000
v  -9.743758 62.646817 -9.100000
v  -10.899893 59.932799 -9.100000
v  -10.899893 59.932799 -9.100000
v  -28.163577 55.494341 9.100000
v  -28.163577 55.494341 9.100000
v  -39.773262 46.461094 9.100000
v  -39.773262 46.461094 9.100000
v  -39.773262 46.461094 9.100000
v  -39.773262 46.461094 9.100000
v  -29.021940 56.361298 9.100000
v  -29.021940 56.361298 9.100000
v  -35.786725 49.965655 5.307500
v  -35.786725 49.965655 5.307500
v  -35.786725 49.965655 5.307500
v  -27.148221 58.241013 5.307500
v  -27.148221 58.241013 5.307500
v  -39.773262 46.461094 0.000000
v  -39.773262 46.461094 0.000000
v  -39.773262 46.461094 0.000000
v  -39.773262 46.461094 0.000000
v  -39.232626 46.925565 2.655473
v  -39.232626 46.925565 2.655473
v  -37.774517 48.194958 4.591722
v  -37.774517 48.194958 4.591722
v  -39.773262 46.461094 -9.100000
v  -39.773262 46.461094 -9.100000
v  -39.773262 46.461094 -9.100000
v  -39.773262 46.461094 -9.100000
v  -29.021940 56.361298 -9.100000
v  -29.021940 56.361298 -9.100000
v  -27.148221 58.241013 -5.307500
v  -27.148221 58.241013 -5.307500
v  -35.786725 49.965655 -5.307500
v  -35.786725 49.965655 -5.307500
v  -35.786725 49.965655 -5.307500
v  -37.774173 48.195261 -4.591965
v  -37.774173 48.195261 -4.591965
v  -39.231654 46.926403 -2.658006
v  -39.231654 46.926403 -2.658006
v  -28.163577 55.494341 -9.100000
v  -28.163577 55.494341 -9.100000
v  -18.096286 66.210888 5.307500
v  -18.096286 66.210888 5.307500
v  -18.096286 66.210888 5.307500
v  -26.289782 57.373985 5.307500
v  -26.289782 57.373985 5.307500
v  -34.993068 49.038545 5.307500
v  -34.993068 49.038545 5.307500
v  -34.993068 49.038545 5.307500
v  -36.981064 47.268089 4.591722
v  -36.981064 47.268089 4.591722
v  -38.439236 45.998768 2.655474
v  -38.439236 45.998768 2.655474
v  -18.096286 66.210888 -5.307500
v  -18.096286 66.210888 -5.307500
v  -18.096286 66.210888 -5.307500
v  -38.438264 45.999606 -2.658007
v  -38.438264 45.999606 -2.658007
v  -36.980720 47.268391 -4.591966
v  -36.980720 47.268391 -4.591966
v  -34.993068 49.038545 -5.307500
v  -34.993068 49.038545 -5.307500
v  -34.993068 49.038545 -5.307500
v  -26.289782 57.373985 -5.307500
v  -26.289782 57.373985 -5.307500
v  -54.463989 25.506075 9.300551
v  -54.463989 25.506075 9.300551
v  -55.388630 25.935406 9.100000
v  -55.388630 25.935406 9.100000
v  -55.388630 25.935406 9.100000
v  -48.675172 37.030706 9.100000
v  -48.675172 37.030706 9.100000
v  -55.180442 25.906221 9.300887
v  -55.180442 25.906221 9.300887
v  -45.136491 41.270362 -0.000000
v  -45.136491 41.270362 -0.000000
v  -45.136491 41.270362 -0.000000
v  -44.740103 41.699745 1.411881
v  -44.740103 41.699745 1.411881
v  -43.762993 42.724068 2.000000
v  -43.762993 42.724068 2.000000
v  -42.762618 43.725326 1.413022
v  -42.762618 43.725326 1.413022
v  -42.342227 44.132544 0.000000
v  -42.342227 44.132544 0.000000
v  -42.342227 44.132544 0.000000
v  -42.761969 43.725961 -1.411881
v  -42.761969 43.725961 -1.411881
v  -43.762535 42.724538 -2.000000
v  -43.762535 42.724538 -2.000000
v  -44.739484 41.700409 -1.413022
v  -44.739484 41.700409 -1.413022
v  -54.347408 28.051824 -0.000000
v  -54.347408 28.051824 -0.000000
v  -54.347408 28.051824 -0.000000
v  -54.076900 28.569818 1.411881
v  -54.076900 28.569818 1.411881
v  -53.401176 29.813755 2.000000
v  -53.401176 29.813755 2.000000
v  -52.696971 31.041502 1.413022
v  -52.696971 31.041502 1.413022
v  -52.397504 31.544369 0.000000
v  -52.397504 31.544369 0.000000
v  -52.397504 31.544369 0.000000
v  -52.696510 31.042285 -1.411881
v  -52.696510 31.042285 -1.411881
v  -53.400856 29.814328 -2.000000
v  -53.400856 29.814328 -2.000000
v  -54.076476 28.570621 -1.413022
v  -54.076476 28.570621 -1.413022
v  -55.388630 25.935406 -9.100000
v  -55.388630 25.935406 -9.100000
v  -55.388630 25.935406 -9.100000
v  -48.675172 37.030706 -9.100000
v  -48.675172 37.030706 -9.100000
v  -56.068357 24.431229 0.000754
v  -56.068357 24.431229 0.000754
v  -55.180442 25.906221 -9.300887
v  -55.180442 25.906221 -9.300887
v  -54.463988 25.506075 -9.300551
v  -54.463988 25.506075 -9.300551
v  53.905399 25.282792 9.500000
v  53.905399 25.282792 9.500000
v  53.905399 25.282792 9.500000
v  46.852229 36.740289 9.500000
v  46.852229 36.740289 9.500000
v  37.402425 46.325196 9.500000
v  37.402425 46.325196 9.500000
v  26.040278 53.543349 9.500000
v  26.040278 53.543349 9.500000
v  13.340493 58.026226 9.500000
v  13.340493 58.026226 9.500000
v  13.340493 58.026226 9.500000
v  13.430117 58.416056 9.100000
v  13.430117 58.416056 9.100000
v  13.430117 58.416056 9.100000
v  13.430117 58.416056 9.100000
v  20.355141 56.377937 9.100000
v  20.355141 56.377937 9.100000
v  26.984936 53.522115 9.100000
v  26.984936 53.522115 9.100000
v  33.223342 49.890011 9.100000
v  33.223342 49.890011 9.100000
v  38.979878 45.534303 9.100000
v  38.979878 45.534303 9.100000
v  38.979878 45.534303 9.100000
v  38.979878 45.534303 9.100000
v  38.979878 45.534303 9.100000
v  47.730574 36.257357 9.100000
v  47.730574 36.257357 9.100000
v  54.320637 25.339140 9.100000
v  54.320637 25.339140 9.100000
v  54.320637 25.339140 9.100000
v  54.112525 25.309999 9.300888
v  54.112525 25.309999 9.300888
v  53.537758 25.077537 9.500000
v  53.537758 25.077537 9.500000
v  53.537758 25.077537 9.500000
v  46.535520 36.463526 9.500000
v  46.535520 36.463526 9.500000
v  37.150170 45.989058 9.500000
v  37.150170 45.989058 9.500000
v  25.863274 53.162397 9.500000
v  25.863274 53.162397 9.500000
v  13.246388 57.616904 9.500000
v  13.246388 57.616904 9.500000
v  13.246388 57.616904 9.500000
v  10.281782 59.394759 9.500000
v  10.281782 59.394759 9.500000
v  8.926952 62.574513 9.500000
v  8.926952 62.574513 9.500000
v  9.699849 65.943113 9.500000
v  9.699849 65.943113 9.500000
v  12.303809 68.215601 9.500000
v  12.303809 68.215601 9.500000
v  15.746437 68.523516 9.500000
v  15.746437 68.523516 9.500000
v  18.713868 66.750325 9.500000
v  18.713868 66.750325 9.500000
v  18.713868 66.750325 9.500000
v  28.740527 56.077068 9.500000
v  28.740527 56.077068 9.500000
v  39.513136 46.157228 9.500000
v  39.513136 46.157228 9.500000
v  39.513136 46.157228 9.500000
v  48.321787 36.834528 9.500000
v  48.321787 36.834528 9.500000
v  54.973234 25.878970 9.500000
v  54.973234 25.878970 9.500000
v  54.973234 25.878970 9.500000
v  54.605631 25.673735 9.500000
v  54.605631 25.673735 9.500000
v  54.605631 25.673735 9.500000
v  47.996613 36.568303 9.500000
v  47.996613 36.568303 9.500000
v  39.240004 45.838169 9.500000
v  39.240004 45.838169 9.500000
v  39.240004 45.838169 9.500000
v  28.445026 55.778607 9.500000
v  28.445026 55.778607 9.500000
v  18.397545 66.474028 9.500000
v  18.397545 66.474028 9.500000
v  18.397545 66.474028 9.500000
v  15.652871 68.114110 9.500000
v  15.652871 68.114110 9.500000
v  12.468671 67.829310 9.500000
v  12.468671 67.829310 9.500000
v  10.060182 65.727411 9.500000
v  10.060182 65.727411 9.500000
v  9.345304 62.611682 9.500000
v  9.345304 62.611682 9.500000
v  10.598431 59.670622 9.500000
v  10.598431 59.670622 9.500000
v  53.252528 24.742810 9.100000
v  53.252528 24.742810 9.100000
v  53.252528 24.742810 9.100000
v  46.301057 36.114409 9.100000
v  46.301057 36.114409 9.100000
v  36.964245 45.625465 9.100000
v  36.964245 45.625465 9.100000
v  25.723107 52.785985 9.100000
v  25.723107 52.785985 9.100000
v  13.156764 57.227074 9.100000
v  13.156764 57.227074 9.100000
v  13.156764 57.227074 9.100000
v  13.156764 57.227074 9.100000
v  53.396000 24.909812 9.300553
v  53.396000 24.909812 9.300553
v  53.252528 24.742810 -9.100000
v  53.252528 24.742810 -9.100000
v  53.252528 24.742810 -9.100000
v  46.301057 36.114409 -9.100000
v  46.301057 36.114409 -9.100000
v  36.964245 45.625465 -9.100000
v  36.964245 45.625465 -9.100000
v  25.723107 52.785985 -9.100000
v  25.723107 52.785985 -9.100000
v  13.156764 57.227074 -9.100000
v  13.156764 57.227074 -9.100000
v  13.156764 57.227074 -9.100000
v  13.156764 57.227074 -9.100000
v  53.644129 23.881913 -6.000644
v  53.644129 23.881913 -6.000644
v  53.644091 23.882000 6.001041
v  53.644091 23.882000 6.001041
v  53.537758 25.077537 -9.500000
v  53.537758 25.077537 -9.500000
v  53.537758 25.077537 -9.500000
v  46.535520 36.463526 -9.500000
v  46.535520 36.463526 -9.500000
v  37.150170 45.989058 -9.500000
v  37.150170 45.989058 -9.500000
v  25.863274 53.162397 -9.500000
v  25.863274 53.162397 -9.500000
v  13.246388 57.616904 -9.500000
v  13.246388 57.616904 -9.500000
v  13.246388 57.616904 -9.500000
v  53.395999 24.909812 -9.300552
v  53.395999 24.909812 -9.300552
v  53.905399 25.282792 -9.500000
v  53.905399 25.282792 -9.500000
v  53.905399 25.282792 -9.500000
v  46.852229 36.740289 -9.500000
v  46.852229 36.740289 -9.500000
v  37.402425 46.325196 -9.500000
v  37.402425 46.325196 -9.500000
v  26.040278 53.543349 -9.500000
v  26.040278 53.543349 -9.500000
v  13.340493 58.026226 -9.500000
v  13.340493 58.026226 -9.500000
v  13.340493 58.026226 -9.500000
v  10.598431 59.670622 -9.500000
v  10.598431 59.670622 -9.500000
v  9.345304 62.611682 -9.500000
v  9.345304 62.611682 -9.500000
v  10.060182 65.727411 -9.500000
v  10.060182 65.727411 -9.500000
v  12.468671 67.829310 -9.500000
v  12.468671 67.829310 -9.500000
v  15.652871 68.114110 -9.500000
v  15.652871 68.114110 -9.500000
v  18.397545 66.474028 -9.500000
v  18.397545 66.474028 -9.500000
v  18.397545 66.474028 -9.500000
v  28.445026 55.778607 -9.500000
v  28.445026 55.778607 -9.500000
v  39.240004 45.838169 -9.500000
v  39.240004 45.838169 -9.500000
v  39.240004 45.838169 -9.500000
v  47.996613 36.568303 -9.500000
v  47.996613 36.568303 -9.500000
v  54.605631 25.673735 -9.500000
v  54.605631 25.673735 -9.500000
v  54.605631 25.673735 -9.500000
v  54.973234 25.878970 -9.500000
v  54.973234 25.878970 -9.500000
v  54.973234 25.878970 -9.500000
v  48.321787 36.834528 -9.500000
v  48.321787 36.834528 -9.500000
v  39.513136 46.157228 -9.500000
v  39.513136 46.157228 -9.500000
v  39.513136 46.157228 -9.500000
v  28.740527 56.077068 -9.500000
v  28.740527 56.077068 -9.500000
v  18.713868 66.750325 -9.500000
v  18.713868 66.750325 -9.500000
v  18.713868 66.750325 -9.500000
v  15.746437 68.523516 -9.500000
v  15.746437 68.523516 -9.500000
v  12.303809 68.215601 -9.500000
v  12.303809 68.215601 -9.500000
v  9.699849 65.943113 -9.500000
v  9.699849 65.943113 -9.500000
v  8.926952 62.574513 -9.500000
v  8.926952 62.574513 -9.500000
v  10.281782 59.394759 -9.500000
v  10.281782 59.394759 -9.500000
v  54.320637 25.339140 -9.100000
v  54.320637 25.339140 -9.100000
v  54.320637 25.339140 -9.100000
v  47.730574 36.257357 -9.100000
v  47.730574 36.257357 -9.100000
v  38.979878 45.534303 -9.100000
v  38.979878 45.534303 -9.100000
v  38.979878 45.534303 -9.100000
v  38.979878 45.534303 -9.100000
v  38.979878 45.534303 -9.100000
v  33.223342 49.890011 -9.100000
v  33.223342 49.890011 -9.100000
v  26.984936 53.522115 -9.100000
v  26.984936 53.522115 -9.100000
v  20.355141 56.377937 -9.100000
v  20.355141 56.377937 -9.100000
v  13.430117 58.416056 -9.100000
v  13.430117 58.416056 -9.100000
v  13.430117 58.416056 -9.100000
v  13.430117 58.416056 -9.100000
v  54.112525 25.309999 -9.300889
v  54.112525 25.309999 -9.300889
v  31.633443 50.912954 -0.000000
v  31.633443 50.912954 -0.000000
v  31.633443 50.912954 -0.000000
v  32.128310 50.602128 1.411881
v  32.128310 50.602128 1.411881
v  33.314354 49.829283 2.000000
v  33.314354 49.829283 2.000000
v  34.481610 49.028789 1.413023
v  34.481610 49.028789 1.413023
v  34.958709 48.689755 0.000000
v  34.958709 48.689755 0.000000
v  34.958709 48.689755 0.000000
v  34.482353 49.028267 -1.411881
v  34.482353 49.028267 -1.411881
v  33.314899 49.828918 -2.000000
v  33.314899 49.828918 -2.000000
v  32.129076 50.601641 -1.413023
v  32.129076 50.601641 -1.413023
v  38.979878 45.534303 0.000000
v  38.979878 45.534303 0.000000
v  38.979878 45.534303 0.000000
v  38.979878 45.534303 0.000000
v  18.096286 66.210888 9.100000
v  18.096286 66.210888 9.100000
v  18.096286 66.210888 9.100000
v  18.096286 66.210888 9.100000
v  15.564218 67.724551 9.100000
v  15.564218 67.724551 9.100000
v  12.625960 67.461533 9.100000
v  12.625960 67.461533 9.100000
v  10.402985 65.522223 9.100000
v  10.402985 65.522223 9.100000
v  9.743758 62.646817 9.100000
v  9.743758 62.646817 9.100000
v  10.899893 59.932799 9.100000
v  10.899893 59.932799 9.100000
v  19.015128 67.013465 9.100000
v  19.015128 67.013465 9.100000
v  19.015128 67.013465 9.100000
v  19.015128 67.013465 9.100000
v  9.979850 59.131600 9.100000
v  9.979850 59.131600 9.100000
v  8.528586 62.538396 9.100000
v  8.528586 62.538396 9.100000
v  9.356186 66.148810 9.100000
v  9.356186 66.148810 9.100000
v  12.147463 68.583781 9.100000
v  12.147463 68.583781 9.100000
v  15.835765 68.913946 9.100000
v  15.835765 68.913946 9.100000
v  8.546894 63.777154 5.307500
v  8.546894 63.777154 5.307500
v  8.546894 63.777154 5.307500
v  9.893847 66.906143 5.307500
v  9.893847 66.906143 5.307500
v  12.728016 68.796791 5.307500
v  12.728016 68.796791 5.307500
v  16.135347 68.836880 5.307500
v  16.135347 68.836880 5.307500
v  19.015128 67.013465 5.307500
v  19.015128 67.013465 5.307500
v  19.015128 67.013465 5.307500
v  9.979850 59.131600 -9.100000
v  9.979850 59.131600 -9.100000
v  8.528586 62.538396 -9.100000
v  8.528586 62.538396 -9.100000
v  9.356186 66.148810 -9.100000
v  9.356186 66.148810 -9.100000
v  12.147463 68.583781 -9.100000
v  12.147463 68.583781 -9.100000
v  15.835765 68.913946 -9.100000
v  15.835765 68.913946 -9.100000
v  19.015128 67.013465 -9.100000
v  19.015128 67.013465 -9.100000
v  19.015128 67.013465 -9.100000
v  19.015128 67.013465 -9.100000
v  19.015128 67.013465 -5.307500
v  19.015128 67.013465 -5.307500
v  19.015128 67.013465 -5.307500
v  16.135347 68.836880 -5.307500
v  16.135347 68.836880 -5.307500
v  12.728016 68.796791 -5.307500
v  12.728016 68.796791 -5.307500
v  9.893847 66.906143 -5.307500
v  9.893847 66.906143 -5.307500
v  8.546894 63.777154 -5.307500
v  8.546894 63.777154 -5.307500
v  8.546894 63.777154 -5.307500
v  8.735028 61.424927 -4.757073
v  8.735028 61.424927 -4.757073
v  9.721453 59.449499 -3.073444
v  9.721453 59.449499 -3.073444
v  10.536179 58.572083 -1.036430
v  10.536179 58.572083 -1.036430
v  10.538991 58.569605 1.024431
v  10.538991 58.569605 1.024431
v  9.746407 59.416795 3.026966
v  9.746407 59.416795 3.026966
v  8.758873 61.343535 4.716491
v  8.758873 61.343535 4.716491
v  18.096286 66.210888 -9.100000
v  18.096286 66.210888 -9.100000
v  18.096286 66.210888 -9.100000
v  18.096286 66.210888 -9.100000
v  10.899893 59.932799 -9.100000
v  10.899893 59.932799 -9.100000
v  9.743758 62.646817 -9.100000
v  9.743758 62.646817 -9.100000
v  10.402985 65.522223 -9.100000
v  10.402985 65.522223 -9.100000
v  12.625960 67.461533 -9.100000
v  12.625960 67.461533 -9.100000
v  15.564218 67.724551 -9.100000
v  15.564218 67.724551 -9.100000
v  28.163577 55.494341 9.100000
v  28.163577 55.494341 9.100000
v  29.021940 56.361298 9.100000
v  29.021940 56.361298 9.100000
v  39.773262 46.461094 9.100000
v  39.773262 46.461094 9.100000
v  39.773262 46.461094 9.100000
v  39.773262 46.461094 9.100000
v  35.786725 49.965655 -5.307500
v  35.786725 49.965655 -5.307500
v  35.786725 49.965655 -5.307500
v  27.148221 58.241013 -5.307500
v  27.148221 58.241013 -5.307500
v  29.021940 56.361298 -9.100000
v  29.021940 56.361298 -9.100000
v  39.773262 46.461094 -9.100000
v  39.773262 46.461094 -9.100000
v  39.773262 46.461094 -9.100000
v  39.773262 46.461094 -9.100000
v  39.773262 46.461094 0.000000
v  39.773262 46.461094 0.000000
v  39.773262 46.461094 0.000000
v  39.773262 46.461094 0.000000
v  39.231654 46.926403 -2.658006
v  39.231654 46.926403 -2.658006
v  37.774173 48.195261 -4.591965
v  37.774173 48.195261 -4.591965
v  27.148221 58.241013 5.307500
v  27.148221 58.241013 5.307500
v  35.786725 49.965655 5.307500
v  35.786725 49.965655 5.307500
v  35.786725 49.965655 5.307500
v  37.774517 48.194958 4.591722
v  37.774517 48.194958 4.591722
v  39.232626 46.925565 2.655473
v  39.232626 46.925565 2.655473
v  28.163577 55.494341 -9.100000
v  28.163577 55.494341 -9.100000
v  18.096286 66.210888 -5.307500
v  18.096286 66.210888 -5.307500
v  18.096286 66.210888 -5.307500
v  26.289782 57.373985 -5.307500
v  26.289782 57.373985 -5.307500
v  34.993068 49.038545 -5.307500
v  34.993068 49.038545 -5.307500
v  34.993068 49.038545 -5.307500
v  36.980720 47.268391 -4.591966
v  36.980720 47.268391 -4.591966
v  38.438264 45.999606 -2.658007
v  38.438264 45.999606 -2.658007
v  18.096286 66.210888 5.307500
v  18.096286 66.210888 5.307500
v  18.096286 66.210888 5.307500
v  38.439236 45.998768 2.655474
v  38.439236 45.998768 2.655474
v  36.981064 47.268089 4.591722
v  36.981064 47.268089 4.591722
v  34.993068 49.038545 5.307500
v  34.993068 49.038545 5.307500
v  34.993068 49.038545 5.307500
v  26.289782 57.373985 5.307500
v  26.289782 57.373985 5.307500
v  54.463988 25.506075 9.300551
v  54.463988 25.506075 9.300551
v  48.675172 37.030706 9.100000
v  48.675172 37.030706 9.100000
v  55.388630 25.935406 9.100000
v  55.388630 25.935406 9.100000
v  55.388630 25.935406 9.100000
v  55.180442 25.906221 9.300887
v  55.180442 25.906221 9.300887
v  42.342227 44.132544 -0.000000
v  42.342227 44.132544 -0.000000
v  42.342227 44.132544 -0.000000
v  42.761969 43.725961 1.411881
v  42.761969 43.725961 1.411881
v  43.762535 42.724538 2.000000
v  43.762535 42.724538 2.000000
v  44.739484 41.700409 1.413022
v  44.739484 41.700409 1.413022
v  45.136491 41.270362 0.000000
v  45.136491 41.270362 0.000000
v  45.136491 41.270362 0.000000
v  44.740103 41.699745 -1.411881
v  44.740103 41.699745 -1.411881
v  43.762993 42.724068 -2.000000
v  43.762993 42.724068 -2.000000
v  42.762618 43.725326 -1.413022
v  42.762618 43.725326 -1.413022
v  52.397504 31.544369 -0.000000
v  52.397504 31.544369 -0.000000
v  52.397504 31.544369 -0.000000
v  52.696510 31.042285 1.411881
v  52.696510 31.042285 1.411881
v  53.400856 29.814328 2.000000
v  53.400856 29.814328 2.000000
v  54.076476 28.570621 1.413022
v  54.076476 28.570621 1.413022
v  54.347408 28.051824 0.000000
v  54.347408 28.051824 0.000000
v  54.347408 28.051824 0.000000
v  54.076900 28.569818 -1.411881
v  54.076900 28.569818 -1.411881
v  53.401176 29.813755 -2.000000
v  53.401176 29.813755 -2.000000
v  52.696971 31.041502 -1.413022
v  52.696971 31.041502 -1.413022
v  48.675172 37.030706 -9.100000
v  48.675172 37.030706 -9.100000
v  55.388630 25.935406 -9.100000
v  55.388630 25.935406 -9.100000
v  55.388630 25.935406 -9.100000
v  56.068357 24.431229 -0.000754
v  56.068357 24.431229 -0.000754
v  55.180442 25.906221 -9.300887
v  55.180442 25.906221 -9.300887
v  54.463989 25.506075 -9.300551
v  54.463989 25.506075 -9.300551
v  -9.777705 63.777154 5.307500
v  -9.777705 63.777154 5.307500
v  -9.777705 63.777154 5.307500
v  -15.839353 67.652701 5.307500
v  -15.839353 67.652701 5.307500
v  -13.159157 67.652058 5.307500
v  -13.159157 67.652058 5.307500
v  -10.901427 66.207880 5.307500
v  -10.901427 66.207880 5.307500
v  9.777705 63.777154 5.307500
v  9.777705 63.777154 5.307500
v  9.777705 63.777154 5.307500
v  10.901467 66.207925 5.307500
v  10.901467 66.207925 5.307500
v  13.159284 67.652095 5.307500
v  13.159284 67.652095 5.307500
v  15.839486 67.652662 5.307500
v  15.839486 67.652662 5.307500
v  -9.777705 63.777154 -5.307500
v  -9.777705 63.777154 -5.307500
v  -9.777705 63.777154 -5.307500
v  -10.901427 66.207880 -5.307500
v  -10.901427 66.207880 -5.307500
v  -13.159157 67.652058 -5.307500
v  -13.159157 67.652058 -5.307500
v  -15.839353 67.652701 -5.307500
v  -15.839353 67.652701 -5.307500
v  15.839486 67.652662 -5.307500
v  15.839486 67.652662 -5.307500
v  13.159284 67.652095 -5.307500
v  13.159284 67.652095 -5.307500
v  10.901467 66.207925 -5.307500
v  10.901467 66.207925 -5.307500
v  9.777705 63.777154 -5.307500
v  9.777705 63.777154 -5.307500
v  9.777705 63.777154 -5.307500
v  -9.965051 61.574586 4.828897
v  -9.965051 61.574586 4.828897
v  -10.920882 59.908854 3.633980
v  -10.920882 59.908854 3.633980
v  -12.005364 58.998299 2.309135
v  -12.005364 58.998299 2.309135
v  -12.848396 58.589160 1.119947
v  -12.848396 58.589160 1.119947
v  -13.216524 58.469837 -0.044159
v  -13.216524 58.469837 -0.044159
v  -12.813514 58.602240 -1.178907
v  -12.813514 58.602240 -1.178907
v  -11.962881 59.024628 -2.362849
v  -11.962881 59.024628 -2.362849
v  -10.900157 59.932468 -3.658955
v  -10.900157 59.932468 -3.658955
v  -9.962226 61.583040 -4.832744
v  -9.962226 61.583040 -4.832744
v  9.967643 61.566613 -4.825253
v  9.967643 61.566613 -4.825253
v  10.917273 59.912924 -3.638308
v  10.917273 59.912924 -3.638308
v  11.983735 59.011630 -2.336524
v  11.983735 59.011630 -2.336524
v  12.837622 58.593232 -1.138646
v  12.837622 58.593232 -1.138646
v  13.216868 58.469661 -0.008469
v  13.216868 58.469661 -0.008469
v  12.838787 58.592770 1.136538
v  12.838787 58.592770 1.136538
v  11.983256 59.011926 2.337127
v  11.983256 59.011926 2.337127
v  10.914586 59.915957 3.641526
v  10.914586 59.915957 3.641526
v  9.966899 61.568866 4.826285
v  9.966899 61.568866 4.826285
v  -35.255159 49.133160 -0.000000
v  -35.255159 49.133160 -0.000000
v  -35.255159 49.133160 -0.000000
v  -34.768745 49.458365 -1.412993
v  -34.768745 49.458365 -1.412993
v  -33.592526 50.244759 -1.999311
v  -33.592526 50.244759 -1.999311
v  -32.416308 51.031152 -1.412993
v  -32.416308 51.031152 -1.412993
v  -31.929894 51.356358 0.000000
v  -31.929894 51.356358 0.000000
v  -31.929894 51.356358 0.000000
v  -32.416308 51.031152 1.412993
v  -32.416308 51.031152 1.412993
v  -33.592526 50.244759 1.999311
v  -33.592526 50.244759 1.999311
v  -34.768745 49.458365 1.412993
v  -34.768745 49.458365 1.412993
v  -45.517669 41.642495 -0.000000
v  -45.517669 41.642495 -0.000000
v  -45.517669 41.642495 -0.000000
v  -45.108929 42.061170 -1.412993
v  -45.108929 42.061170 -1.412993
v  -44.120537 43.073586 -1.999311
v  -44.120537 43.073586 -1.999311
v  -43.132145 44.086002 -1.412993
v  -43.132145 44.086002 -1.412993
v  -42.723405 44.504677 0.000000
v  -42.723405 44.504677 0.000000
v  -42.723405 44.504677 0.000000
v  -43.132145 44.086002 1.412993
v  -43.132145 44.086002 1.412993
v  -44.120537 43.073586 1.999311
v  -44.120537 43.073586 1.999311
v  -45.108929 42.061170 1.412993
v  -45.108929 42.061170 1.412993
v  -54.812537 28.311507 -0.000000
v  -54.812537 28.311507 -0.000000
v  -54.812537 28.311507 -0.000000
v  -54.527308 28.822391 -1.412993
v  -54.527308 28.822391 -1.412993
v  -53.837584 30.057780 -1.999311
v  -53.837584 30.057780 -1.999311
v  -53.147861 31.293169 -1.412993
v  -53.147861 31.293169 -1.412993
v  -52.862632 31.804052 0.000000
v  -52.862632 31.804052 0.000000
v  -52.862632 31.804052 0.000000
v  -53.147861 31.293169 1.412993
v  -53.147861 31.293169 1.412993
v  -53.837584 30.057780 1.999311
v  -53.837584 30.057780 1.999311
v  -54.527308 28.822391 1.412993
v  -54.527308 28.822391 1.412993
v  31.946568 51.381297 -0.000000
v  31.946568 51.381297 -0.000000
v  31.946568 51.381297 -0.000000
v  32.432982 51.056092 -1.412993
v  32.432982 51.056092 -1.412993
v  33.609200 50.269698 -1.999311
v  33.609200 50.269698 -1.999311
v  34.785419 49.483305 -1.412993
v  34.785419 49.483305 -1.412993
v  35.271833 49.158099 0.000000
v  35.271833 49.158099 0.000000
v  35.271833 49.158099 0.000000
v  34.785419 49.483305 1.412993
v  34.785419 49.483305 1.412993
v  33.609200 50.269698 1.999311
v  33.609200 50.269698 1.999311
v  32.432982 51.056092 1.412993
v  32.432982 51.056092 1.412993
v  42.723405 44.504677 -0.000000
v  42.723405 44.504677 -0.000000
v  42.723405 44.504677 -0.000000
v  43.132145 44.086002 -1.412993
v  43.132145 44.086002 -1.412993
v  44.120537 43.073586 -1.999311
v  44.120537 43.073586 -1.999311
v  45.108929 42.061170 -1.412993
v  45.108929 42.061170 -1.412993
v  45.517669 41.642495 0.000000
v  45.517669 41.642495 0.000000
v  45.517669 41.642495 0.000000
v  45.108929 42.061170 1.412993
v  45.108929 42.061170 1.412993
v  44.120537 43.073586 1.999311
v  44.120537 43.073586 1.999311
v  43.132145 44.086002 1.412993
v  43.132145 44.086002 1.412993
v  52.862632 31.804052 -0.000000
v  52.862632 31.804052 -0.000000
v  52.862632 31.804052 -0.000000
v  53.147861 31.293169 -1.412993
v  53.147861 31.293169 -1.412993
v  53.837584 30.057780 -1.999311
v  53.837584 30.057780 -1.999311
v  54.527308 28.822391 -1.412993
v  54.527308 28.822391 -1.412993
v  54.812537 28.311507 0.000000
v  54.812537 28.311507 0.000000
v  54.812537 28.311507 0.000000
v  54.527308 28.822391 1.412993
v  54.527308 28.822391 1.412993
v  53.837584 30.057780 1.999311
v  53.837584 30.057780 1.999311
v  53.147861 31.293169 1.412993
v  53.147861 31.293169 1.412993
v  -19.112296 61.833793 -9.500000
v  -19.112296 61.833793 -9.500000
v  -19.112296 61.833793 -9.500000
v  -18.381740 60.289675 -9.500000
v  -18.381740 60.289675 -9.500000
v  -17.151735 59.099308 -9.500000
v  -17.151735 59.099308 -9.500000
v  -15.583462 58.419234 -9.500000
v  -15.583462 58.419234 -9.500000
v  -13.878317 58.335653 -9.500000
v  -13.878317 58.335653 -9.500000
v  -12.248919 58.859257 -9.500000
v  -12.248919 58.859257 -9.500000
v  -10.909166 59.922371 -9.500000
v  -10.909166 59.922371 -9.500000
v  -10.031820 61.386274 -9.500000
v  -10.031820 61.386274 -9.500000
v  -9.725629 63.069654 -9.500000
v  -9.725629 63.069654 -9.500000
v  -10.031820 64.753033 -9.500000
v  -10.031820 64.753033 -9.500000
v  -10.909166 66.216937 -9.500000
v  -10.909166 66.216937 -9.500000
v  -12.248919 67.280050 -9.500000
v  -12.248919 67.280050 -9.500000
v  -13.878317 67.803654 -9.500000
v  -13.878317 67.803654 -9.500000
v  -15.583462 67.720074 -9.500000
v  -15.583462 67.720074 -9.500000
v  -17.151735 67.039999 -9.500000
v  -17.151735 67.039999 -9.500000
v  -18.381740 65.849633 -9.500000
v  -18.381740 65.849633 -9.500000
v  -19.112296 64.305515 -9.500000
v  -19.112296 64.305515 -9.500000
v  -19.112296 64.305515 -9.500000
v  -18.170518 64.053166 -9.500000
v  -18.170518 64.053166 -9.500000
v  -18.170518 64.053166 -9.500000
v  -16.610829 66.228732 -9.500000
v  -16.610829 66.228732 -9.500000
v  -14.004000 66.837144 -9.500000
v  -14.004000 66.837144 -9.500000
v  -11.643466 65.574767 -9.500000
v  -11.643466 65.574767 -9.500000
v  -10.700000 63.069654 -9.500000
v  -10.700000 63.069654 -9.500000
v  -11.643466 60.564541 -9.500000
v  -11.643466 60.564541 -9.500000
v  -14.004000 59.302163 -9.500000
v  -14.004000 59.302163 -9.500000
v  -16.610829 59.910575 -9.500000
v  -16.610829 59.910575 -9.500000
v  -18.170518 62.086141 -9.500000
v  -18.170518 62.086141 -9.500000
v  -18.170518 62.086141 -9.500000
v  -19.112296 61.833793 9.500000
v  -19.112296 61.833793 9.500000
v  -19.112296 61.833793 9.500000
v  -18.170518 62.086141 9.500000
v  -18.170518 62.086141 9.500000
v  -18.170518 62.086141 9.500000
v  -16.610829 59.910575 9.500000
v  -16.610829 59.910575 9.500000
v  -14.004000 59.302163 9.500000
v  -14.004000 59.302163 9.500000
v  -11.643466 60.564541 9.500000
v  -11.643466 60.564541 9.500000
v  -10.700000 63.069654 9.500000
v  -10.700000 63.069654 9.500000
v  -11.643466 65.574767 9.500000
v  -11.643466 65.574767 9.500000
v  -14.004000 66.837144 9.500000
v  -14.004000 66.837144 9.500000
v  -16.610829 66.228732 9.500000
v  -16.610829 66.228732 9.500000
v  -18.170518 64.053166 9.500000
v  -18.170518 64.053166 9.500000
v  -18.170518 64.053166 9.500000
v  -19.112296 64.305515 9.500000
v  -19.112296 64.305515 9.500000
v  -19.112296 64.305515 9.500000
v  -18.381740 65.849633 9.500000
v  -18.381740 65.849633 9.500000
v  -17.151735 67.039999 9.500000
v  -17.151735 67.039999 9.500000
v  -15.583462 67.720074 9.500000
v  -15.583462 67.720074 9.500000
v  -13.878317 67.803654 9.500000
v  -13.878317 67.803654 9.500000
v  -12.248919 67.280050 9.500000
v  -12.248919 67.280050 9.500000
v  -10.909166 66.216937 9.500000
v  -10.909166 66.216937 9.500000
v  -10.031820 64.753033 9.500000
v  -10.031820 64.753033 9.500000
v  -9.725629 63.069654 9.500000
v  -9.725629 63.069654 9.500000
v  -10.031820 61.386274 9.500000
v  -10.031820 61.386274 9.500000
v  -10.909166 59.922371 9.500000
v  -10.909166 59.922371 9.500000
v  -12.248919 58.859257 9.500000
v  -12.248919 58.859257 9.500000
v  -13.878317 58.335653 9.500000
v  -13.878317 58.335653 9.500000
v  -15.583462 58.419234 9.500000
v  -15.583462 58.419234 9.500000
v  -17.151735 59.099308 9.500000
v  -17.151735 59.099308 9.500000
v  -18.381740 60.289675 9.500000
v  -18.381740 60.289675 9.500000
v  -14.500000 67.844654 3.800000
v  -14.500000 67.844654 3.800000
v  -14.500000 67.844654 3.800000
v  -12.112846 67.204873 3.800000
v  -12.112846 67.204873 3.800000
v  -10.364781 65.456808 3.800000
v  -10.364781 65.456808 3.800000
v  -9.725000 63.069654 3.800000
v  -9.725000 63.069654 3.800000
v  -9.725000 63.069654 3.800000
v  -10.154449 61.090561 3.243572
v  -10.154449 61.090561 3.243572
v  -11.116924 59.699873 1.757697
v  -11.116924 59.699873 1.757697
v  -11.608272 59.269846 -0.038254
v  -11.608272 59.269846 -0.038254
v  -11.124728 59.692056 -1.741274
v  -11.124728 59.692056 -1.741274
v  -10.163333 61.071169 -3.232068
v  -10.163333 61.071169 -3.232068
v  -9.725000 63.069654 -3.800000
v  -9.725000 63.069654 -3.800000
v  -9.725000 63.069654 -3.800000
v  -10.364781 65.456808 -3.800000
v  -10.364781 65.456808 -3.800000
v  -12.112846 67.204873 -3.800000
v  -12.112846 67.204873 -3.800000
v  -14.500000 67.844654 -3.800000
v  -14.500000 67.844654 -3.800000
v  -14.500000 67.844654 -3.800000
v  -15.729875 67.683549 -3.476559
v  -15.729875 67.683549 -3.476559
v  -16.671654 67.322246 -2.538514
v  -16.671654 67.322246 -2.538514
v  -17.000000 67.137900 -1.300000
v  -17.000000 67.137900 -1.300000
v  -17.000000 67.137900 -1.300000
v  -17.000000 67.137900 1.300000
v  -17.000000 67.137900 1.300000
v  -17.000000 67.137900 1.300000
v  -16.685974 67.314903 2.513061
v  -16.685974 67.314903 2.513061
v  -15.757157 67.676191 3.460916
v  -15.757157 67.676191 3.460916
v  -18.170518 64.053166 8.500000
v  -18.170518 64.053166 8.500000
v  -18.170518 64.053166 8.500000
v  -18.170518 64.053166 8.500000
v  -18.170518 64.053166 -8.500000
v  -18.170518 64.053166 -8.500000
v  -18.170518 64.053166 -8.500000
v  -18.170518 64.053166 -8.500000
v  -10.700000 63.069654 -8.500000
v  -10.700000 63.069654 -8.500000
v  -10.700000 63.069654 -8.500000
v  -10.943557 61.731104 -8.500000
v  -10.943557 61.731104 -8.500000
v  -11.643009 60.564140 -8.500000
v  -11.643009 60.564140 -8.500000
v  -12.708692 59.718353 -8.500000
v  -12.708692 59.718353 -8.500000
v  -14.004000 59.302163 -8.500000
v  -14.004000 59.302163 -8.500000
v  -15.362890 59.368921 -8.500000
v  -15.362890 59.368921 -8.500000
v  -16.611167 59.910069 -8.500000
v  -16.611167 59.910069 -8.500000
v  -17.588817 60.856239 -8.500000
v  -17.588817 60.856239 -8.500000
v  -18.170518 62.086141 -8.500000
v  -18.170518 62.086141 -8.500000
v  -18.170518 62.086141 -8.500000
v  -18.170518 62.086141 -8.500000
v  -17.588817 65.283069 -8.500000
v  -17.588817 65.283069 -8.500000
v  -16.611167 66.229238 -8.500000
v  -16.611167 66.229238 -8.500000
v  -15.362890 66.770386 -8.500000
v  -15.362890 66.770386 -8.500000
v  -14.004000 66.837144 -8.500000
v  -14.004000 66.837144 -8.500000
v  -12.708692 66.420955 -8.500000
v  -12.708692 66.420955 -8.500000
v  -11.643009 65.575168 -8.500000
v  -11.643009 65.575168 -8.500000
v  -10.943557 64.408204 -8.500000
v  -10.943557 64.408204 -8.500000
v  -10.700000 63.069654 8.500000
v  -10.700000 63.069654 8.500000
v  -10.700000 63.069654 8.500000
v  -10.943557 64.408204 8.500000
v  -10.943557 64.408204 8.500000
v  -11.643009 65.575168 8.500000
v  -11.643009 65.575168 8.500000
v  -12.708692 66.420955 8.500000
v  -12.708692 66.420955 8.500000
v  -14.004000 66.837144 8.500000
v  -14.004000 66.837144 8.500000
v  -15.362890 66.770386 8.500000
v  -15.362890 66.770386 8.500000
v  -16.611167 66.229238 8.500000
v  -16.611167 66.229238 8.500000
v  -17.588817 65.283069 8.500000
v  -17.588817 65.283069 8.500000
v  -18.170518 62.086141 8.500000
v  -18.170518 62.086141 8.500000
v  -18.170518 62.086141 8.500000
v  -18.170518 62.086141 8.500000
v  -17.588817 60.856239 8.500000
v  -17.588817 60.856239 8.500000
v  -16.611167 59.910069 8.500000
v  -16.611167 59.910069 8.500000
v  -15.362890 59.368921 8.500000
v  -15.362890 59.368921 8.500000
v  -14.004000 59.302163 8.500000
v  -14.004000 59.302163 8.500000
v  -12.708692 59.718353 8.500000
v  -12.708692 59.718353 8.500000
v  -11.643009 60.564140 8.500000
v  -11.643009 60.564140 8.500000
v  -10.943557 61.731104 8.500000
v  -10.943557 61.731104 8.500000
v  -14.500000 59.269654 -0.000000
v  -14.500000 59.269654 -0.000000
v  -12.428871 59.884039 -2.071680
v  -12.428871 59.884039 -2.071680
v  -11.132309 61.308848 -3.367427
v  -11.132309 61.308848 -3.367427
v  -10.700000 63.069654 -3.800000
v  -10.700000 63.069654 -3.800000
v  -10.700000 63.069654 -3.800000
v  -10.700000 63.069654 3.800000
v  -10.700000 63.069654 3.800000
v  -10.700000 63.069654 3.800000
v  -11.135704 61.302238 3.363962
v  -11.135704 61.302238 3.363962
v  -12.431334 59.882440 2.069219
v  -12.431334 59.882440 2.069219
v  -14.500000 66.869654 3.800000
v  -14.500000 66.869654 3.800000
v  -14.500000 66.869654 3.800000
v  -12.600290 66.360718 3.800000
v  -12.600290 66.360718 3.800000
v  -11.209282 64.969963 3.800000
v  -11.209282 64.969963 3.800000
v  -14.500000 66.869654 -3.800000
v  -14.500000 66.869654 -3.800000
v  -14.500000 66.869654 -3.800000
v  -11.209282 64.969963 -3.800000
v  -11.209282 64.969963 -3.800000
v  -12.600290 66.360718 -3.800000
v  -12.600290 66.360718 -3.800000
v  -17.000000 65.931471 1.300000
v  -17.000000 65.931471 1.300000
v  -17.000000 65.931471 1.300000
v  -16.689904 66.175184 2.505952
v  -16.689904 66.175184 2.505952
v  -15.738250 66.662249 3.471805
v  -15.738250 66.662249 3.471805
v  -15.746570 66.659370 -3.467040
v  -15.746570 66.659370 -3.467040
v  -16.693994 66.172296 -2.498495
v  -16.693994 66.172296 -2.498495
v  -17.000000 65.931471 -1.300000
v  -17.000000 65.931471 -1.300000
v  -17.000000 65.931471 -1.300000
v  19.169114 64.069654 -9.500000
v  19.169114 64.069654 -9.500000
v  19.169114 64.069654 -9.500000
v  17.607265 66.694610 -9.500000
v  17.607265 66.694610 -9.500000
v  14.772386 67.836791 -9.500000
v  14.772386 67.836791 -9.500000
v  11.828991 67.027192 -9.500000
v  11.828991 67.027192 -9.500000
v  9.975708 64.595712 -9.500000
v  9.975708 64.595712 -9.500000
v  9.975708 61.543596 -9.500000
v  9.975708 61.543596 -9.500000
v  11.828991 59.112116 -9.500000
v  11.828991 59.112116 -9.500000
v  14.772386 58.302516 -9.500000
v  14.772386 58.302516 -9.500000
v  17.607265 59.444697 -9.500000
v  17.607265 59.444697 -9.500000
v  19.169114 62.069654 -9.500000
v  19.169114 62.069654 -9.500000
v  19.169114 62.069654 -9.500000
v  18.166061 62.069654 -9.500000
v  18.166061 62.069654 -9.500000
v  18.166061 62.069654 -9.500000
v  16.600170 59.903474 -9.500000
v  16.600170 59.903474 -9.500000
v  13.995535 59.303287 -9.500000
v  13.995535 59.303287 -9.500000
v  11.640650 60.567750 -9.500000
v  11.640650 60.567750 -9.500000
v  10.700000 63.069654 -9.500000
v  10.700000 63.069654 -9.500000
v  11.640650 65.571558 -9.500000
v  11.640650 65.571558 -9.500000
v  13.995535 66.836020 -9.500000
v  13.995535 66.836020 -9.500000
v  16.600170 66.235833 -9.500000
v  16.600170 66.235833 -9.500000
v  18.166061 64.069654 -9.500000
v  18.166061 64.069654 -9.500000
v  18.166061 64.069654 -9.500000
v  19.169114 64.069654 9.500000
v  19.169114 64.069654 9.500000
v  19.169114 64.069654 9.500000
v  18.166061 64.069654 9.500000
v  18.166061 64.069654 9.500000
v  18.166061 64.069654 9.500000
v  16.600170 66.235833 9.500000
v  16.600170 66.235833 9.500000
v  13.995535 66.836020 9.500000
v  13.995535 66.836020 9.500000
v  11.640650 65.571558 9.500000
v  11.640650 65.571558 9.500000
v  10.700000 63.069654 9.500000
v  10.700000 63.069654 9.500000
v  11.640650 60.567750 9.500000
v  11.640650 60.567750 9.500000
v  13.995535 59.303287 9.500000
v  13.995535 59.303287 9.500000
v  16.600170 59.903474 9.500000
v  16.600170 59.903474 9.500000
v  18.166061 62.069654 9.500000
v  18.166061 62.069654 9.500000
v  18.166061 62.069654 9.500000
v  19.169114 62.069654 9.500000
v  19.169114 62.069654 9.500000
v  19.169114 62.069654 9.500000
v  17.607265 59.444697 9.500000
v  17.607265 59.444697 9.500000
v  14.772386 58.302516 9.500000
v  14.772386 58.302516 9.500000
v  11.828991 59.112116 9.500000
v  11.828991 59.112116 9.500000
v  9.975708 61.543596 9.500000
v  9.975708 61.543596 9.500000
v  9.975708 64.595712 9.500000
v  9.975708 64.595712 9.500000
v  11.828991 67.027192 9.500000
v  11.828991 67.027192 9.500000
v  14.772386 67.836791 9.500000
v  14.772386 67.836791 9.500000
v  17.607265 66.694610 9.500000
v  17.607265 66.694610 9.500000
v  35.000000 62.069654 4.387482
v  35.000000 62.069654 4.387482
v  35.000000 62.069654 4.387482
v  35.000000 62.069654 4.387482
v  20.144159 62.069654 4.387482
v  20.144159 62.069654 4.387482
v  20.144159 62.069654 4.387482
v  19.448123 62.069654 4.673389
v  19.448123 62.069654 4.673389
v  19.448123 62.069654 4.673389
v  19.169114 62.069654 5.365357
v  19.169114 62.069654 5.365357
v  19.169114 62.069654 5.365357
v  18.166061 62.069654 3.666061
v  18.166061 62.069654 3.666061
v  18.166061 62.069654 3.666061
v  37.900000 62.069654 3.666061
v  37.900000 62.069654 3.666061
v  37.900000 62.069654 3.666061
v  37.900000 62.069654 3.821322
v  37.900000 62.069654 3.821322
v  37.900000 62.069654 3.821322
v  37.900000 62.069654 3.821322
v  37.900000 62.069654 4.027716
v  37.900000 62.069654 4.027716
v  37.900000 62.069654 4.027716
v  37.796665 62.069654 4.283119
v  37.796665 62.069654 4.283119
v  37.550000 62.069654 4.387482
v  37.550000 62.069654 4.387482
v  37.550000 62.069654 4.387482
v  37.900000 62.069654 -3.821322
v  37.900000 62.069654 -3.821322
v  37.900000 62.069654 -3.821322
v  37.900000 62.069654 -3.821322
v  37.900000 62.069654 -3.666061
v  37.900000 62.069654 -3.666061
v  37.900000 62.069654 -3.666061
v  18.166061 62.069654 -3.666061
v  18.166061 62.069654 -3.666061
v  18.166061 62.069654 -3.666061
v  19.169114 62.069654 -5.365368
v  19.169114 62.069654 -5.365368
v  19.169114 62.069654 -5.365368
v  19.448128 62.069654 -4.673398
v  19.448128 62.069654 -4.673398
v  19.448128 62.069654 -4.673398
v  20.144174 62.069654 -4.387482
v  20.144174 62.069654 -4.387482
v  20.144174 62.069654 -4.387482
v  35.000000 62.069654 -4.387482
v  35.000000 62.069654 -4.387482
v  35.000000 62.069654 -4.387482
v  35.000000 62.069654 -4.387482
v  37.550000 62.069654 -4.387482
v  37.550000 62.069654 -4.387482
v  37.550000 62.069654 -4.387482
v  37.796665 62.069654 -4.283119
v  37.796665 62.069654 -4.283119
v  37.900000 62.069654 -4.027716
v  37.900000 62.069654 -4.027716
v  37.900000 62.069654 -4.027716
v  18.166061 64.069654 -3.666061
v  18.166061 64.069654 -3.666061
v  18.166061 64.069654 -3.666061
v  17.487251 60.720966 -2.987251
v  17.487251 60.720966 -2.987251
v  16.237932 59.690365 -1.737932
v  16.237932 59.690365 -1.737932
v  14.500000 59.269654 0.000000
v  14.500000 59.269654 0.000000
v  16.241429 59.692166 1.741429
v  16.241429 59.692166 1.741429
v  17.486156 60.719575 2.986156
v  17.486156 60.719575 2.986156
v  18.166061 64.069654 3.666061
v  18.166061 64.069654 3.666061
v  18.166061 64.069654 3.666061
v  17.486921 65.418761 2.986921
v  17.486921 65.418761 2.986921
v  16.237039 66.449402 1.737039
v  16.237039 66.449402 1.737039
v  14.500000 66.869654 0.000000
v  14.500000 66.869654 0.000000
v  16.240633 66.447552 -1.740633
v  16.240633 66.447552 -1.740633
v  17.485829 65.420148 -2.985829
v  17.485829 65.420148 -2.985829
v  10.700000 63.069654 -3.175000
v  10.700000 63.069654 -3.175000
v  10.700000 63.069654 -3.175000
v  11.107747 64.782142 -2.673125
v  11.107747 64.782142 -2.673125
v  11.966933 65.902245 -1.434243
v  11.966933 65.902245 -1.434243
v  12.410710 66.243747 -0.070820
v  12.410710 66.243747 -0.070820
v  12.028171 65.955838 1.323089
v  12.028171 65.955838 1.323089
v  11.150038 64.863464 2.618678
v  11.150038 64.863464 2.618678
v  10.700000 63.069654 3.175000
v  10.700000 63.069654 3.175000
v  10.700000 63.069654 3.175000
v  11.107756 61.357147 2.673094
v  11.107756 61.357147 2.673094
v  11.967430 60.236619 1.433366
v  11.967430 60.236619 1.433366
v  12.410711 59.895560 0.070916
v  12.410711 59.895560 0.070916
v  12.028755 60.182969 -1.321998
v  12.028755 60.182969 -1.321998
v  11.150961 61.274121 -2.617547
v  11.150961 61.274121 -2.617547
v  35.000000 64.069654 4.387482
v  35.000000 64.069654 4.387482
v  35.000000 64.069654 4.387482
v  35.000000 64.069654 4.387482
v  37.550000 64.069654 4.387482
v  37.550000 64.069654 4.387482
v  37.550000 64.069654 4.387482
v  37.796665 64.069654 4.283119
v  37.796665 64.069654 4.283119
v  37.900000 64.069654 4.027716
v  37.900000 64.069654 4.027716
v  37.900000 64.069654 4.027716
v  37.900000 64.069654 3.821322
v  37.900000 64.069654 3.821322
v  37.900000 64.069654 3.821322
v  37.900000 64.069654 3.821322
v  37.900000 64.069654 3.666061
v  37.900000 64.069654 3.666061
v  37.900000 64.069654 3.666061
v  19.169114 64.069654 5.365368
v  19.169114 64.069654 5.365368
v  19.169114 64.069654 5.365368
v  19.454058 64.069654 4.667449
v  19.454058 64.069654 4.667449
v  19.454058 64.069654 4.667449
v  20.144171 64.069654 4.387482
v  20.144171 64.069654 4.387482
v  20.144171 64.069654 4.387482
v  37.900000 64.069654 -3.821322
v  37.900000 64.069654 -3.821322
v  37.900000 64.069654 -3.821322
v  37.900000 64.069654 -3.821322
v  37.900000 64.069654 -4.027716
v  37.900000 64.069654 -4.027716
v  37.900000 64.069654 -4.027716
v  37.795702 64.069654 -4.284098
v  37.795702 64.069654 -4.284098
v  37.550000 64.069654 -4.387482
v  37.550000 64.069654 -4.387482
v  37.550000 64.069654 -4.387482
v  35.000000 64.069654 -4.387482
v  35.000000 64.069654 -4.387482
v  35.000000 64.069654 -4.387482
v  35.000000 64.069654 -4.387482
v  20.144169 64.069654 -4.387482
v  20.144169 64.069654 -4.387482
v  20.144169 64.069654 -4.387482
v  19.454055 64.069654 -4.667448
v  19.454055 64.069654 -4.667448
v  19.454055 64.069654 -4.667448
v  19.169114 64.069654 -5.365363
v  19.169114 64.069654 -5.365363
v  19.169114 64.069654 -5.365363
v  37.900000 64.069654 -3.666061
v  37.900000 64.069654 -3.666061
v  37.900000 64.069654 -3.666061
v  37.900000 67.019654 0.000000
v  37.900000 67.019654 0.000000
v  37.900000 67.019654 0.000000
v  37.900000 66.807503 -1.276628
v  37.900000 66.807503 -1.276628
v  37.900000 66.196236 -2.413914
v  37.900000 66.196236 -2.413914
v  37.900000 65.250358 -3.293243
v  37.900000 65.250358 -3.293243
v  37.900000 66.088426 -2.307455
v  37.900000 66.088426 -2.307455
v  37.900000 66.869029 -0.000000
v  37.900000 66.869029 -0.000000
v  37.900000 66.088426 2.307455
v  37.900000 66.088426 2.307455
v  37.900000 65.250358 3.293243
v  37.900000 65.250358 3.293243
v  37.900000 66.196236 2.413914
v  37.900000 66.196236 2.413914
v  37.900000 66.807503 1.276628
v  37.900000 66.807503 1.276628
v  37.900000 60.050881 2.307455
v  37.900000 60.050881 2.307455
v  37.900000 59.270278 -0.000000
v  37.900000 59.270278 -0.000000
v  37.900000 60.050881 -2.307455
v  37.900000 60.050881 -2.307455
v  37.900000 60.888949 -3.293243
v  37.900000 60.888949 -3.293243
v  37.900000 59.943071 -2.413914
v  37.900000 59.943071 -2.413914
v  37.900000 59.331805 -1.276628
v  37.900000 59.331805 -1.276628
v  37.900000 59.119654 -0.000000
v  37.900000 59.119654 -0.000000
v  37.900000 59.119654 -0.000000
v  37.900000 59.331805 1.276628
v  37.900000 59.331805 1.276628
v  37.900000 59.943071 2.413914
v  37.900000 59.943071 2.413914
v  37.900000 60.888949 3.293243
v  37.900000 60.888949 3.293243
v  35.000000 59.551483 2.805453
v  35.000000 59.551483 2.805453
v  35.000000 58.570032 -0.000000
v  35.000000 58.570032 -0.000000
v  35.000000 59.551483 -2.805453
v  35.000000 59.551483 -2.805453
v  19.492606 60.694748 -3.822280
v  19.492606 60.694748 -3.822280
v  18.891062 60.000799 -3.291221
v  18.891062 60.000799 -3.291221
v  18.175303 59.425367 -2.639919
v  18.175303 59.425367 -2.639919
v  17.468080 59.016255 -1.954471
v  17.468080 59.016255 -1.954471
v  16.865663 58.759439 -1.293077
v  16.865663 58.759439 -1.293077
v  16.264109 58.570264 -0.074081
v  16.264109 58.570264 -0.074081
v  16.711663 58.705057 1.095581
v  16.711663 58.705057 1.095581
v  17.242263 58.911186 1.719636
v  17.242263 58.911186 1.719636
v  17.915573 59.259925 2.394987
v  17.915573 59.259925 2.394987
v  18.659718 59.791807 3.083135
v  18.659718 59.791807 3.083135
v  19.353702 60.509559 3.700799
v  19.353702 60.509559 3.700799
v  19.853528 61.297638 4.136419
v  19.853528 61.297638 4.136419
v  35.000000 66.587825 -2.805453
v  35.000000 66.587825 -2.805453
v  35.000000 67.569276 0.000000
v  35.000000 67.569276 0.000000
v  35.000000 66.587825 2.805453
v  35.000000 66.587825 2.805453
v  19.579218 65.317942 3.898102
v  19.579218 65.317942 3.898102
v  18.468182 66.502768 2.909249
v  18.468182 66.502768 2.909249
v  17.694843 67.005551 2.181448
v  17.694843 67.005551 2.181448
v  17.694843 67.005551 2.181448
v  17.221387 67.236987 1.698039
v  17.221387 67.236987 1.698039
v  16.394719 67.533348 0.570471
v  16.394719 67.533348 0.570471
v  16.367712 67.541006 -0.506964
v  16.367712 67.541006 -0.506964
v  17.171997 67.258314 -1.644726
v  17.171997 67.258314 -1.644726
v  17.690388 67.008091 -2.176858
v  17.690388 67.008091 -2.176858
v  17.690388 67.008091 -2.176858
v  18.423365 66.537110 -2.868231
v  18.423365 66.537110 -2.868231
v  19.570770 65.330673 -3.890732
v  19.570770 65.330673 -3.890732
v  18.883179 61.175356 5.000440
v  18.883179 61.175356 5.000440
v  18.367594 60.269236 4.333045
v  18.367594 60.269236 4.333045
v  17.677946 59.505767 3.416218
v  17.677946 59.505767 3.416218
v  17.155594 59.101223 2.686288
v  17.155594 59.101223 2.686288
v  17.155594 59.101223 2.686288
v  16.997330 58.999768 2.454101
v  16.997330 58.999768 2.454101
v  16.441050 58.706977 1.552732
v  16.441050 58.706977 1.552732
v  16.073344 58.561305 0.723624
v  16.073344 58.561305 0.723624
v  16.145918 58.587291 -0.930446
v  16.145918 58.587291 -0.930446
v  16.587746 58.775246 -1.809802
v  16.587746 58.775246 -1.809802
v  17.160692 59.104639 -2.693389
v  17.160692 59.104639 -2.693389
v  17.160692 59.104639 -2.693389
v  17.202734 59.133176 -2.753992
v  17.202734 59.133176 -2.753992
v  17.887085 59.703902 -3.698534
v  17.887085 59.703902 -3.698534
v  18.507050 60.472698 -4.514503
v  18.507050 60.472698 -4.514503
v  18.929480 61.286305 -5.059738
v  18.929480 61.286305 -5.059738
v  18.471500 65.720656 -4.468301
v  18.471500 65.720656 -4.468301
v  17.826052 66.495730 -3.616584
v  17.826052 66.495730 -3.616584
v  17.132637 67.053352 -2.652859
v  17.132637 67.053352 -2.652859
v  16.103738 67.567281 -0.814689
v  16.103738 67.567281 -0.814689
v  16.130497 67.557649 0.889071
v  16.130497 67.557649 0.889071
v  17.176564 67.023971 2.716351
v  17.176564 67.023971 2.716351
v  17.861301 66.461155 3.663974
v  17.861301 66.461155 3.663974
v  18.484974 65.700358 4.485925
v  18.484974 65.700358 4.485925
v  9.725000 63.069654 3.175000
v  9.725000 63.069654 3.175000
v  9.725000 63.069654 3.175000
v  10.093473 64.908986 2.587666
v  10.093473 64.908986 2.587666
v  10.787770 66.072981 1.029809
v  10.787770 66.072981 1.029809
v  10.931478 66.242394 0.071718
v  10.931478 66.242394 0.071718
v  10.804912 66.094046 -0.962230
v  10.804912 66.094046 -0.962230
v  10.470982 65.632394 -1.874532
v  10.470982 65.632394 -1.874532
v  10.090022 64.900698 -2.593488
v  10.090022 64.900698 -2.593488
v  9.725000 63.069654 -3.175000
v  9.725000 63.069654 -3.175000
v  9.725000 63.069654 -3.175000
v  10.093008 61.231435 -2.588470
v  10.093008 61.231435 -2.588470
v  10.786961 60.067327 -1.032669
v  10.786961 60.067327 -1.032669
v  10.804233 60.046091 0.964751
v  10.804233 60.046091 0.964751
v  10.089593 61.239644 2.594239
v  10.089593 61.239644 2.594239
v  19.061360 65.263605 4.106122
v  18.449605 66.246456 3.248558
v  19.061273 65.263787 -4.106001
v  18.449366 66.246754 -3.248222
v  18.914056 60.872302 4.251955
v  18.110495 59.877852 3.574035
v  18.913995 60.872207 -4.251913
v  18.110211 59.877572 -3.573788
v  39.500000 67.219654 0.000000
v  39.500000 67.219654 0.000000
v  39.500000 67.219654 0.000000
v  39.500000 66.427774 -2.437898
v  39.500000 66.427774 -2.437898
v  39.500000 64.352632 -3.946080
v  39.500000 64.352632 -3.946080
v  39.500000 61.786675 -3.946080
v  39.500000 61.786675 -3.946080
v  39.500000 59.711533 -2.437898
v  39.500000 59.711533 -2.437898
v  39.500000 58.919654 0.000000
v  39.500000 58.919654 0.000000
v  39.500000 58.919654 0.000000
v  39.500000 59.711533 2.437898
v  39.500000 59.711533 2.437898
v  39.500000 61.786675 3.946080
v  39.500000 61.786675 3.946080
v  39.500000 64.352632 3.946080
v  39.500000 64.352632 3.946080
v  39.500000 66.427774 2.437898
v  39.500000 66.427774 2.437898
v  39.500000 67.019654 0.000000
v  39.500000 67.019654 0.000000
v  39.500000 67.019654 0.000000
v  39.500000 66.265937 2.320409
v  39.500000 66.265937 2.320409
v  39.500000 64.290802 3.755908
v  39.500000 64.290802 3.755908
v  39.500000 61.848505 3.755908
v  39.500000 61.848505 3.755908
v  39.500000 59.873370 2.320409
v  39.500000 59.873370 2.320409
v  39.500000 59.119654 0.000000
v  39.500000 59.119654 0.000000
v  39.500000 59.119654 0.000000
v  39.500000 59.873370 -2.320409
v  39.500000 59.873370 -2.320409
v  39.500000 61.848505 -3.755908
v  39.500000 61.848505 -3.755908
v  39.500000 64.290802 -3.755908
v  39.500000 64.290802 -3.755908
v  39.500000 66.265937 -2.320409
v  39.500000 66.265937 -2.320409
v  38.928858 57.540796 -0.000000
v  38.928858 57.540796 -0.000000
v  38.928858 57.540796 -0.000000
v  38.928858 57.540796 -0.000000
v  38.928858 58.281522 2.764429
v  38.928858 60.305225 4.788132
v  38.928858 63.069654 5.528858
v  38.928858 65.834083 4.788132
v  38.928858 67.857785 2.764429
v  38.928858 68.598512 0.000000
v  38.928858 68.598512 0.000000
v  38.928858 68.598512 0.000000
v  38.928858 68.598512 0.000000
v  37.550000 69.169654 0.000000
v  37.550000 69.169654 0.000000
v  37.550000 69.169654 0.000000
v  37.550000 69.169654 0.000000
v  37.550000 56.969654 0.000000
v  37.550000 56.969654 0.000000
v  37.550000 56.969654 0.000000
v  37.550000 56.969654 0.000000
v  37.550000 58.134650 3.585490
v  37.550000 58.134650 3.585490
v  37.550000 61.184650 5.801445
v  37.550000 61.184650 5.801445
v  37.550000 64.954657 5.801445
v  37.550000 64.954657 5.801445
v  37.550000 68.004657 3.585490
v  37.550000 68.004657 3.585490
v  35.000000 56.969654 0.000000
v  35.000000 56.969654 0.000000
v  35.000000 56.969654 0.000000
v  35.000000 58.134630 3.584415
v  35.000000 58.134630 3.584415
v  35.000000 61.186405 5.801728
v  35.000000 61.186405 5.801728
v  35.000000 64.952902 5.801728
v  35.000000 64.952902 5.801728
v  35.000000 68.004678 3.584415
v  35.000000 68.004678 3.584415
v  35.000000 69.169654 0.000000
v  35.000000 69.169654 0.000000
v  35.000000 69.169654 0.000000
v  35.000000 58.134630 -3.584415
v  35.000000 58.134630 -3.584415
v  35.000000 61.186405 -5.801728
v  35.000000 61.186405 -5.801728
v  35.000000 64.952902 -5.801728
v  35.000000 64.952902 -5.801728
v  35.000000 68.004678 -3.584415
v  35.000000 68.004678 -3.584415
v  35.000000 63.069654 -4.500000
v  35.000000 63.069654 -4.500000
v  35.000000 63.069654 4.500000
v  35.000000 63.069654 4.500000
v  37.550000 63.069654 4.500000
v  37.550000 63.069654 4.500000
v  37.900000 63.069654 4.150000
v  37.900000 63.069654 4.150000
v  37.900000 63.069654 3.950000
v  37.900000 63.069654 3.950000
v  37.900000 63.069654 -4.150000
v  37.900000 63.069654 -4.150000
v  37.900000 63.069654 -3.950000
v  37.900000 63.069654 -3.950000
v  38.928858 67.857785 -2.764429
v  38.928858 65.834083 -4.788132
v  38.928858 63.069654 -5.528858
v  38.928858 60.305225 -4.788132
v  38.928858 58.281522 -2.764429
v  37.550000 68.004657 -3.585490
v  37.550000 68.004657 -3.585490
v  37.550000 64.954657 -5.801445
v  37.550000 64.954657 -5.801445
v  37.550000 61.184650 -5.801445
v  37.550000 61.184650 -5.801445
v  37.550000 58.134650 -3.585490
v  37.550000 58.134650 -3.585490
v  37.550000 63.069654 -4.500000
v  37.550000 63.069654 -4.500000
v  -17.300000 63.069654 -9.500000
v  -17.300000 63.069654 -9.500000
v  -17.300000 63.069654 -9.500000
v  -17.087056 61.999537 -9.500000
v  -17.087056 61.999537 -9.500000
v  -16.479451 61.090203 -9.500000
v  -16.479451 61.090203 -9.500000
v  -15.570116 60.482598 -9.500000
v  -15.570116 60.482598 -9.500000
v  -14.500000 60.269654 -9.500000
v  -14.500000 60.269654 -9.500000
v  -13.429884 60.482598 -9.500000
v  -13.429884 60.482598 -9.500000
v  -12.520549 61.090203 -9.500000
v  -12.520549 61.090203 -9.500000
v  -11.912944 61.999537 -9.500000
v  -11.912944 61.999537 -9.500000
v  -11.700000 63.069654 -9.500000
v  -11.700000 63.069654 -9.500000
v  -11.700000 63.069654 -9.500000
v  -11.912944 64.139770 -9.500000
v  -11.912944 64.139770 -9.500000
v  -12.520549 65.049104 -9.500000
v  -12.520549 65.049104 -9.500000
v  -13.429884 65.656710 -9.500000
v  -13.429884 65.656710 -9.500000
v  -14.500000 65.869654 -9.500000
v  -14.500000 65.869654 -9.500000
v  -15.570116 65.656710 -9.500000
v  -15.570116 65.656710 -9.500000
v  -16.479451 65.049104 -9.500000
v  -16.479451 65.049104 -9.500000
v  -17.087056 64.139770 -9.500000
v  -17.087056 64.139770 -9.500000
v  -18.300000 63.069654 -8.500000
v  -18.300000 63.069654 -8.500000
v  -18.300000 63.069654 -8.500000
v  -18.267490 63.565653 -8.500000
v  -18.267490 63.565653 -8.500000
v  -18.300000 63.069654 8.500000
v  -18.300000 63.069654 8.500000
v  -18.300000 63.069654 8.500000
v  -18.267490 62.573654 8.500000
v  -18.267490 62.573654 8.500000
v  -18.267490 62.573654 -8.500000
v  -18.267490 62.573654 -8.500000
v  -18.267490 63.565653 8.500000
v  -18.267490 63.565653 8.500000
v  -10.700000 63.069654 -3.575000
v  -10.700000 63.069654 -3.575000
v  -10.700000 63.069654 -3.575000
v  -10.793612 63.907920 -3.452759
v  -10.793612 63.907920 -3.452759
v  -11.158307 64.878822 -2.963372
v  -11.158307 64.878822 -2.963372
v  -11.468714 65.361226 -2.523353
v  -11.468714 65.361226 -2.523353
v  -11.861496 65.804301 -1.908947
v  -11.861496 65.804301 -1.908947
v  -12.108237 66.022529 -1.458185
v  -12.108237 66.022529 -1.458185
v  -12.108237 66.022529 -1.458185
v  -12.267341 66.144590 -1.110198
v  -12.267341 66.144590 -1.110198
v  -12.493761 66.296882 -0.232526
v  -12.493761 66.296882 -0.232526
v  -12.419741 66.249673 0.654840
v  -12.419741 66.249673 0.654840
v  -12.110047 66.023994 1.454810
v  -12.110047 66.023994 1.454810
v  -12.110047 66.023994 1.454810
v  -12.064020 65.986158 1.544700
v  -12.064020 65.986158 1.544700
v  -11.618351 65.546769 2.299412
v  -11.618351 65.546769 2.299412
v  -11.247800 65.035155 2.839103
v  -11.247800 65.035155 2.839103
v  -10.813148 63.990046 3.427098
v  -10.813148 63.990046 3.427098
v  -10.700000 63.069654 3.575000
v  -10.700000 63.069654 3.575000
v  -10.700000 63.069654 3.575000
v  -10.814014 62.145798 3.424894
v  -10.814014 62.145798 3.424894
v  -11.160351 61.256716 2.959581
v  -11.160351 61.256716 2.959581
v  -11.634765 60.573572 2.273771
v  -11.634765 60.573572 2.273771
v  -12.078628 60.141010 1.518387
v  -12.078628 60.141010 1.518387
v  -12.119864 60.107399 1.436599
v  -12.119864 60.107399 1.436599
v  -12.119864 60.107399 1.436599
v  -12.505309 59.835275 0.027546
v  -12.505309 59.835275 0.027546
v  -12.113901 60.112200 -1.448224
v  -12.113901 60.112200 -1.448224
v  -12.113901 60.112200 -1.448224
v  -12.088547 60.132836 -1.498620
v  -12.088547 60.132836 -1.498620
v  -11.636816 60.571219 -2.270552
v  -11.636816 60.571219 -2.270552
v  -11.158620 61.259907 -2.961830
v  -11.158620 61.259907 -2.961830
v  -10.812293 62.152692 -3.427198
v  -10.812293 62.152692 -3.427198
v  -11.700000 63.069654 9.500000
v  -11.700000 63.069654 9.500000
v  -11.700000 63.069654 9.500000
v  -11.912944 64.139770 9.500000
v  -11.912944 64.139770 9.500000
v  -12.520549 65.049104 9.500000
v  -12.520549 65.049104 9.500000
v  -13.429884 65.656710 9.500000
v  -13.429884 65.656710 9.500000
v  -14.500000 65.869654 9.500000
v  -14.500000 65.869654 9.500000
v  -15.570116 65.656710 9.500000
v  -15.570116 65.656710 9.500000
v  -16.479451 65.049104 9.500000
v  -16.479451 65.049104 9.500000
v  -17.087056 64.139770 9.500000
v  -17.087056 64.139770 9.500000
v  -17.300000 63.069654 9.500000
v  -17.300000 63.069654 9.500000
v  -17.300000 63.069654 9.500000
v  -11.912944 61.999537 9.500000
v  -11.912944 61.999537 9.500000
v  -12.520549 61.090203 9.500000
v  -12.520549 61.090203 9.500000
v  -13.429884 60.482598 9.500000
v  -13.429884 60.482598 9.500000
v  -14.500000 60.269654 9.500000
v  -14.500000 60.269654 9.500000
v  -15.570116 60.482598 9.500000
v  -15.570116 60.482598 9.500000
v  -16.479451 61.090203 9.500000
v  -16.479451 61.090203 9.500000
v  -17.087056 61.999537 9.500000
v  -17.087056 61.999537 9.500000
v  61.700000 65.860026 -1.514743
v  61.700000 65.860026 -1.514743
v  61.700000 65.860026 -1.514743
v  61.700000 64.379567 -2.891806
v  61.700000 64.379567 -2.891806
v  61.700000 62.365194 -3.095496
v  61.700000 62.365194 -3.095496
v  61.700000 60.638052 -2.041553
v  61.700000 60.638052 -2.041553
v  61.700000 60.638052 -2.041553
v  61.700000 60.076912 0.043501
v  61.700000 60.076912 0.043501
v  61.700000 60.973701 1.876003
v  61.700000 60.973701 1.876003
v  61.700000 62.806174 2.611743
v  61.700000 62.806174 2.611743
v  61.700000 62.806174 2.611743
v  61.700000 64.731827 2.266776
v  61.700000 64.731827 2.266776
v  61.700000 65.995200 0.636916
v  61.700000 65.995200 0.636916
v  -10.300000 63.069654 -3.175000
v  -10.300000 63.069654 -3.175000
v  -10.300000 63.069654 -3.175000
v  -10.300000 63.069654 -3.175000
v  -10.300000 63.069654 3.175000
v  -10.300000 63.069654 3.175000
v  -10.300000 63.069654 3.175000
v  -10.300000 63.069654 3.175000
v  -10.396120 63.863413 3.074178
v  -10.396120 63.863413 3.074178
v  -10.761783 64.769983 2.681325
v  -10.761783 64.769983 2.681325
v  -11.072648 65.225553 2.330820
v  -11.072648 65.225553 2.330820
v  -11.474951 65.657222 1.839868
v  -11.474951 65.657222 1.839868
v  -11.915195 66.009125 1.200056
v  -11.915195 66.009125 1.200056
v  -12.226407 66.206083 0.493393
v  -12.226407 66.206083 0.493393
v  -12.282503 66.237941 -0.206349
v  -12.282503 66.237941 -0.206349
v  -12.072710 66.114078 -0.901170
v  -12.072710 66.114078 -0.901170
v  -11.689227 65.840530 -1.550120
v  -11.689227 65.840530 -1.550120
v  -11.285374 65.470119 -2.078074
v  -11.285374 65.470119 -2.078074
v  -10.685477 64.630593 -2.764795
v  -10.685477 64.630593 -2.764795
v  -10.379476 63.792174 -3.091697
v  -10.379476 63.792174 -3.091697
v  59.702820 63.069654 -3.175000
v  59.702820 63.069654 -3.175000
v  59.702820 63.069654 -3.175000
v  59.987735 63.069654 -3.175000
v  59.987735 63.069654 -3.175000
v  59.987735 63.069654 -3.175000
v  60.034386 64.064200 -3.015212
v  60.034386 64.064200 -3.015212
v  60.081147 64.960566 -2.550505
v  60.081147 64.960566 -2.550505
v  60.172566 66.094782 -0.963964
v  60.172566 66.094782 -0.963964
v  60.264274 66.085624 0.992245
v  60.264274 66.085624 0.992245
v  60.355920 64.932634 2.570978
v  60.355920 64.932634 2.570978
v  60.447735 63.069654 3.175000
v  60.447735 63.069654 3.175000
v  60.447735 63.069654 3.175000
v  60.162820 63.069654 3.175000
v  60.162820 63.069654 3.175000
v  60.162820 63.069654 3.175000
v  60.070548 64.940631 2.565164
v  60.070548 64.940631 2.565164
v  59.978251 66.093044 0.969401
v  59.978251 66.093044 0.969401
v  59.886800 66.089129 -0.981526
v  59.886800 66.089129 -0.981526
v  59.794571 64.931507 -2.571795
v  59.794571 64.931507 -2.571795
v  59.167820 64.625754 2.767522
v  59.167820 64.625754 2.767522
v  59.167820 64.625754 2.767522
v  59.120281 65.427289 2.126542
v  59.120281 65.427289 2.126542
v  59.072664 65.983150 1.261810
v  59.072664 65.983150 1.261810
v  59.024373 66.234777 0.250241
v  59.024373 66.234777 0.250241
v  58.976650 66.148271 -0.776365
v  58.976650 66.148271 -0.776365
v  58.929476 65.744042 -1.711220
v  58.929476 65.744042 -1.711220
v  58.880928 65.041362 -2.488572
v  58.880928 65.041362 -2.488572
v  58.831132 64.098327 -3.003741
v  58.831132 64.098327 -3.003741
v  58.782821 63.069654 -3.175000
v  58.782821 63.069654 -3.175000
v  58.782821 63.069654 -3.175000
v  59.067734 63.069654 -3.175000
v  59.067734 63.069654 -3.175000
v  59.067734 63.069654 -3.175000
v  59.159486 64.931507 -2.571795
v  59.159486 64.931507 -2.571795
v  59.251715 66.089129 -0.981526
v  59.251715 66.089129 -0.981526
v  59.343166 66.093044 0.969401
v  59.343166 66.093044 0.969401
v  59.435463 64.940631 2.565164
v  59.435463 64.940631 2.565164
v  59.527734 63.069654 3.175000
v  59.527734 63.069654 3.175000
v  59.527734 63.069654 3.175000
v  59.242820 63.069654 3.175000
v  59.242820 63.069654 3.175000
v  59.242820 63.069654 3.175000
v  59.205313 63.874090 3.071402
v  59.205313 63.874090 3.071402
v  60.622820 63.069654 -3.175000
v  60.622820 63.069654 -3.175000
v  60.622820 63.069654 -3.175000
v  60.907736 63.069654 -3.175000
v  60.907736 63.069654 -3.175000
v  60.907736 63.069654 -3.175000
v  60.999055 64.923917 -2.577272
v  60.999055 64.923917 -2.577272
v  61.090052 66.077775 -1.015791
v  61.090052 66.077775 -1.015791
v  61.136846 66.244595 -0.019286
v  61.136846 66.244595 -0.019286
v  61.184281 66.085584 0.992365
v  61.184281 66.085584 0.992365
v  61.275676 64.936912 2.567873
v  61.275676 64.936912 2.567873
v  61.367736 63.069654 3.175000
v  61.367736 63.069654 3.175000
v  61.367736 63.069654 3.175000
v  61.082820 63.069654 3.175000
v  61.082820 63.069654 3.175000
v  61.082820 63.069654 3.175000
v  60.991005 64.932634 2.570978
v  60.991005 64.932634 2.570978
v  60.899360 66.085624 0.992245
v  60.899360 66.085624 0.992245
v  60.807652 66.094782 -0.963964
v  60.807652 66.094782 -0.963964
v  60.716233 64.960566 -2.550505
v  60.716233 64.960566 -2.550505
v  60.669471 64.064200 -3.015212
v  60.669471 64.064200 -3.015212
v  58.607735 63.069654 3.175000
v  58.607735 63.069654 3.175000
v  58.607735 63.069654 3.175000
v  58.322821 63.069654 3.175000
v  58.322821 63.069654 3.175000
v  58.322821 63.069654 3.175000
v  58.276238 64.062789 3.015677
v  58.276238 64.062789 3.015677
v  58.228928 64.968922 2.544289
v  58.228928 64.968922 2.544289
v  58.138021 66.094576 0.964610
v  58.138021 66.094576 0.964610
v  58.047485 66.093679 -0.967418
v  58.047485 66.093679 -0.967418
v  57.956610 64.967119 -2.545633
v  57.956610 64.967119 -2.545633
v  57.909336 64.061394 -3.016136
v  57.909336 64.061394 -3.016136
v  57.862821 63.069654 -3.175000
v  57.862821 63.069654 -3.175000
v  57.862821 63.069654 -3.175000
v  58.147736 63.069654 -3.175000
v  58.147736 63.069654 -3.175000
v  58.147736 63.069654 -3.175000
v  58.196047 64.098327 -3.003741
v  58.196047 64.098327 -3.003741
v  58.245843 65.041362 -2.488572
v  58.245843 65.041362 -2.488572
v  58.294390 65.744042 -1.711220
v  58.294390 65.744042 -1.711220
v  58.341565 66.148271 -0.776365
v  58.341565 66.148271 -0.776365
v  58.389288 66.234777 0.250241
v  58.389288 66.234777 0.250241
v  58.437579 65.983150 1.261810
v  58.437579 65.983150 1.261810
v  58.485196 65.427289 2.126542
v  58.485196 65.427289 2.126542
v  58.532735 64.625754 2.767522
v  58.532735 64.625754 2.767522
v  58.532735 64.625754 2.767522
v  58.570228 63.874090 3.071402
v  58.570228 63.874090 3.071402
v  56.942820 63.069654 -3.175000
v  56.942820 63.069654 -3.175000
v  56.942820 63.069654 -3.175000
v  57.227735 63.069654 -3.175000
v  57.227735 63.069654 -3.175000
v  57.227735 63.069654 -3.175000
v  57.274250 64.061394 -3.016136
v  57.274250 64.061394 -3.016136
v  57.321525 64.967119 -2.545633
v  57.321525 64.967119 -2.545633
v  57.412400 66.093679 -0.967418
v  57.412400 66.093679 -0.967418
v  57.502935 66.094576 0.964610
v  57.502935 66.094576 0.964610
v  57.593843 64.968922 2.544289
v  57.593843 64.968922 2.544289
v  57.641153 64.062789 3.015677
v  57.641153 64.062789 3.015677
v  57.687736 63.069654 3.175000
v  57.687736 63.069654 3.175000
v  57.687736 63.069654 3.175000
v  57.402820 63.069654 3.175000
v  57.402820 63.069654 3.175000
v  57.402820 63.069654 3.175000
v  57.356558 64.056182 3.017845
v  57.356558 64.056182 3.017845
v  57.308896 64.969463 2.543885
v  57.308896 64.969463 2.543885
v  57.216901 66.101856 0.941475
v  57.216901 66.101856 0.941475
v  57.125007 66.076879 -1.018441
v  57.125007 66.076879 -1.018441
v  57.033685 64.915912 -2.583013
v  57.033685 64.915912 -2.583013
v  56.022820 63.069654 -3.175000
v  56.022820 63.069654 -3.175000
v  56.022820 63.069654 -3.175000
v  56.307735 63.069654 -3.175000
v  56.307735 63.069654 -3.175000
v  56.307735 63.069654 -3.175000
v  56.398600 64.915912 -2.583013
v  56.398600 64.915912 -2.583013
v  56.489922 66.076879 -1.018441
v  56.489922 66.076879 -1.018441
v  56.581816 66.101856 0.941475
v  56.581816 66.101856 0.941475
v  56.673811 64.969463 2.543885
v  56.673811 64.969463 2.543885
v  56.721473 64.056182 3.017845
v  56.721473 64.056182 3.017845
v  56.767735 63.069654 3.175000
v  56.767735 63.069654 3.175000
v  56.767735 63.069654 3.175000
v  56.482820 63.069654 3.175000
v  56.482820 63.069654 3.175000
v  56.482820 63.069654 3.175000
v  56.390991 64.932869 2.570808
v  56.390991 64.932869 2.570808
v  56.299001 66.088042 0.984863
v  56.299001 66.088042 0.984863
v  56.251930 66.244595 -0.019302
v  56.251930 66.244595 -0.019302
v  56.205826 66.082528 -1.001604
v  56.205826 66.082528 -1.001604
v  56.114475 64.929819 -2.573016
v  56.114475 64.929819 -2.573016
v  55.847734 63.069654 3.175000
v  55.847734 63.069654 3.175000
v  55.847734 63.069654 3.175000
v  55.562820 63.069654 3.175000
v  55.562820 63.069654 3.175000
v  55.562820 63.069654 3.175000
v  55.516132 64.064972 3.014957
v  55.516132 64.064972 3.014957
v  55.469359 64.961411 2.549879
v  55.469359 64.961411 2.549879
v  55.377956 66.095000 0.963278
v  55.377956 66.095000 0.963278
v  55.286256 66.085448 -0.992778
v  55.286256 66.085448 -0.992778
v  55.194611 64.932194 -2.571297
v  55.194611 64.932194 -2.571297
v  55.102821 63.069654 -3.175000
v  55.102821 63.069654 -3.175000
v  55.102821 63.069654 -3.175000
v  55.387734 63.069654 -3.175000
v  55.387734 63.069654 -3.175000
v  55.387734 63.069654 -3.175000
v  55.479390 64.929819 -2.573016
v  55.479390 64.929819 -2.573016
v  55.570740 66.082528 -1.001604
v  55.570740 66.082528 -1.001604
v  55.616844 66.244595 -0.019302
v  55.616844 66.244595 -0.019302
v  55.663915 66.088042 0.984863
v  55.663915 66.088042 0.984863
v  55.755905 64.932869 2.570808
v  55.755905 64.932869 2.570808
v  54.182821 63.069654 -3.175000
v  54.182821 63.069654 -3.175000
v  54.182821 63.069654 -3.175000
v  54.467736 63.069654 -3.175000
v  54.467736 63.069654 -3.175000
v  54.467736 63.069654 -3.175000
v  54.559526 64.932194 -2.571297
v  54.559526 64.932194 -2.571297
v  54.651170 66.085448 -0.992778
v  54.651170 66.085448 -0.992778
v  54.742871 66.095000 0.963278
v  54.742871 66.095000 0.963278
v  54.834274 64.961411 2.549879
v  54.834274 64.961411 2.549879
v  54.881047 64.064972 3.014957
v  54.881047 64.064972 3.014957
v  54.927735 63.069654 3.175000
v  54.927735 63.069654 3.175000
v  54.927735 63.069654 3.175000
v  54.642821 63.069654 3.175000
v  54.642821 63.069654 3.175000
v  54.642821 63.069654 3.175000
v  54.551465 64.924549 2.576817
v  54.551465 64.924549 2.576817
v  54.460444 66.078198 1.014536
v  54.460444 66.078198 1.014536
v  54.413667 66.244601 0.018357
v  54.413667 66.244601 0.018357
v  54.366264 66.085504 -0.992608
v  54.366264 66.085504 -0.992608
v  54.274868 64.936709 -2.568021
v  54.274868 64.936709 -2.568021
v  53.262820 63.069654 -3.175000
v  53.262820 63.069654 -3.175000
v  53.262820 63.069654 -3.175000
v  53.547735 63.069654 -3.175000
v  53.547735 63.069654 -3.175000
v  53.547735 63.069654 -3.175000
v  53.639783 64.936709 -2.568021
v  53.639783 64.936709 -2.568021
v  53.731178 66.085504 -0.992608
v  53.731178 66.085504 -0.992608
v  53.778582 66.244601 0.018357
v  53.778582 66.244601 0.018357
v  53.825358 66.078198 1.014536
v  53.825358 66.078198 1.014536
v  53.916380 64.924549 2.576817
v  53.916380 64.924549 2.576817
v  54.007736 63.069654 3.175000
v  54.007736 63.069654 3.175000
v  54.007736 63.069654 3.175000
v  53.722820 63.069654 3.175000
v  53.722820 63.069654 3.175000
v  53.722820 63.069654 3.175000
v  53.631439 64.924994 2.576497
v  53.631439 64.924994 2.576497
v  53.539424 66.085183 0.993582
v  53.539424 66.085183 0.993582
v  53.447913 66.096497 -0.958564
v  53.447913 66.096497 -0.958564
v  53.355590 64.949353 -2.558780
v  53.355590 64.949353 -2.558780
v  52.342820 63.069654 -3.175000
v  52.342820 63.069654 -3.175000
v  52.342820 63.069654 -3.175000
v  52.627734 63.069654 -3.175000
v  52.627734 63.069654 -3.175000
v  52.627734 63.069654 -3.175000
v  52.720504 64.949353 -2.558780
v  52.720504 64.949353 -2.558780
v  52.812827 66.096497 -0.958564
v  52.812827 66.096497 -0.958564
v  52.904339 66.085183 0.993582
v  52.904339 66.085183 0.993582
v  52.996354 64.924994 2.576497
v  52.996354 64.924994 2.576497
v  53.087735 63.069654 3.175000
v  53.087735 63.069654 3.175000
v  53.087735 63.069654 3.175000
v  52.802820 63.069654 3.175000
v  52.802820 63.069654 3.175000
v  52.802820 63.069654 3.175000
v  52.756062 64.066391 3.014488
v  52.756062 64.066391 3.014488
v  52.709045 64.966860 2.545827
v  52.709045 64.966860 2.545827
v  52.617692 66.096724 0.957848
v  52.617692 66.096724 0.957848
v  52.526060 66.084126 -0.996786
v  52.526060 66.084126 -0.996786
v  52.434442 64.929239 -2.573435
v  52.434442 64.929239 -2.573435
v  52.167734 63.069654 3.175000
v  52.167734 63.069654 3.175000
v  52.167734 63.069654 3.175000
v  51.882821 63.069654 3.175000
v  51.882821 63.069654 3.175000
v  51.882821 63.069654 3.175000
v  51.791202 64.929172 2.573483
v  51.791202 64.929172 2.573483
v  51.699585 66.084095 0.996881
v  51.699585 66.084095 0.996881
v  51.607958 66.096789 -0.957640
v  51.607958 66.096789 -0.957640
v  51.516596 64.966873 -2.545817
v  51.516596 64.966873 -2.545817
v  51.469549 64.065785 -3.014689
v  51.469549 64.065785 -3.014689
v  51.422821 63.069654 -3.175000
v  51.422821 63.069654 -3.175000
v  51.422821 63.069654 -3.175000
v  51.707735 63.069654 -3.175000
v  51.707735 63.069654 -3.175000
v  51.707735 63.069654 -3.175000
v  51.799357 64.929248 -2.573429
v  51.799357 64.929248 -2.573429
v  51.890976 66.084137 -0.996753
v  51.890976 66.084137 -0.996753
v  51.982607 66.096724 0.957848
v  51.982607 66.096724 0.957848
v  52.073960 64.966860 2.545827
v  52.073960 64.966860 2.545827
v  52.120977 64.066391 3.014488
v  52.120977 64.066391 3.014488
v  50.502820 63.069654 -3.175000
v  50.502820 63.069654 -3.175000
v  50.502820 63.069654 -3.175000
v  50.787736 63.069654 -3.175000
v  50.787736 63.069654 -3.175000
v  50.787736 63.069654 -3.175000
v  50.834464 64.065785 -3.014689
v  50.834464 64.065785 -3.014689
v  50.881511 64.966873 -2.545817
v  50.881511 64.966873 -2.545817
v  50.972873 66.096789 -0.957641
v  50.972873 66.096789 -0.957641
v  51.064503 66.084075 0.996939
v  51.064503 66.084075 0.996939
v  51.156118 64.929155 2.573496
v  51.156118 64.929155 2.573496
v  51.247735 63.069654 3.175000
v  51.247735 63.069654 3.175000
v  51.247735 63.069654 3.175000
v  50.962821 63.069654 3.175000
v  50.962821 63.069654 3.175000
v  50.962821 63.069654 3.175000
v  50.869994 64.950341 2.558054
v  50.869994 64.950341 2.558054
v  50.777715 66.096580 0.958301
v  50.777715 66.096580 0.958301
v  50.686191 66.085014 -0.994097
v  50.686191 66.085014 -0.994097
v  50.594173 64.924494 -2.576857
v  50.594173 64.924494 -2.576857
v  49.582820 63.069654 -3.175000
v  49.582820 63.069654 -3.175000
v  49.582820 63.069654 -3.175000
v  49.867735 63.069654 -3.175000
v  49.867735 63.069654 -3.175000
v  49.867735 63.069654 -3.175000
v  49.959088 64.924494 -2.576857
v  49.959088 64.924494 -2.576857
v  50.051106 66.085014 -0.994097
v  50.051106 66.085014 -0.994097
v  50.142630 66.096580 0.958301
v  50.142630 66.096580 0.958301
v  50.234909 64.950341 2.558054
v  50.234909 64.950341 2.558054
v  50.327736 63.069654 3.175000
v  50.327736 63.069654 3.175000
v  50.327736 63.069654 3.175000
v  50.042820 63.069654 3.175000
v  50.042820 63.069654 3.175000
v  50.042820 63.069654 3.175000
v  49.950783 64.936518 2.568159
v  49.950783 64.936518 2.568159
v  49.859349 66.085697 0.992024
v  49.859349 66.085697 0.992024
v  49.811938 66.244596 -0.019129
v  49.811938 66.244596 -0.019129
v  49.765194 66.078177 -1.014601
v  49.765194 66.078177 -1.014601
v  49.674178 64.924590 -2.576788
v  49.674178 64.924590 -2.576788
v  48.662820 63.069654 -3.175000
v  48.662820 63.069654 -3.175000
v  48.662820 63.069654 -3.175000
v  48.947734 63.069654 -3.175000
v  48.947734 63.069654 -3.175000
v  48.947734 63.069654 -3.175000
v  49.039092 64.924590 -2.576788
v  49.039092 64.924590 -2.576788
v  49.130108 66.078177 -1.014601
v  49.130108 66.078177 -1.014601
v  49.176852 66.244596 -0.019129
v  49.176852 66.244596 -0.019129
v  49.224263 66.085697 0.992024
v  49.224263 66.085697 0.992024
v  49.315698 64.936518 2.568159
v  49.315698 64.936518 2.568159
v  49.407735 63.069654 3.175000
v  49.407735 63.069654 3.175000
v  49.407735 63.069654 3.175000
v  49.122820 63.069654 3.175000
v  49.122820 63.069654 3.175000
v  49.122820 63.069654 3.175000
v  49.031032 64.932142 2.571335
v  49.031032 64.932142 2.571335
v  48.939392 66.085404 0.992914
v  48.939392 66.085404 0.992914
v  48.847694 66.095061 -0.963085
v  48.847694 66.095061 -0.963085
v  48.756287 64.961515 -2.549801
v  48.756287 64.961515 -2.549801
v  48.709484 64.064468 -3.015124
v  48.709484 64.064468 -3.015124
v  48.487734 63.069654 3.175000
v  48.487734 63.069654 3.175000
v  48.487734 63.069654 3.175000
v  48.202821 63.069654 3.175000
v  48.202821 63.069654 3.175000
v  48.202821 63.069654 3.175000
v  48.111163 64.929859 2.572987
v  48.111163 64.929859 2.572987
v  48.019818 66.082510 1.001660
v  48.019818 66.082510 1.001660
v  47.973689 66.244598 0.018814
v  47.973689 66.244598 0.018814
v  47.926614 66.087868 -0.985397
v  47.926614 66.087868 -0.985397
v  47.834652 64.932915 -2.570775
v  47.834652 64.932915 -2.570775
v  47.742821 63.069654 -3.175000
v  47.742821 63.069654 -3.175000
v  47.742821 63.069654 -3.175000
v  48.027735 63.069654 -3.175000
v  48.027735 63.069654 -3.175000
v  48.027735 63.069654 -3.175000
v  48.074399 64.064468 -3.015124
v  48.074399 64.064468 -3.015124
v  48.121202 64.961515 -2.549801
v  48.121202 64.961515 -2.549801
v  48.212609 66.095061 -0.963085
v  48.212609 66.095061 -0.963085
v  48.304306 66.085404 0.992914
v  48.304306 66.085404 0.992914
v  48.395947 64.932142 2.571335
v  48.395947 64.932142 2.571335
v  46.822820 63.069654 -3.175000
v  46.822820 63.069654 -3.175000
v  46.822820 63.069654 -3.175000
v  47.107736 63.069654 -3.175000
v  47.107736 63.069654 -3.175000
v  47.107736 63.069654 -3.175000
v  47.199567 64.932915 -2.570775
v  47.199567 64.932915 -2.570775
v  47.291529 66.087868 -0.985397
v  47.291529 66.087868 -0.985397
v  47.338603 66.244598 0.018814
v  47.338603 66.244598 0.018814
v  47.384732 66.082510 1.001660
v  47.384732 66.082510 1.001660
v  47.476078 64.929859 2.572987
v  47.476078 64.929859 2.572987
v  47.567736 63.069654 3.175000
v  47.567736 63.069654 3.175000
v  47.567736 63.069654 3.175000
v  47.282821 63.069654 3.175000
v  47.282821 63.069654 3.175000
v  47.282821 63.069654 3.175000
v  47.191947 64.916051 2.582914
v  47.191947 64.916051 2.582914
v  47.100606 66.077067 1.017885
v  47.100606 66.077067 1.017885
v  47.008735 66.101828 -0.941565
v  47.008735 66.101828 -0.941565
v  46.916683 64.968396 -2.544681
v  46.916683 64.968396 -2.544681
v  46.869024 64.054975 -3.018239
v  46.869024 64.054975 -3.018239
v  45.902820 63.069654 -3.175000
v  45.902820 63.069654 -3.175000
v  45.902820 63.069654 -3.175000
v  46.187735 63.069654 -3.175000
v  46.187735 63.069654 -3.175000
v  46.187735 63.069654 -3.175000
v  46.233938 64.054975 -3.018239
v  46.233938 64.054975 -3.018239
v  46.281598 64.968396 -2.544681
v  46.281598 64.968396 -2.544681
v  46.373650 66.101828 -0.941565
v  46.373650 66.101828 -0.941565
v  46.465521 66.077067 1.017885
v  46.465521 66.077067 1.017885
v  46.556862 64.916051 2.582914
v  46.556862 64.916051 2.582914
v  46.647735 63.069654 3.175000
v  46.647735 63.069654 3.175000
v  46.647735 63.069654 3.175000
v  46.362820 63.069654 3.175000
v  46.362820 63.069654 3.175000
v  46.362820 63.069654 3.175000
v  46.316266 64.062201 3.015871
v  46.316266 64.062201 3.015871
v  46.269017 64.967352 2.545460
v  46.269017 64.967352 2.545460
v  46.178178 66.093531 0.967881
v  46.178178 66.093531 0.967881
v  46.087643 66.094724 -0.964145
v  46.087643 66.094724 -0.964145
v  45.996698 64.968661 -2.544484
v  45.996698 64.968661 -2.544484
v  45.949362 64.061962 -3.015949
v  45.949362 64.061962 -3.015949
v  45.067820 64.810988 -2.654878
v  45.067820 64.810988 -2.654878
v  45.067820 64.810988 -2.654878
v  45.025320 63.978323 -3.042194
v  45.025320 63.978323 -3.042194
v  44.982820 63.069654 -3.175000
v  44.982820 63.069654 -3.175000
v  44.982820 63.069654 -3.175000
v  45.267734 63.069654 -3.175000
v  45.267734 63.069654 -3.175000
v  45.267734 63.069654 -3.175000
v  45.314277 64.061962 -3.015949
v  45.314277 64.061962 -3.015949
v  45.361612 64.968661 -2.544484
v  45.361612 64.968661 -2.544484
v  45.452557 66.094724 -0.964145
v  45.452557 66.094724 -0.964145
v  45.543093 66.093531 0.967881
v  45.543093 66.093531 0.967881
v  45.633932 64.967352 2.545460
v  45.633932 64.967352 2.545460
v  45.681181 64.062201 3.015871
v  45.681181 64.062201 3.015871
v  45.727735 63.069654 3.175000
v  45.727735 63.069654 3.175000
v  45.727735 63.069654 3.175000
v  45.442820 63.069654 3.175000
v  45.442820 63.069654 3.175000
v  45.442820 63.069654 3.175000
v  45.395752 64.072776 3.012370
v  45.395752 64.072776 3.012370
v  45.347250 64.997932 2.522374
v  45.347250 64.997932 2.522374
v  45.299915 65.699346 1.779141
v  45.299915 65.699346 1.779141
v  45.253967 66.120114 0.880519
v  45.253967 66.120114 0.880519
v  45.207576 66.242618 -0.113680
v  45.207576 66.242618 -0.113680
v  45.160535 66.044378 -1.109792
v  45.160535 66.044378 -1.109792
v  44.807735 63.069654 3.175000
v  44.807735 63.069654 3.175000
v  44.807735 63.069654 3.175000
v  44.522821 63.069654 3.175000
v  44.522821 63.069654 3.175000
v  44.522821 63.069654 3.175000
v  44.431031 64.932180 2.571307
v  44.431031 64.932180 2.571307
v  44.338819 66.089270 0.981094
v  44.338819 66.089270 0.981094
v  44.247373 66.092934 -0.969742
v  44.247373 66.092934 -0.969742
v  44.155044 64.939788 -2.565779
v  44.155044 64.939788 -2.565779
v  44.062821 63.069654 -3.175000
v  44.062821 63.069654 -3.175000
v  44.062821 63.069654 -3.175000
v  44.347735 63.069654 -3.175000
v  44.347735 63.069654 -3.175000
v  44.347735 63.069654 -3.175000
v  44.390235 63.978323 -3.042194
v  44.390235 63.978323 -3.042194
v  44.432735 64.810988 -2.654878
v  44.432735 64.810988 -2.654878
v  44.432735 64.810988 -2.654878
v  44.525450 66.044378 -1.109792
v  44.525450 66.044378 -1.109792
v  44.572491 66.242618 -0.113680
v  44.572491 66.242618 -0.113680
v  44.618881 66.120114 0.880519
v  44.618881 66.120114 0.880519
v  44.664830 65.699346 1.779141
v  44.664830 65.699346 1.779141
v  44.712165 64.997932 2.522374
v  44.712165 64.997932 2.522374
v  44.760667 64.072776 3.012370
v  44.760667 64.072776 3.012370
v  41.542820 66.237252 0.216670
v  41.542820 66.237252 0.216670
v  41.542820 66.237252 0.216670
v  41.462362 65.884098 -1.469533
v  41.462362 65.884098 -1.469533
v  41.382256 64.708864 -2.719120
v  41.382256 64.708864 -2.719120
v  41.302821 63.069654 -3.175000
v  41.302821 63.069654 -3.175000
v  41.302821 63.069654 -3.175000
v  41.587734 63.069654 -3.175000
v  41.587734 63.069654 -3.175000
v  41.587734 63.069654 -3.175000
v  41.679804 64.937102 -2.567735
v  41.679804 64.937102 -2.567735
v  41.771160 66.085389 -0.992958
v  41.771160 66.085389 -0.992958
v  41.818587 66.244600 0.018485
v  41.818587 66.244600 0.018485
v  41.865414 66.077805 1.015703
v  41.865414 66.077805 1.015703
v  41.956417 64.923872 2.577305
v  41.956417 64.923872 2.577305
v  42.047734 63.069654 3.175000
v  42.047734 63.069654 3.175000
v  42.047734 63.069654 3.175000
v  41.762820 63.069654 3.175000
v  41.762820 63.069654 3.175000
v  41.762820 63.069654 3.175000
v  41.708317 64.224381 2.957571
v  41.708317 64.224381 2.957571
v  41.652835 65.236527 2.320622
v  41.652835 65.236527 2.320622
v  41.597879 65.936371 1.364755
v  41.597879 65.936371 1.364755
v  43.142820 63.069654 -3.175000
v  43.142820 63.069654 -3.175000
v  43.142820 63.069654 -3.175000
v  43.427736 63.069654 -3.175000
v  43.427736 63.069654 -3.175000
v  43.427736 63.069654 -3.175000
v  43.519959 64.939788 -2.565779
v  43.519959 64.939788 -2.565779
v  43.612288 66.092934 -0.969742
v  43.612288 66.092934 -0.969742
v  43.703734 66.089270 0.981094
v  43.703734 66.089270 0.981094
v  43.795946 64.932180 2.571307
v  43.795946 64.932180 2.571307
v  43.887736 63.069654 3.175000
v  43.887736 63.069654 3.175000
v  43.887736 63.069654 3.175000
v  43.602821 63.069654 3.175000
v  43.602821 63.069654 3.175000
v  43.602821 63.069654 3.175000
v  43.510468 64.942056 2.564125
v  43.510468 64.942056 2.564125
v  43.419506 66.084633 0.995250
v  43.419506 66.084633 0.995250
v  43.371841 66.244583 -0.021233
v  43.371841 66.244583 -0.021233
v  43.324474 66.073149 -1.029389
v  43.324474 66.073149 -1.029389
v  43.233593 64.914280 -2.584179
v  43.233593 64.914280 -2.584179
v  42.222820 63.069654 -3.175000
v  42.222820 63.069654 -3.175000
v  42.222820 63.069654 -3.175000
v  42.507735 63.069654 -3.175000
v  42.507735 63.069654 -3.175000
v  42.507735 63.069654 -3.175000
v  42.598508 64.914280 -2.584179
v  42.598508 64.914280 -2.584179
v  42.689389 66.073149 -1.029389
v  42.689389 66.073149 -1.029389
v  42.736756 66.244583 -0.021233
v  42.736756 66.244583 -0.021233
v  42.784420 66.084633 0.995250
v  42.784420 66.084633 0.995250
v  42.875382 64.942056 2.564125
v  42.875382 64.942056 2.564125
v  42.967735 63.069654 3.175000
v  42.967735 63.069654 3.175000
v  42.967735 63.069654 3.175000
v  42.682820 63.069654 3.175000
v  42.682820 63.069654 3.175000
v  42.682820 63.069654 3.175000
v  42.591503 64.923872 2.577305
v  42.591503 64.923872 2.577305
v  42.500499 66.077805 1.015703
v  42.500499 66.077805 1.015703
v  42.453672 66.244600 0.018485
v  42.453672 66.244600 0.018485
v  42.406246 66.085389 -0.992958
v  42.406246 66.085389 -0.992958
v  42.314890 64.937102 -2.567735
v  42.314890 64.937102 -2.567735
v  41.127735 63.069654 3.175000
v  41.127735 63.069654 3.175000
v  41.127735 63.069654 3.175000
v  40.842821 63.069654 3.175000
v  40.842821 63.069654 3.175000
v  40.842821 63.069654 3.175000
v  40.750918 64.934168 2.569866
v  40.750918 64.934168 2.569866
v  40.659226 66.086536 0.989468
v  40.659226 66.086536 0.989468
v  40.611984 66.244602 -0.018142
v  40.611984 66.244602 -0.018142
v  40.565573 66.080788 -1.006824
v  40.565573 66.080788 -1.006824
v  40.474393 64.928354 -2.574074
v  40.474393 64.928354 -2.574074
v  40.382821 63.069654 -3.175000
v  40.382821 63.069654 -3.175000
v  40.382821 63.069654 -3.175000
v  40.667735 63.069654 -3.175000
v  40.667735 63.069654 -3.175000
v  40.667735 63.069654 -3.175000
v  40.747171 64.708864 -2.719120
v  40.747171 64.708864 -2.719120
v  40.827276 65.884098 -1.469533
v  40.827276 65.884098 -1.469533
v  40.907735 66.237252 0.216670
v  40.907735 66.237252 0.216670
v  40.907735 66.237252 0.216670
v  40.962793 65.936371 1.364755
v  40.962793 65.936371 1.364755
v  41.017750 65.236527 2.320622
v  41.017750 65.236527 2.320622
v  41.073232 64.224381 2.957571
v  41.073232 64.224381 2.957571
v  38.542820 63.069654 -3.175000
v  38.542820 63.069654 -3.175000
v  38.542820 63.069654 -3.175000
v  38.827735 63.069654 -3.175000
v  38.827735 63.069654 -3.175000
v  38.827735 63.069654 -3.175000
v  38.874484 64.066228 -3.014542
v  38.874484 64.066228 -3.014542
v  38.921587 64.968213 -2.544818
v  38.921587 64.968213 -2.544818
v  39.012965 66.097394 -0.955728
v  39.012965 66.097394 -0.955728
v  39.104581 66.083536 0.998567
v  39.104581 66.083536 0.998567
v  39.196152 64.928556 2.573929
v  39.196152 64.928556 2.573929
v  39.287735 63.069654 3.175000
v  39.287735 63.069654 3.175000
v  39.287735 63.069654 3.175000
v  39.002820 63.069654 3.175000
v  39.002820 63.069654 3.175000
v  39.002820 63.069654 3.175000
v  38.956998 64.047103 3.020798
v  38.956998 64.047103 3.020798
v  38.909907 64.951852 2.556943
v  38.909907 64.951852 2.556943
v  38.817638 66.097077 0.956732
v  38.817638 66.097077 0.956732
v  38.726096 66.084373 -0.996037
v  38.726096 66.084373 -0.996037
v  38.634119 64.923567 -2.577524
v  38.634119 64.923567 -2.577524
v  38.017820 64.433264 2.867262
v  38.017820 64.433264 2.867262
v  38.017820 64.433264 2.867262
v  37.968663 65.301761 2.257947
v  37.968663 65.301761 2.257947
v  37.919580 65.920328 1.397956
v  37.919580 65.920328 1.397956
v  37.870194 66.222330 0.375840
v  37.870194 66.222330 0.375840
v  37.821279 66.171271 -0.678670
v  37.821279 66.171271 -0.678670
v  37.772600 65.779940 -1.653775
v  37.772600 65.779940 -1.653775
v  37.722889 65.074501 -2.461953
v  37.722889 65.074501 -2.461953
v  37.672106 64.118278 -2.996834
v  37.672106 64.118278 -2.996834
v  37.622821 63.069654 -3.175000
v  37.622821 63.069654 -3.175000
v  37.622821 63.069654 -3.175000
v  37.907734 63.069654 -3.175000
v  37.907734 63.069654 -3.175000
v  37.907734 63.069654 -3.175000
v  37.999034 64.923567 -2.577524
v  37.999034 64.923567 -2.577524
v  38.091011 66.084373 -0.996037
v  38.091011 66.084373 -0.996037
v  38.182553 66.097077 0.956732
v  38.182553 66.097077 0.956732
v  38.274821 64.951852 2.556943
v  38.274821 64.951852 2.556943
v  38.321913 64.047103 3.020798
v  38.321913 64.047103 3.020798
v  38.367734 63.069654 3.175000
v  38.367734 63.069654 3.175000
v  38.367734 63.069654 3.175000
v  38.082820 63.069654 3.175000
v  38.082820 63.069654 3.175000
v  38.082820 63.069654 3.175000
v  38.050313 63.768756 3.097076
v  38.050313 63.768756 3.097076
v  39.462820 63.069654 -3.175000
v  39.462820 63.069654 -3.175000
v  39.462820 63.069654 -3.175000
v  39.747736 63.069654 -3.175000
v  39.747736 63.069654 -3.175000
v  39.747736 63.069654 -3.175000
v  39.839308 64.928354 -2.574074
v  39.839308 64.928354 -2.574074
v  39.930488 66.080788 -1.006824
v  39.930488 66.080788 -1.006824
v  39.976899 66.244602 -0.018142
v  39.976899 66.244602 -0.018142
v  40.024140 66.086536 0.989468
v  40.024140 66.086536 0.989468
v  40.115833 64.934168 2.569866
v  40.115833 64.934168 2.569866
v  40.207736 63.069654 3.175000
v  40.207736 63.069654 3.175000
v  40.207736 63.069654 3.175000
v  39.922820 63.069654 3.175000
v  39.922820 63.069654 3.175000
v  39.922820 63.069654 3.175000
v  39.831237 64.928556 2.573929
v  39.831237 64.928556 2.573929
v  39.739667 66.083536 0.998567
v  39.739667 66.083536 0.998567
v  39.648050 66.097394 -0.955728
v  39.648050 66.097394 -0.955728
v  39.556672 64.968213 -2.544818
v  39.556672 64.968213 -2.544818
v  39.509570 64.066228 -3.014542
v  39.509570 64.066228 -3.014542
v  37.447735 63.069654 3.175000
v  37.447735 63.069654 3.175000
v  37.447735 63.069654 3.175000
v  37.162821 63.069654 3.175000
v  37.162821 63.069654 3.175000
v  37.162821 63.069654 3.175000
v  37.115934 64.069046 3.013609
v  37.115934 64.069046 3.013609
v  37.068580 64.974957 2.539772
v  37.068580 64.974957 2.539772
v  36.977110 66.100515 0.945781
v  36.977110 66.100515 0.945781
v  36.885569 66.080761 -1.006906
v  36.885569 66.080761 -1.006906
v  36.794217 64.925259 -2.576307
v  36.794217 64.925259 -2.576307
v  36.702821 63.069654 -3.175000
v  36.702821 63.069654 -3.175000
v  36.702821 63.069654 -3.175000
v  36.987736 63.069654 -3.175000
v  36.987736 63.069654 -3.175000
v  36.987736 63.069654 -3.175000
v  37.037021 64.118278 -2.996834
v  37.037021 64.118278 -2.996834
v  37.087803 65.074501 -2.461953
v  37.087803 65.074501 -2.461953
v  37.137514 65.779940 -1.653775
v  37.137514 65.779940 -1.653775
v  37.186193 66.171271 -0.678670
v  37.186193 66.171271 -0.678670
v  37.235109 66.222330 0.375840
v  37.235109 66.222330 0.375840
v  37.284494 65.920328 1.397956
v  37.284494 65.920328 1.397956
v  37.333578 65.301761 2.257947
v  37.333578 65.301761 2.257947
v  37.382735 64.433264 2.867262
v  37.382735 64.433264 2.867262
v  37.382735 64.433264 2.867262
v  37.415228 63.768756 3.097076
v  37.415228 63.768756 3.097076
v  35.782820 63.069654 -3.175000
v  35.782820 63.069654 -3.175000
v  35.782820 63.069654 -3.175000
v  36.067735 63.069654 -3.175000
v  36.067735 63.069654 -3.175000
v  36.067735 63.069654 -3.175000
v  36.159131 64.925259 -2.576307
v  36.159131 64.925259 -2.576307
v  36.250484 66.080761 -1.006906
v  36.250484 66.080761 -1.006906
v  36.342025 66.100515 0.945781
v  36.342025 66.100515 0.945781
v  36.433495 64.974957 2.539772
v  36.433495 64.974957 2.539772
v  36.480849 64.069046 3.013609
v  36.480849 64.069046 3.013609
v  36.527736 63.069654 3.175000
v  36.527736 63.069654 3.175000
v  36.527736 63.069654 3.175000
v  36.242820 63.069654 3.175000
v  36.242820 63.069654 3.175000
v  36.242820 63.069654 3.175000
v  36.151170 64.929724 2.573084
v  36.151170 64.929724 2.573084
v  36.059851 66.082277 1.002360
v  36.059851 66.082277 1.002360
v  36.013676 66.244600 0.018549
v  36.013676 66.244600 0.018549
v  35.966573 66.087599 -0.986221
v  35.966573 66.087599 -0.986221
v  35.874662 64.933104 -2.570638
v  35.874662 64.933104 -2.570638
v  34.862820 63.069654 -3.175000
v  34.862820 63.069654 -3.175000
v  34.862820 63.069654 -3.175000
v  35.147735 63.069654 -3.175000
v  35.147735 63.069654 -3.175000
v  35.147735 63.069654 -3.175000
v  35.239577 64.933104 -2.570638
v  35.239577 64.933104 -2.570638
v  35.331488 66.087599 -0.986221
v  35.331488 66.087599 -0.986221
v  35.378590 66.244600 0.018549
v  35.378590 66.244600 0.018549
v  35.424766 66.082277 1.002360
v  35.424766 66.082277 1.002360
v  35.516085 64.929724 2.573084
v  35.516085 64.929724 2.573084
v  35.607735 63.069654 3.175000
v  35.607735 63.069654 3.175000
v  35.607735 63.069654 3.175000
v  35.322820 63.069654 3.175000
v  35.322820 63.069654 3.175000
v  35.322820 63.069654 3.175000
v  35.231921 64.916508 2.582587
v  35.231921 64.916508 2.582587
v  35.140513 66.077711 1.015981
v  35.140513 66.077711 1.015981
v  35.048681 66.101486 -0.942665
v  35.048681 66.101486 -0.942665
v  34.956596 64.966886 -2.545807
v  34.956596 64.966886 -2.545807
v  34.908979 64.054064 -3.018536
v  34.908979 64.054064 -3.018536
v  34.687734 63.069654 3.175000
v  34.687734 63.069654 3.175000
v  34.687734 63.069654 3.175000
v  34.227735 63.069654 -3.175000
v  34.227735 63.069654 -3.175000
v  34.227735 63.069654 -3.175000
v  34.273894 64.054064 -3.018536
v  34.273894 64.054064 -3.018536
v  34.321510 64.966886 -2.545807
v  34.321510 64.966886 -2.545807
v  34.413596 66.101486 -0.942665
v  34.413596 66.101486 -0.942665
v  34.505428 66.077711 1.015981
v  34.505428 66.077711 1.015981
v  34.596835 64.916508 2.582587
v  34.596835 64.916508 2.582587
v  -10.674308 61.530581 -2.777027
v  -10.674308 61.530581 -2.777027
v  -11.561974 60.404237 -1.725161
v  -11.561974 60.404237 -1.725161
v  -12.211527 59.942036 -0.546470
v  -12.211527 59.942036 -0.546470
v  -12.198790 59.949415 0.587142
v  -12.198790 59.949415 0.587142
v  -11.556043 60.409362 1.733053
v  -11.556043 60.409362 1.733053
v  -10.676813 61.525469 2.774188
v  -10.676813 61.525469 2.774188
v  61.597135 64.220572 -2.959056
v  61.597135 64.220572 -2.959056
v  61.494270 62.036069 -3.002054
v  61.494270 62.036069 -3.002054
v  61.391397 60.340959 -1.623223
v  61.391397 60.340959 -1.623223
v  61.288531 59.938239 0.524276
v  61.288531 59.938239 0.524276
v  61.185667 61.018446 2.423463
v  61.185667 61.018446 2.423463
v  61.424014 61.879151 2.943353
v  61.424014 61.879151 2.943353
v  61.479924 60.868109 2.287755
v  61.479924 60.868109 2.287755
v  61.534686 60.184487 1.325306
v  61.534686 60.184487 1.325306
v  61.589789 59.899329 0.172230
v  61.589789 59.899329 0.172230
v  61.644931 60.058159 -1.005744
v  61.644931 60.058159 -1.005744
v  60.539306 61.210980 2.574093
v  60.539306 61.210980 2.574093
v  60.631458 60.051913 0.986845
v  60.631458 60.051913 0.986845
v  60.722930 60.044700 -0.964510
v  60.722930 60.044700 -0.964510
v  60.815230 61.194587 -2.562177
v  60.815230 61.194587 -2.562177
v  60.530697 61.201286 -2.567066
v  60.530697 61.201286 -2.567066
v  60.439407 60.054005 -0.993221
v  60.439407 60.054005 -0.993221
v  60.344979 60.062623 1.019014
v  60.344979 60.062623 1.019014
v  60.254028 61.217348 2.578679
v  60.254028 61.217348 2.578679
v  59.618943 61.217348 2.578679
v  59.618943 61.217348 2.578679
v  59.709894 60.062623 1.019014
v  59.709894 60.062623 1.019014
v  59.804321 60.054005 -0.993221
v  59.804321 60.054005 -0.993221
v  59.895612 61.201286 -2.567066
v  59.895612 61.201286 -2.567066
v  59.611907 61.222565 -2.582419
v  59.611907 61.222565 -2.582419
v  59.520997 60.064970 -1.025916
v  59.520997 60.064970 -1.025916
v  59.426126 60.054735 0.995434
v  59.426126 60.054735 0.995434
v  59.335107 61.198408 2.564969
v  59.335107 61.198408 2.564969
v  58.688661 61.165741 -2.540815
v  58.688661 61.165741 -2.540815
v  58.596769 60.036600 -0.938728
v  58.596769 60.036600 -0.938728
v  58.504757 60.064182 1.023605
v  58.504757 60.064182 1.023605
v  58.413632 61.224349 2.583694
v  58.413632 61.224349 2.583694
v  58.700022 61.198408 2.564969
v  58.700022 61.198408 2.564969
v  58.791040 60.054735 0.995434
v  58.791040 60.054735 0.995434
v  58.885912 60.064970 -1.025916
v  58.885912 60.064970 -1.025916
v  58.976822 61.222565 -2.582419
v  58.976822 61.222565 -2.582419
v  57.778547 61.224349 2.583694
v  57.778547 61.224349 2.583694
v  57.869671 60.064182 1.023605
v  57.869671 60.064182 1.023605
v  57.961684 60.036600 -0.938728
v  57.961684 60.036600 -0.938728
v  58.053575 61.165741 -2.540815
v  58.053575 61.165741 -2.540815
v  57.772023 61.224591 -2.583867
v  57.772023 61.224591 -2.583867
v  57.680951 60.064642 -1.024953
v  57.680951 60.064642 -1.024953
v  57.588915 60.036323 0.937834
v  57.588915 60.036323 0.937834
v  57.497008 61.165275 2.540466
v  57.497008 61.165275 2.540466
v  56.861922 61.165275 2.540466
v  56.861922 61.165275 2.540466
v  56.953830 60.036323 0.937834
v  56.953830 60.036323 0.937834
v  57.045865 60.064642 -1.024953
v  57.045865 60.064642 -1.024953
v  57.136938 61.224591 -2.583867
v  57.136938 61.224591 -2.583867
v  56.848687 61.166213 -2.541168
v  56.848687 61.166213 -2.541168
v  56.757584 60.041878 -0.955614
v  56.757584 60.041878 -0.955614
v  56.667056 60.048470 0.976254
v  56.667056 60.048470 0.976254
v  56.576361 61.176496 2.548839
v  56.576361 61.176496 2.548839
v  55.642820 61.419975 2.712782
v  55.642820 61.419975 2.712782
v  55.642820 61.419975 2.712782
v  55.602820 62.213056 3.057264
v  55.602820 62.213056 3.057264
v  55.941276 61.176496 2.548839
v  55.941276 61.176496 2.548839
v  56.031971 60.048470 0.976254
v  56.031971 60.048470 0.976254
v  56.122499 60.041878 -0.955614
v  56.122499 60.041878 -0.955614
v  56.213601 61.166213 -2.541168
v  56.213601 61.166213 -2.541168
v  55.926256 61.124285 -2.509216
v  55.926256 61.124285 -2.509216
v  55.831638 60.005578 -0.831903
v  55.831638 60.005578 -0.831903
v  55.737045 60.122231 1.180390
v  55.737045 60.122231 1.180390
v  55.011280 61.211494 -2.574465
v  55.011280 61.211494 -2.574465
v  54.919169 60.052392 -0.988310
v  54.919169 60.052392 -0.988310
v  54.827695 60.044246 0.963085
v  54.827695 60.044246 0.963085
v  54.735359 61.194015 2.561758
v  54.735359 61.194015 2.561758
v  54.967735 62.213056 3.057264
v  54.967735 62.213056 3.057264
v  55.007735 61.419975 2.712782
v  55.007735 61.419975 2.712782
v  55.007735 61.419975 2.712782
v  55.101959 60.122231 1.180390
v  55.101959 60.122231 1.180390
v  55.196553 60.005578 -0.831903
v  55.196553 60.005578 -0.831903
v  55.291170 61.124285 -2.509216
v  55.291170 61.124285 -2.509216
v  53.179445 61.208526 2.572320
v  53.179445 61.208526 2.572320
v  53.271077 60.054491 0.994696
v  53.271077 60.054491 0.994696
v  53.362746 60.043490 -0.960706
v  53.362746 60.043490 -0.960706
v  53.454119 61.175192 -2.547870
v  53.454119 61.175192 -2.547870
v  53.171366 61.213037 -2.575578
v  53.171366 61.213037 -2.575578
v  53.080287 60.060030 -1.011332
v  53.080287 60.060030 -1.011332
v  52.986313 60.053464 0.991578
v  52.986313 60.053464 0.991578
v  52.894808 61.203639 2.568777
v  52.894808 61.203639 2.568777
v  52.117820 59.896505 -0.108398
v  52.117820 59.896505 -0.108398
v  52.117820 59.896505 -0.108398
v  52.039181 60.287796 1.530324
v  52.039181 60.287796 1.530324
v  51.960585 61.461582 2.737650
v  51.960585 61.461582 2.737650
v  52.259723 61.203639 2.568777
v  52.259723 61.203639 2.568777
v  52.351227 60.053464 0.991578
v  52.351227 60.053464 0.991578
v  52.445201 60.060030 -1.011332
v  52.445201 60.060030 -1.011332
v  52.536281 61.213037 -2.575578
v  52.536281 61.213037 -2.575578
v  52.287063 61.889637 -2.947573
v  52.287063 61.889637 -2.947573
v  52.230464 60.865484 -2.285226
v  52.230464 60.865484 -2.285226
v  52.174294 60.170388 -1.294172
v  52.174294 60.170388 -1.294172
v  54.100273 61.194015 2.561758
v  54.100273 61.194015 2.561758
v  54.192610 60.044246 0.963085
v  54.192610 60.044246 0.963085
v  54.284084 60.052392 -0.988310
v  54.284084 60.052392 -0.988310
v  54.376195 61.211494 -2.574465
v  54.376195 61.211494 -2.574465
v  54.089204 61.175192 -2.547870
v  54.089204 61.175192 -2.547870
v  53.997831 60.043490 -0.960706
v  53.997831 60.043490 -0.960706
v  53.906162 60.054491 0.994696
v  53.906162 60.054491 0.994696
v  53.814530 61.208526 2.572320
v  53.814530 61.208526 2.572320
v  51.330843 61.203822 -2.568910
v  51.330843 61.203822 -2.568910
v  51.239301 60.053280 -0.991018
v  51.239301 60.053280 -0.991018
v  51.145354 60.060032 1.011336
v  51.145354 60.060032 1.011336
v  51.054276 61.213005 2.575554
v  51.054276 61.213005 2.575554
v  51.325500 61.461582 2.737650
v  51.325500 61.461582 2.737650
v  51.404095 60.287796 1.530324
v  51.404095 60.287796 1.530324
v  51.482735 59.896505 -0.108398
v  51.482735 59.896505 -0.108398
v  51.482735 59.896505 -0.108398
v  51.539209 60.170388 -1.294172
v  51.539209 60.170388 -1.294172
v  51.595378 60.865484 -2.285226
v  51.595378 60.865484 -2.285226
v  51.651978 61.889637 -2.947573
v  51.651978 61.889637 -2.947573
v  49.501355 61.175133 2.547826
v  49.501355 61.175133 2.547826
v  49.592733 60.043429 0.960516
v  49.592733 60.043429 0.960516
v  49.684399 60.054533 -0.994822
v  49.684399 60.054533 -0.994822
v  49.776028 61.208586 -2.572363
v  49.776028 61.208586 -2.572363
v  49.490228 61.193079 -2.561073
v  49.490228 61.193079 -2.561073
v  49.397931 60.044151 -0.962788
v  49.397931 60.044151 -0.962788
v  49.306448 60.052551 0.988795
v  49.306448 60.052551 0.988795
v  49.214328 61.212068 2.574878
v  49.214328 61.212068 2.574878
v  48.592820 61.608947 -2.819036
v  48.592820 61.608947 -2.819036
v  48.592820 61.608947 -2.819036
v  48.496125 60.186794 -1.330317
v  48.496125 60.186794 -1.330317
v  48.398971 59.979118 0.727472
v  48.398971 59.979118 0.727472
v  48.301911 61.081288 2.475283
v  48.301911 61.081288 2.475283
v  48.579243 61.212068 2.574878
v  48.579243 61.212068 2.574878
v  48.671362 60.052551 0.988795
v  48.671362 60.052551 0.988795
v  48.762846 60.044151 -0.962788
v  48.762846 60.044151 -0.962788
v  48.855143 61.193079 -2.561073
v  48.855143 61.193079 -2.561073
v  48.627814 62.317788 -3.084692
v  48.627814 62.317788 -3.084692
v  50.419191 61.213005 2.575554
v  50.419191 61.213005 2.575554
v  50.510268 60.060032 1.011336
v  50.510268 60.060032 1.011336
v  50.604215 60.053280 -0.991018
v  50.604215 60.053280 -0.991018
v  50.695758 61.203822 -2.568910
v  50.695758 61.203822 -2.568910
v  50.411114 61.208586 -2.572363
v  50.411114 61.208586 -2.572363
v  50.319485 60.054533 -0.994822
v  50.319485 60.054533 -0.994822
v  50.227819 60.043429 0.960516
v  50.227819 60.043429 0.960516
v  50.136440 61.175133 2.547826
v  50.136440 61.175133 2.547826
v  47.649270 61.176338 -2.548722
v  47.649270 61.176338 -2.548722
v  47.558607 60.048618 -0.976711
v  47.558607 60.048618 -0.976711
v  47.468079 60.041730 0.955144
v  47.468079 60.041730 0.955144
v  47.376934 61.166554 2.541424
v  47.376934 61.166554 2.541424
v  47.666826 61.081288 2.475283
v  47.666826 61.081288 2.475283
v  47.763886 59.979118 0.727472
v  47.763886 59.979118 0.727472
v  47.861040 60.186794 -1.330317
v  47.861040 60.186794 -1.330317
v  47.957735 61.608947 -2.819036
v  47.957735 61.608947 -2.819036
v  47.957735 61.608947 -2.819036
v  47.992728 62.317788 -3.084692
v  47.992728 62.317788 -3.084692
v  46.741849 61.166554 2.541424
v  46.741849 61.166554 2.541424
v  46.832994 60.041730 0.955144
v  46.832994 60.041730 0.955144
v  46.923521 60.048618 -0.976711
v  46.923521 60.048618 -0.976711
v  47.014185 61.176338 -2.548722
v  47.014185 61.176338 -2.548722
v  46.728573 61.164237 -2.539688
v  46.728573 61.164237 -2.539688
v  46.636724 60.036312 -0.937798
v  46.636724 60.036312 -0.937798
v  46.544664 60.064826 1.025492
v  46.544664 60.064826 1.025492
v  46.453616 61.224620 2.583888
v  46.453616 61.224620 2.583888
v  45.818531 61.224620 2.583888
v  45.818531 61.224620 2.583888
v  45.909578 60.064826 1.025492
v  45.909578 60.064826 1.025492
v  46.001638 60.036312 -0.937798
v  46.001638 60.036312 -0.937798
v  46.093488 61.164237 -2.539688
v  46.093488 61.164237 -2.539688
v  45.812005 61.224291 -2.583652
v  45.812005 61.224291 -2.583652
v  45.720858 60.063997 -1.023059
v  45.720858 60.063997 -1.023059
v  45.628869 60.036616 0.938778
v  45.628869 60.036616 0.938778
v  45.536920 61.166789 2.541600
v  45.536920 61.166789 2.541600
v  44.890542 61.198544 -2.565068
v  44.890542 61.198544 -2.565068
v  44.799482 60.054512 -0.994760
v  44.799482 60.054512 -0.994760
v  44.704627 60.065088 1.026259
v  44.704627 60.065088 1.026259
v  44.613738 61.222483 2.582360
v  44.613738 61.222483 2.582360
v  44.901834 61.166789 2.541600
v  44.901834 61.166789 2.541600
v  44.993783 60.036616 0.938778
v  44.993783 60.036616 0.938778
v  45.085772 60.063997 -1.023059
v  45.085772 60.063997 -1.023059
v  45.176920 61.224291 -2.583652
v  45.176920 61.224291 -2.583652
v  43.978653 61.222483 2.582360
v  43.978653 61.222483 2.582360
v  44.069542 60.065088 1.026259
v  44.069542 60.065088 1.026259
v  44.164397 60.054512 -0.994760
v  44.164397 60.054512 -0.994760
v  44.255456 61.198544 -2.565068
v  44.255456 61.198544 -2.565068
v  43.971615 61.217402 -2.578719
v  43.971615 61.217402 -2.578719
v  43.880654 60.062569 -1.018856
v  43.880654 60.062569 -1.018856
v  43.786204 60.054209 0.993839
v  43.786204 60.054209 0.993839
v  43.694954 61.201101 2.566931
v  43.694954 61.201101 2.566931
v  43.059869 61.201101 2.566931
v  43.059869 61.201101 2.566931
v  43.151119 60.054209 0.993839
v  43.151119 60.054209 0.993839
v  43.245569 60.062569 -1.018856
v  43.245569 60.062569 -1.018856
v  43.336530 61.217402 -2.578719
v  43.336530 61.217402 -2.578719
v  43.051216 61.210380 -2.573660
v  43.051216 61.210380 -2.573660
v  42.959074 60.051758 -0.986373
v  42.959074 60.051758 -0.986373
v  42.867610 60.044799 0.964819
v  42.867610 60.044799 0.964819
v  42.775273 61.195501 2.562845
v  42.775273 61.195501 2.562845
v  42.140187 61.195501 2.562845
v  42.140187 61.195501 2.562845
v  42.232525 60.044799 0.964819
v  42.232525 60.044799 0.964819
v  42.323989 60.051758 -0.986373
v  42.323989 60.051758 -0.986373
v  42.416130 61.210380 -2.573660
v  42.416130 61.210380 -2.573660
v  42.129261 61.176197 -2.548617
v  42.129261 61.176197 -2.548617
v  42.037878 60.043799 -0.961679
v  42.037878 60.043799 -0.961679
v  41.946196 60.054254 0.993978
v  41.946196 60.054254 0.993978
v  41.854560 61.207995 2.571935
v  41.854560 61.207995 2.571935
v  41.211336 61.212494 -2.575186
v  41.211336 61.212494 -2.575186
v  41.119881 60.057233 -1.002970
v  41.119881 60.057233 -1.002970
v  41.028303 60.040273 0.950513
v  41.028303 60.040273 0.950513
v  40.936875 61.167587 2.542198
v  40.936875 61.167587 2.542198
v  41.219475 61.207995 2.571935
v  41.219475 61.207995 2.571935
v  41.311111 60.054254 0.993978
v  41.311111 60.054254 0.993978
v  41.402792 60.043799 -0.961679
v  41.402792 60.043799 -0.961679
v  41.494176 61.176197 -2.548617
v  41.494176 61.176197 -2.548617
v  40.301790 61.167587 2.542198
v  40.301790 61.167587 2.542198
v  40.393218 60.040273 0.950513
v  40.393218 60.040273 0.950513
v  40.484796 60.057233 -1.002970
v  40.484796 60.057233 -1.002970
v  40.576251 61.212494 -2.575186
v  40.576251 61.212494 -2.575186
v  40.289672 61.183339 -2.553907
v  40.289672 61.183339 -2.553907
v  40.197442 60.040948 -0.952663
v  40.197442 60.040948 -0.952663
v  40.105841 60.056681 1.001310
v  40.105841 60.056681 1.001310
v  40.013989 61.218050 2.579184
v  40.013989 61.218050 2.579184
v  39.378904 61.218050 2.579184
v  39.378904 61.218050 2.579184
v  39.470756 60.056681 1.001310
v  39.470756 60.056681 1.001310
v  39.562357 60.040948 -0.952663
v  39.562357 60.040948 -0.952663
v  39.654587 61.183339 -2.553907
v  39.654587 61.183339 -2.553907
v  39.370863 61.204186 -2.569174
v  39.370863 61.204186 -2.569174
v  39.279280 60.053150 -0.990622
v  39.279280 60.053150 -0.990622
v  39.185411 60.059627 1.010131
v  39.185411 60.059627 1.010131
v  39.094308 61.212421 2.575133
v  39.094308 61.212421 2.575133
v  38.459223 61.212421 2.575133
v  38.459223 61.212421 2.575133
v  38.550326 60.059627 1.010131
v  38.550326 60.059627 1.010131
v  38.644195 60.053150 -0.990622
v  38.644195 60.053150 -0.990622
v  38.735777 61.204186 -2.569174
v  38.735777 61.204186 -2.569174
v  38.451144 61.209135 -2.572760
v  38.451144 61.209135 -2.572760
v  38.359520 60.054774 -0.995553
v  38.359520 60.054774 -0.995553
v  38.267867 60.043110 0.959510
v  38.267867 60.043110 0.959510
v  38.176497 61.174141 2.547088
v  38.176497 61.174141 2.547088
v  37.531200 61.210086 -2.573447
v  37.531200 61.210086 -2.573447
v  37.439954 60.057733 -1.004469
v  37.439954 60.057733 -1.004469
v  37.346468 60.052426 0.988414
v  37.346468 60.052426 0.988414
v  37.254694 61.205661 2.570245
v  37.254694 61.205661 2.570245
v  37.541412 61.174141 2.547088
v  37.541412 61.174141 2.547088
v  37.632782 60.043110 0.959510
v  37.632782 60.043110 0.959510
v  37.724435 60.054774 -0.995553
v  37.724435 60.054774 -0.995553
v  37.816059 61.209135 -2.572760
v  37.816059 61.209135 -2.572760
v  34.492820 61.238694 2.593879
v  34.492820 61.238694 2.593879
v  34.492820 61.238694 2.593879
v  33.857735 61.238694 2.593879
v  33.857735 61.238694 2.593879
v  33.857735 61.238694 2.593879
v  33.948953 60.069233 1.038316
v  33.948953 60.069233 1.038316
v  34.041225 60.033674 -0.929221
v  34.041225 60.033674 -0.929221
v  34.133167 61.158678 -2.535507
v  34.133167 61.158678 -2.535507
v  34.781932 61.165091 2.540328
v  34.781932 61.165091 2.540328
v  34.873154 60.040680 0.951811
v  34.873154 60.040680 0.951811
v  34.963676 60.049657 -0.979921
v  34.963676 60.049657 -0.979921
v  35.054278 61.177985 -2.549944
v  35.054278 61.177985 -2.549944
v  34.768252 61.158678 -2.535507
v  34.768252 61.158678 -2.535507
v  34.676310 60.033674 -0.929221
v  34.676310 60.033674 -0.929221
v  34.584038 60.069233 1.038316
v  34.584038 60.069233 1.038316
v  36.619609 61.205661 2.570245
v  36.619609 61.205661 2.570245
v  36.711382 60.052426 0.988414
v  36.711382 60.052426 0.988414
v  36.804869 60.057733 -1.004469
v  36.804869 60.057733 -1.004469
v  36.896114 61.210086 -2.573447
v  36.896114 61.210086 -2.573447
v  36.611839 61.221336 -2.581540
v  36.611839 61.221336 -2.581540
v  36.520261 60.059845 -1.010779
v  36.520261 60.059845 -1.010779
v  36.428527 60.038821 0.945874
v  36.428527 60.038821 0.945874
v  36.336360 61.176533 2.548866
v  36.336360 61.176533 2.548866
v  35.701275 61.176533 2.548866
v  35.701275 61.176533 2.548866
v  35.793442 60.038821 0.945874
v  35.793442 60.038821 0.945874
v  35.885175 60.059845 -1.010779
v  35.885175 60.059845 -1.010779
v  35.976753 61.221336 -2.581540
v  35.976753 61.221336 -2.581540
v  35.689364 61.177985 -2.549944
v  35.689364 61.177985 -2.549944
v  35.598761 60.049657 -0.979921
v  35.598761 60.049657 -0.979921
v  35.508239 60.040680 0.951811
v  35.508239 60.040680 0.951811
v  35.417018 61.165091 2.540328
v  35.417018 61.165091 2.540328
v  -10.582822 63.069654 -3.292136
v  -10.582822 63.069654 -3.292136
v  -10.582822 63.069654 -3.292136
v  -10.582822 63.069654 -3.292136
v  -10.820405 64.307513 -3.051864
v  -11.405860 65.316540 -2.409889
v  -10.582925 63.069657 3.292031
v  -10.582925 63.069657 3.292031
v  -10.582925 63.069657 3.292031
v  -10.582925 63.069657 3.292031
v  -10.819885 64.306184 3.052400
v  -11.404270 65.314537 2.411748
v  -10.822184 61.827378 3.050105
v  -11.410233 60.817263 2.404762
v  -10.821141 61.829963 -3.051171
v  -11.407059 60.821254 -2.408524
v  61.640631 63.857730 2.503909
v  61.640631 63.857730 2.503909
v  61.581262 64.781489 1.990037
v  61.581262 64.781489 1.990037
v  61.521892 65.427654 1.153456
v  61.521892 65.427654 1.153456
v  61.462523 65.691441 0.129829
v  61.462523 65.691441 0.129829
v  61.403154 65.530075 -0.914851
v  61.403154 65.530075 -0.914851
v  61.343785 64.969723 -1.811177
v  61.343785 64.969723 -1.811177
v  61.284415 64.101252 -2.413800
v  61.284415 64.101252 -2.413800
v  61.225046 63.065496 -2.624997
v  61.225046 63.065496 -2.624997
v  61.165677 62.030414 -2.410520
v  61.165677 62.030414 -2.410520
v  61.106308 61.163857 -1.805149
v  61.106308 61.163857 -1.805149
v  61.046939 60.606347 -0.907053
v  61.046939 60.606347 -0.907053
v  60.987569 60.448291 0.138133
v  60.987569 60.448291 0.138133
v  60.928200 60.715319 1.160918
v  60.928200 60.715319 1.160918
v  60.868831 61.364129 1.995448
v  60.868831 61.364129 1.995448
v  60.809462 62.289510 2.506392
v  60.809462 62.289510 2.506392
v  60.750093 63.341401 2.610896
v  60.750093 63.341401 2.610896
v  60.690723 64.349224 2.292013
v  60.690723 64.349224 2.292013
v  60.631354 65.149550 1.601454
v  60.631354 65.149550 1.601454
v  60.571985 65.612597 0.651201
v  60.571985 65.612597 0.651201
v  60.512616 65.663277 -0.404652
v  60.512616 65.663277 -0.404652
v  60.453246 65.293371 -1.394886
v  60.453246 65.293371 -1.394886
v  60.393877 64.562863 -2.158924
v  60.393877 64.562863 -2.158924
v  60.334508 63.590214 -2.572866
v  60.334508 63.590214 -2.572866
v  60.275139 62.533151 -2.569589
v  60.275139 62.533151 -2.569589
v  60.215770 61.563087 -2.149624
v  60.215770 61.563087 -2.149624
v  60.156400 60.837331 -1.381071
v  60.156400 60.837331 -1.381071
v  60.097031 60.473571 -0.388563
v  60.097031 60.473571 -0.388563
v  60.037662 60.530797 0.666956
v  60.037662 60.530797 0.666956
v  59.978293 60.999728 1.614320
v  59.978293 60.999728 1.614320
v  59.918924 61.804321 2.299904
v  59.918924 61.804321 2.299904
v  59.859554 62.814103 2.612531
v  59.859554 62.814103 2.612531
v  59.800185 63.865325 2.501506
v  59.800185 63.865325 2.501506
v  59.740816 64.787520 1.984832
v  59.740816 64.787520 1.984832
v  59.681447 65.431143 1.146295
v  59.681447 65.431143 1.146295
v  59.622077 65.691823 0.121872
v  59.622077 65.691823 0.121872
v  59.562708 65.527287 -0.922314
v  59.562708 65.527287 -0.922314
v  59.503339 64.964217 -1.816936
v  59.503339 64.964217 -1.816936
v  59.443970 64.093920 -2.416920
v  59.443970 64.093920 -2.416920
v  59.384601 63.057527 -2.624972
v  59.384601 63.057527 -2.624972
v  59.325231 62.023100 -2.407353
v  59.325231 62.023100 -2.407353
v  59.265862 61.158384 -1.799353
v  59.265862 61.158384 -1.799353
v  59.206493 60.603603 -0.899566
v  59.206493 60.603603 -0.899566
v  59.147124 60.448722 0.146097
v  59.147124 60.448722 0.146097
v  59.087755 60.718858 1.168068
v  59.087755 60.718858 1.168068
v  59.028385 61.370203 2.000623
v  59.028385 61.370203 2.000623
v  58.969016 62.297136 2.508753
v  58.969016 62.297136 2.508753
v  58.909647 63.349342 2.610057
v  58.909647 63.349342 2.610057
v  58.850278 64.356193 2.288109
v  58.850278 64.356193 2.288109
v  58.850278 64.356193 2.288109
v  58.850278 64.356193 2.288109
v  58.789502 65.169643 1.575014
v  58.789502 65.169643 1.575014
v  58.728726 65.626461 0.594441
v  58.728726 65.626461 0.594441
v  58.667950 65.649067 -0.487083
v  58.667950 65.649067 -0.487083
v  58.607174 65.233623 -1.485888
v  58.607174 65.233623 -1.485888
v  58.546398 64.450681 -2.232350
v  58.546398 64.450681 -2.232350
v  58.485623 63.433206 -2.599703
v  58.485623 63.433206 -2.599703
v  58.424847 62.353990 -2.525559
v  58.424847 62.353990 -2.525559
v  58.364071 61.396312 -2.022512
v  58.364071 61.396312 -2.022512
v  58.303295 60.722811 -1.175990
v  58.303295 60.722811 -1.175990
v  58.242519 60.447863 -0.129756
v  58.242519 60.447863 -0.129756
v  58.181743 60.618161 0.938514
v  58.181743 60.618161 0.938514
v  58.120967 61.204785 1.847401
v  58.120967 61.204785 1.847401
v  58.060191 62.108110 2.442552
v  58.060191 62.108110 2.442552
v  57.999416 63.174730 2.622896
v  57.999416 63.174730 2.622896
v  57.938640 64.223505 2.357807
v  57.938640 64.223505 2.357807
v  57.877864 65.076327 1.692303
v  57.877864 65.076327 1.692303
v  57.817088 65.588365 0.739403
v  57.817088 65.588365 0.739403
v  57.756312 65.672663 -0.339065
v  57.756312 65.672663 -0.339065
v  57.695536 65.314905 -1.359952
v  57.695536 65.314905 -1.359952
v  57.634760 64.575847 -2.149885
v  57.634760 64.575847 -2.149885
v  57.573985 63.581000 -2.574714
v  57.573985 63.581000 -2.574714
v  57.513209 62.499314 -2.562291
v  57.513209 62.499314 -2.562291
v  57.452433 61.514485 -2.114728
v  57.452433 61.514485 -2.114728
v  57.391657 60.793763 -1.308032
v  57.391657 60.793763 -1.308032
v  57.330881 60.459544 -0.279199
v  57.330881 60.459544 -0.279199
v  57.270105 60.568587 0.797049
v  57.270105 60.568587 0.797049
v  57.209329 61.102373 1.737938
v  57.209329 61.102373 1.737938
v  57.148554 61.970252 2.383682
v  57.148554 61.970252 2.383682
v  57.087778 63.024837 2.624617
v  57.087778 63.024837 2.624617
v  57.027002 64.087033 2.419827
v  57.027002 64.087033 2.419827
v  56.966226 64.976453 1.804090
v  56.966226 64.976453 1.804090
v  56.905450 65.542051 0.881974
v  56.905450 65.542051 0.881974
v  56.844674 65.687774 -0.189924
v  56.844674 65.687774 -0.189924
v  56.783898 65.388875 -1.229568
v  56.783898 65.388875 -1.229568
v  56.723123 64.696115 -2.060400
v  56.723123 64.696115 -2.060400
v  56.662347 63.727141 -2.541326
v  56.662347 63.727141 -2.541326
v  56.601571 62.646509 -2.590670
v  56.601571 62.646509 -2.590670
v  56.540795 61.637738 -2.200055
v  56.540795 61.637738 -2.200055
v  56.480019 60.872141 -1.435815
v  56.480019 60.872141 -1.435815
v  56.419243 60.479738 -0.427737
v  56.419243 60.479738 -0.427737
v  56.358467 60.527167 0.652980
v  56.358467 60.527167 0.652980
v  56.297691 61.006373 1.622806
v  56.297691 61.006373 1.622806
v  56.236916 61.835977 2.317038
v  56.236916 61.835977 2.317038
v  56.176140 62.875090 2.617780
v  56.176140 62.875090 2.617780
v  56.115364 63.947245 2.473956
v  56.115364 63.947245 2.473956
v  56.054588 64.870363 1.909992
v  56.054588 64.870363 1.909992
v  55.993812 65.487675 1.021664
v  55.993812 65.487675 1.021664
v  55.933036 65.694346 -0.040169
v  55.933036 65.694346 -0.040169
v  55.872260 65.455278 -1.095181
v  55.872260 65.455278 -1.095181
v  55.811485 64.811070 -1.964203
v  55.811485 64.811070 -1.964203
v  55.750709 63.871126 -2.499654
v  55.750709 63.871126 -2.499654
v  55.689933 62.795071 -2.610599
v  55.689933 62.795071 -2.610599
v  55.629157 61.765646 -2.278199
v  55.629157 61.765646 -2.278199
v  55.568381 60.957676 -1.558902
v  55.568381 60.957676 -1.558902
v  55.507605 60.508373 -0.574863
v  55.507605 60.508373 -0.574863
v  55.446829 60.494042 0.506802
v  55.446829 60.494042 0.506802
v  55.386054 60.917116 1.502400
v  55.386054 60.917116 1.502400
v  55.325278 61.705746 2.242851
v  55.325278 61.705746 2.242851
v  55.325278 61.705746 2.242851
v  55.325278 61.705746 2.242851
v  55.264502 62.726003 2.602408
v  55.264502 62.726003 2.602408
v  55.203726 63.804621 2.520010
v  55.203726 63.804621 2.520010
v  55.142950 64.758422 2.009649
v  55.142950 64.758422 2.009649
v  55.082174 65.425427 1.157998
v  55.082174 65.425427 1.157998
v  55.021398 65.692361 0.109689
v  55.021398 65.692361 0.109689
v  54.960623 65.513892 -0.957247
v  54.960623 65.513892 -0.957247
v  54.899847 64.920330 -1.861618
v  54.899847 64.920330 -1.861618
v  54.839071 64.012476 -2.449839
v  54.839071 64.012476 -2.449839
v  54.778295 62.944506 -2.622015
v  54.778295 62.944506 -2.622015
v  54.717519 61.897790 -2.348906
v  54.717519 61.897790 -2.348906
v  54.656743 61.050087 -1.676894
v  54.656743 61.050087 -1.676894
v  54.595967 60.545356 -0.720103
v  54.595967 60.545356 -0.720103
v  54.535191 60.469316 0.358980
v  54.535191 60.469316 0.358980
v  54.474416 60.834878 1.377099
v  54.474416 60.834878 1.377099
v  54.413640 61.579961 2.161352
v  54.413640 61.579961 2.161352
v  54.352864 62.578031 2.578552
v  54.352864 62.578031 2.578552
v  54.292088 63.659592 2.557850
v  54.292088 63.659592 2.557850
v  54.231312 64.640965 2.102761
v  54.231312 64.640965 2.102761
v  54.170536 65.355491 1.290571
v  54.170536 65.355491 1.290571
v  54.109760 65.681824 0.259209
v  54.109760 65.681824 0.259209
v  54.048985 65.564546 -0.816173
v  54.048985 65.564546 -0.816173
v  53.988209 65.023572 -1.752948
v  53.988209 65.023572 -1.752948
v  53.927433 64.150775 -2.392029
v  53.927433 64.150775 -2.392029
v  53.866657 63.094376 -2.624884
v  53.866657 63.094376 -2.624884
v  53.805881 62.033779 -2.411968
v  53.805881 62.033779 -2.411968
v  53.745105 61.149099 -1.789439
v  53.745105 61.149099 -1.789439
v  53.684329 60.590577 -0.863020
v  53.684329 60.590577 -0.863020
v  53.623554 60.453064 0.209962
v  53.623554 60.453064 0.209962
v  53.562778 60.759913 1.247287
v  53.562778 60.759913 1.247287
v  53.502002 61.459014 2.072791
v  53.502002 61.459014 2.072791
v  53.441226 62.431641 2.546285
v  53.441226 62.431641 2.546285
v  53.380450 63.512619 2.587355
v  53.380450 63.512619 2.587355
v  53.319674 64.518370 2.189028
v  53.319674 64.518370 2.189028
v  53.258898 65.278093 1.418950
v  53.258898 65.278093 1.418950
v  53.198123 65.662768 0.407899
v  53.198123 65.662768 0.407899
v  53.137347 65.607068 -0.672424
v  53.137347 65.607068 -0.672424
v  53.076571 65.120451 -1.638553
v  53.076571 65.120451 -1.638553
v  53.015795 64.285558 -2.326414
v  53.015795 64.285558 -2.326414
v  52.955019 63.244173 -2.619192
v  52.955019 63.244173 -2.619192
v  52.894243 62.173151 -2.467166
v  52.894243 62.173151 -2.467166
v  52.833467 61.254378 -1.896153
v  52.833467 61.254378 -1.896153
v  52.772691 60.643883 -1.003126
v  52.772691 60.643883 -1.003126
v  52.711916 60.445345 0.060257
v  52.711916 60.445345 0.060257
v  52.651140 60.692481 1.113407
v  52.651140 60.692481 1.113407
v  52.590364 61.343321 1.977473
v  52.590364 61.343321 1.977473
v  52.529588 62.287335 2.505714
v  52.529588 62.287335 2.505714
v  52.468812 63.364207 2.608422
v  52.468812 63.364207 2.608422
v  52.408036 64.391057 2.268153
v  52.408036 64.391057 2.268153
v  52.347260 65.193499 1.542695
v  52.347260 65.193499 1.542695
v  52.286485 65.635258 0.555248
v  52.286485 65.635258 0.555248
v  52.225709 65.641312 -0.526494
v  52.225709 65.641312 -0.526494
v  52.164933 65.210634 -1.518825
v  52.164933 65.210634 -1.518825
v  52.104157 64.416362 -2.253220
v  52.104157 64.416362 -2.253220
v  52.043381 63.393385 -2.604961
v  52.043381 63.393385 -2.604961
v  51.982605 62.315430 -2.514313
v  51.982605 62.315430 -2.514313
v  51.921829 61.365561 -1.996670
v  51.921829 61.365561 -1.996670
v  51.861054 60.705091 -1.139941
v  51.861054 60.705091 -1.139941
v  51.800278 60.446184 -0.089620
v  51.800278 60.446184 -0.089620
v  51.800278 60.446184 -0.089620
v  51.800278 60.446184 -0.089620
v  51.739502 60.632811 0.975920
v  51.739502 60.632811 0.975920
v  51.678726 61.233276 1.875724
v  51.678726 61.233276 1.875724
v  51.617950 62.145605 2.456982
v  51.617950 62.145605 2.456982
v  51.557174 63.214861 2.620981
v  51.557174 63.214861 2.620981
v  51.496398 64.259458 2.339870
v  51.496398 64.259458 2.339870
v  51.435623 65.101995 1.661390
v  51.435623 65.101995 1.661390
v  51.374847 65.599388 0.700763
v  51.374847 65.599388 0.700763
v  51.314071 65.667168 -0.378871
v  51.314071 65.667168 -0.378871
v  51.253295 65.293825 -1.394162
v  51.253295 65.293825 -1.394162
v  51.192519 64.542760 -2.172690
v  51.192519 64.542760 -2.172690
v  51.131743 63.541525 -2.582240
v  51.131743 63.541525 -2.582240
v  51.070967 62.460155 -2.553260
v  51.070967 62.460155 -2.553260
v  51.010191 61.482293 -2.090672
v  51.010191 61.482293 -2.090672
v  50.949416 60.774005 -1.273036
v  50.949416 60.774005 -1.273036
v  50.888640 60.455575 -0.239206
v  50.888640 60.455575 -0.239206
v  50.827864 60.581082 0.835247
v  50.827864 60.581082 0.835247
v  50.767088 61.129211 1.767854
v  50.767088 61.129211 1.767854
v  50.706312 62.006876 2.400235
v  50.706312 62.006876 2.400235
v  50.645536 63.065027 2.624996
v  50.645536 63.065027 2.624996
v  50.584760 64.123963 2.403967
v  50.584760 64.123963 2.403967
v  50.523985 65.003851 1.774684
v  50.523985 65.003851 1.774684
v  50.463209 65.555265 0.844016
v  50.463209 65.555265 0.844016
v  50.402433 65.684559 -0.229987
v  50.402433 65.684559 -0.229987
v  50.341657 65.369778 -1.264933
v  50.341657 65.369778 -1.264933
v  50.280881 64.664378 -2.085061
v  50.280881 64.664378 -2.085061
v  50.220105 63.688154 -2.551094
v  50.220105 63.688154 -2.551094
v  50.159329 62.606893 -2.583888
v  50.159329 62.606893 -2.583888
v  50.098554 61.604221 -2.177873
v  50.098554 61.604221 -2.177873
v  50.037778 60.850416 -1.402001
v  50.037778 60.850416 -1.402001
v  49.977002 60.473492 -0.388035
v  49.977002 60.473492 -0.388035
v  49.916226 60.537462 0.691830
v  49.916226 60.537462 0.691830
v  49.855450 61.031460 1.654205
v  49.855450 61.031460 1.654205
v  49.794674 61.871595 2.335654
v  49.794674 61.871595 2.335654
v  49.733898 62.915190 2.620451
v  49.733898 62.915190 2.620451
v  49.673123 63.985017 2.460231
v  49.673123 63.985017 2.460231
v  49.612347 64.899392 1.882202
v  49.612347 64.899392 1.882202
v  49.551571 65.503032 0.984528
v  49.551571 65.503032 0.984528
v  49.490795 65.693424 -0.080344
v  49.490795 65.693424 -0.080344
v  49.430019 65.438234 -1.131571
v  49.430019 65.438234 -1.131571
v  49.369243 64.780800 -1.990629
v  49.369243 64.780800 -1.990629
v  49.308467 63.832770 -2.511629
v  49.308467 63.832770 -2.511629
v  49.247691 62.755144 -2.606091
v  49.247691 62.755144 -2.606091
v  49.186916 61.730930 -2.257973
v  49.186916 61.730930 -2.257973
v  49.126140 60.934064 -1.526395
v  49.126140 60.934064 -1.526395
v  49.065364 60.499875 -0.535597
v  49.065364 60.499875 -0.535597
v  49.004588 60.502100 0.546160
v  49.004588 60.502100 0.546160
v  48.943812 60.940359 1.535165
v  48.943812 60.940359 1.535165
v  48.883036 61.740227 2.263460
v  48.883036 61.740227 2.263460
v  48.822260 62.765865 2.607362
v  48.822260 62.765865 2.607362
v  48.761485 63.843095 2.508468
v  48.761485 63.843095 2.508468
v  48.700709 64.788974 1.983573
v  48.700709 64.788974 1.983573
v  48.639933 65.442870 1.121816
v  48.639933 65.442870 1.121816
v  48.579157 65.693732 0.069546
v  48.579157 65.693732 0.069546
v  48.518381 65.498959 -0.994534
v  48.518381 65.498959 -0.994534
v  48.457605 64.891628 -1.889718
v  48.457605 64.891628 -1.889718
v  48.396829 63.974879 -2.463979
v  48.396829 63.974879 -2.463979
v  48.336054 62.904399 -2.619793
v  48.336054 62.904399 -2.619793
v  48.275278 61.861983 -2.330699
v  48.275278 61.861983 -2.330699
v  48.275278 61.861983 -2.330699
v  48.275278 61.861983 -2.330699
v  48.214502 61.024661 -1.645791
v  48.214502 61.024661 -1.645791
v  48.153726 60.534632 -0.681387
v  48.153726 60.534632 -0.681387
v  48.092950 60.475114 0.398735
v  48.092950 60.475114 0.398735
v  48.032174 60.856216 1.411141
v  48.032174 60.856216 1.411141
v  47.971398 61.613217 2.183899
v  47.971398 61.613217 2.183899
v  47.910623 62.617557 2.585775
v  47.910623 62.617557 2.585775
v  47.849847 63.698675 2.548521
v  47.849847 63.698675 2.548521
v  47.789071 64.672969 2.078462
v  47.789071 64.672969 2.078462
v  47.728295 65.374979 1.255429
v  47.728295 65.374979 1.255429
v  47.667519 65.685486 0.219191
v  47.667519 65.685486 0.219191
v  47.606743 65.551759 -0.854270
v  47.606743 65.551759 -0.854270
v  47.545967 64.996508 -1.782655
v  47.545967 64.996508 -1.782655
v  47.485191 64.114028 -2.408300
v  47.485191 64.114028 -2.408300
v  47.424416 63.054187 -2.624954
v  47.424416 63.054187 -2.624954
v  47.363640 61.996973 -2.395826
v  47.363640 61.996973 -2.395826
v  47.302864 61.121928 -1.759826
v  47.302864 61.121928 -1.759826
v  47.242088 60.577655 -0.824964
v  47.242088 60.577655 -0.824964
v  47.181312 60.456585 0.249998
v  47.181312 60.456585 0.249998
v  47.120536 60.779281 1.282504
v  47.120536 60.779281 1.282504
v  47.059760 61.490939 2.097209
v  47.059760 61.490939 2.097209
v  46.998985 62.470702 2.555755
v  46.998985 62.470702 2.555755
v  46.938209 63.552182 2.580270
v  46.938209 63.552182 2.580270
v  46.877433 64.551716 2.166591
v  46.877433 64.551716 2.166591
v  46.816657 65.299560 1.384971
v  46.816657 65.299560 1.384971
v  46.755881 65.668710 0.368148
v  46.755881 65.668710 0.368148
v  46.695105 65.596475 -0.711195
v  46.695105 65.596475 -0.711195
v  46.634329 65.095123 -1.669760
v  46.634329 65.095123 -1.669760
v  46.573554 64.249796 -2.344758
v  46.573554 64.249796 -2.344758
v  46.512778 63.204052 -2.621557
v  46.512778 63.204052 -2.621557
v  46.452002 62.135483 -2.453151
v  46.452002 62.135483 -2.453151
v  46.391226 61.225560 -1.868139
v  46.391226 61.225560 -1.868139
v  46.330450 60.628810 -0.965870
v  46.330450 60.628810 -0.965870
v  46.269674 60.446576 0.100428
v  46.269674 60.446576 0.100428
v  46.208898 60.709806 1.149670
v  46.208898 60.709806 1.149670
v  46.148123 61.373797 2.003670
v  46.148123 61.373797 2.003670
v  46.087347 62.325786 2.517397
v  46.087347 62.325786 2.517397
v  46.026571 63.404104 2.603607
v  46.026571 63.404104 2.603607
v  45.965795 64.425623 2.247659
v  45.965795 64.425623 2.247659
v  45.905019 65.216865 1.510003
v  45.905019 65.216865 1.510003
v  45.844243 65.643457 0.515911
v  45.844243 65.643457 0.515911
v  45.783467 65.632952 -0.565796
v  45.783467 65.632952 -0.565796
v  45.722691 65.187136 -1.551417
v  45.722691 65.187136 -1.551417
v  45.661916 64.381717 -2.273569
v  45.661916 64.381717 -2.273569
v  45.601140 63.353478 -2.609611
v  45.601140 63.353478 -2.609611
v  45.540364 62.277037 -2.502476
v  45.540364 62.277037 -2.502476
v  45.479588 61.335203 -1.970357
v  45.479588 61.335203 -1.970357
v  45.418812 60.687923 -1.103622
v  45.418812 60.687923 -1.103622
v  45.358036 60.445120 -0.049464
v  45.358036 60.445120 -0.049464
v  45.297260 60.648029 1.013095
v  45.297260 60.648029 1.013095
v  45.236485 61.262192 1.903604
v  45.236485 61.262192 1.903604
v  45.175709 62.183308 2.470833
v  45.175709 62.183308 2.470833
v  45.114933 63.254948 2.618452
v  45.114933 63.254948 2.618452
v  45.054157 64.295121 2.321391
v  45.054157 64.295121 2.321391
v  44.993381 65.127178 1.630098
v  44.993381 65.127178 1.630098
v  44.932605 65.609814 0.661973
v  44.932605 65.609814 0.661973
v  44.871829 65.661067 -0.418572
v  44.871829 65.661067 -0.418572
v  44.811054 65.272231 -1.428034
v  44.811054 65.272231 -1.428034
v  44.750278 64.509340 -2.194978
v  44.750278 64.509340 -2.194978
v  44.750278 64.509340 -2.194978
v  44.750278 64.509340 -2.194978
v  44.689502 63.501953 -2.589159
v  44.689502 63.501953 -2.589159
v  44.628726 62.421151 -2.543633
v  44.628726 62.421151 -2.543633
v  44.567950 61.450482 -2.066133
v  44.567950 61.450482 -2.066133
v  44.507174 60.754789 -1.237751
v  44.507174 60.754789 -1.237751
v  44.446398 60.452220 -0.199167
v  44.446398 60.452220 -0.199167
v  44.385623 60.594158 0.873240
v  44.385623 60.594158 0.873240
v  44.324847 61.156499 1.797349
v  44.324847 61.156499 1.797349
v  44.264071 62.043741 2.416222
v  44.264071 62.043741 2.416222
v  44.203295 63.105210 2.624759
v  44.203295 63.105210 2.624759
v  44.142519 64.160640 2.387546
v  44.142519 64.160640 2.387546
v  44.081743 65.030793 1.744867
v  44.081743 65.030793 1.744867
v  44.020967 65.567894 0.805865
v  44.020967 65.567894 0.805865
v  43.960191 65.680732 -0.269992
v  43.960191 65.680732 -0.269992
v  43.899416 65.350143 -1.299998
v  43.899416 65.350143 -1.299998
v  43.838640 64.632269 -2.109232
v  43.838640 64.632269 -2.109232
v  43.777864 63.649024 -2.560265
v  43.777864 63.649024 -2.560265
v  43.717088 62.567388 -2.576500
v  43.717088 62.567388 -2.576500
v  43.656312 61.571049 -2.155182
v  43.656312 61.571049 -2.155182
v  43.595536 60.829211 -1.367859
v  43.595536 60.829211 -1.367859
v  43.534760 60.467856 -0.348240
v  43.534760 60.467856 -0.348240
v  43.473985 60.548351 0.730519
v  43.473985 60.548351 0.730519
v  43.413209 61.057027 1.685217
v  43.413209 61.057027 1.685217
v  43.352433 61.907496 2.353724
v  43.352433 61.907496 2.353724
v  43.291657 62.955330 2.622509
v  43.291657 62.955330 2.622509
v  43.230881 64.022578 2.445927
v  43.230881 64.022578 2.445927
v  43.170105 64.927996 1.853966
v  43.170105 64.927996 1.853966
v  43.109329 65.517821 0.947155
v  43.109329 65.517821 0.947155
v  43.048554 65.691886 -0.120506
v  43.048554 65.691886 -0.120506
v  42.987778 65.420631 -1.167703
v  42.987778 65.420631 -1.167703
v  42.927002 64.750122 -2.016594
v  42.927002 64.750122 -2.016594
v  42.866226 63.794227 -2.523018
v  42.866226 63.794227 -2.523018
v  42.805450 62.715282 -2.600970
v  42.805450 62.715282 -2.600970
v  42.744674 61.696518 -2.237213
v  42.744674 61.696518 -2.237213
v  42.683898 60.910946 -1.493521
v  42.683898 60.910946 -1.493521
v  42.623123 60.491977 -0.496193
v  42.623123 60.491977 -0.496193
v  42.562347 60.510762 0.585402
v  42.562347 60.510762 0.585402
v  42.501571 60.964110 1.567581
v  42.501571 60.964110 1.567581
v  42.440795 61.775032 2.283545
v  42.440795 61.775032 2.283545
v  42.380019 62.805814 2.611707
v  42.380019 62.805814 2.611707
v  42.319243 63.881402 2.496335
v  42.319243 63.881402 2.496335
v  42.258467 64.819135 1.957023
v  42.258467 64.819135 1.957023
v  42.197691 65.459762 1.085360
v  42.197691 65.459762 1.085360
v  42.136916 65.694489 0.029375
v  42.136916 65.694489 0.029375
v  42.076140 65.483453 -1.031599
v  42.076140 65.483453 -1.031599
v  42.015364 64.862493 -1.917381
v  42.015364 64.862493 -1.917381
v  41.954588 63.937064 -2.477544
v  41.954588 63.937064 -2.477544
v  41.893812 62.864327 -2.616957
v  41.893812 62.864327 -2.616957
v  41.833036 61.826459 -2.311945
v  41.833036 61.826459 -2.311945
v  41.772260 60.999716 -1.614306
v  41.772260 60.999716 -1.614306
v  41.711485 60.524502 -0.642517
v  41.711485 60.524502 -0.642517
v  41.650709 60.481519 0.438388
v  41.650709 60.481519 0.438388
v  41.589933 60.878067 1.444844
v  41.589933 60.878067 1.444844
v  41.529157 61.646803 2.205928
v  41.529157 61.646803 2.205928
v  41.468381 62.657175 2.592390
v  41.468381 62.657175 2.592390
v  41.407605 63.737597 2.538597
v  41.407605 63.737597 2.538597
v  41.346829 64.704585 2.053686
v  41.346829 64.704585 2.053686
v  41.286054 65.393920 1.220005
v  41.286054 65.393920 1.220005
v  41.225278 65.688534 0.179136
v  41.225278 65.688534 0.179136
v  41.225278 65.688534 0.179136
v  41.225278 65.688534 0.179136
v  41.164502 65.538395 -0.892155
v  41.164502 65.538395 -0.892155
v  41.103726 64.969000 -1.811935
v  41.103726 64.969000 -1.811935
v  41.042950 64.077048 -2.424001
v  41.042950 64.077048 -2.424001
v  40.982174 63.014014 -2.624410
v  40.982174 63.014014 -2.624410
v  40.921398 61.960429 -2.379127
v  40.921398 61.960429 -2.379127
v  40.860623 61.095219 -1.729808
v  40.860623 61.095219 -1.729808
v  40.799847 60.565319 -0.786723
v  40.799847 60.565319 -0.786723
v  40.739071 60.460718 0.289968
v  40.739071 60.460718 0.289968
v  40.678295 60.799181 1.317414
v  40.678295 60.799181 1.317414
v  40.617519 61.523228 2.121130
v  40.617519 61.523228 2.121130
v  40.556743 62.509897 2.564624
v  40.556743 62.509897 2.564624
v  40.495967 63.591626 2.572580
v  40.495967 63.591626 2.572580
v  40.435191 64.584712 2.143648
v  40.435191 64.584712 2.143648
v  40.374416 65.320502 1.350670
v  40.374416 65.320502 1.350670
v  40.313640 65.674041 0.328314
v  40.313640 65.674041 0.328314
v  40.252864 65.585291 -0.749798
v  40.252864 65.585291 -0.749798
v  40.192088 65.069321 -1.700575
v  40.192088 65.069321 -1.700575
v  40.131312 64.213759 -2.362551
v  40.131312 64.213759 -2.362551
v  40.070536 63.163898 -2.623308
v  40.070536 63.163898 -2.623308
v  40.009760 62.098033 -2.438561
v  40.009760 62.098033 -2.438561
v  39.948985 61.197173 -1.839685
v  39.948985 61.197173 -1.839685
v  39.888209 60.614307 -0.928385
v  39.888209 60.614307 -0.928385
v  39.827433 60.448421 0.140577
v  39.827433 60.448421 0.140577
v  39.766657 60.727685 1.185667
v  39.766657 60.727685 1.185667
v  39.705881 61.404673 2.029400
v  39.705881 61.404673 2.029400
v  39.645105 62.364417 2.528491
v  39.645105 62.364417 2.528491
v  39.584329 63.443928 2.598181
v  39.584329 63.443928 2.598181
v  39.523554 64.459877 2.226635
v  39.523554 64.459877 2.226635
v  39.462778 65.239732 1.476951
v  39.462778 65.239732 1.476951
v  39.402002 65.651054 0.476444
v  39.402002 65.651054 0.476444
v  39.341226 65.623989 -0.604975
v  39.341226 65.623989 -0.604975
v  39.280450 65.163135 -1.583654
v  39.280450 65.163135 -1.583654
v  39.219674 64.346756 -2.293389
v  39.219674 64.346756 -2.293389
v  39.158898 63.313493 -2.613650
v  39.158898 63.313493 -2.613650
v  39.098123 62.238819 -2.490048
v  39.098123 62.238819 -2.490048
v  39.037347 61.305243 -1.943574
v  39.037347 61.305243 -1.943574
v  38.976571 60.671307 -1.067032
v  38.976571 60.671307 -1.067032
v  38.915795 60.444670 -0.009281
v  38.915795 60.444670 -0.009281
v  38.855019 60.663821 1.050045
v  38.855019 60.663821 1.050045
v  38.794243 61.291543 1.931048
v  38.794243 61.291543 1.931048
v  38.733467 62.221232 2.484111
v  38.733467 62.221232 2.484111
v  38.672691 63.295005 2.615309
v  38.672691 63.295005 2.615309
v  38.611916 64.330508 2.302362
v  38.611916 64.330508 2.302362
v  38.551140 65.151886 1.598417
v  38.551140 65.151886 1.598417
v  38.490364 65.619648 0.623019
v  38.490364 65.619648 0.623019
v  38.429588 65.654358 -0.458182
v  38.429588 65.654358 -0.458182
v  38.368812 65.250119 -1.461573
v  38.368812 65.250119 -1.461573
v  38.308036 64.475582 -2.216752
v  38.308036 64.475582 -2.216752
v  38.247260 63.462283 -2.595470
v  38.247260 63.462283 -2.595470
v  38.186485 62.382306 -2.533412
v  38.186485 62.382306 -2.533412
v  38.125709 61.419057 -2.041116
v  38.125709 61.419057 -2.041116
v  38.064933 60.736122 -1.202187
v  38.064933 60.736122 -1.202187
v  38.004157 60.449479 -0.159095
v  38.004157 60.449479 -0.159095
v  37.943381 60.607810 0.911015
v  37.943381 60.607810 0.911015
v  37.882605 61.184224 1.826412
v  37.882605 61.184224 1.826412
v  37.821829 62.080833 2.431637
v  37.821829 62.080833 2.431637
v  37.761054 63.145370 2.623908
v  37.761054 63.145370 2.623908
v  37.700278 64.197048 2.370571
v  37.700278 64.197048 2.370571
v  37.700278 64.197048 2.370571
v  37.700278 64.197048 2.370571
v  34.175278 61.555868 2.144546
v  34.175278 61.555868 2.144546
v  34.175278 61.555868 2.144546
v  37.639502 65.057265 1.714650
v  37.639502 65.057265 1.714650
v  37.578726 65.579935 0.767538
v  37.578726 65.579935 0.767538
v  37.517950 65.676294 -0.309922
v  37.517950 65.676294 -0.309922
v  37.457174 65.329979 -1.334749
v  37.457174 65.329979 -1.334749
v  37.396398 64.599803 -2.132902
v  37.396398 64.599803 -2.132902
v  37.335623 63.609768 -2.568833
v  37.335623 63.609768 -2.568833
v  37.274847 62.528009 -2.568510
v  37.274847 62.528009 -2.568510
v  37.214071 61.538234 -2.131990
v  37.214071 61.538234 -2.131990
v  37.153295 60.808534 -1.333403
v  37.153295 60.808534 -1.333403
v  37.092519 60.462830 -0.308371
v  37.092519 60.462830 -0.308371
v  37.031743 60.559830 0.769030
v  37.031743 60.559830 0.769030
v  36.970967 61.083061 1.715831
v  36.970967 61.083061 1.715831
v  36.910191 61.943666 2.371240
v  36.910191 61.943666 2.371240
v  36.849416 62.995492 2.623952
v  36.849416 62.995492 2.623952
v  36.788640 64.059913 2.431052
v  36.788640 64.059913 2.431052
v  36.727864 64.956162 1.825298
v  36.727864 64.956162 1.825298
v  36.667088 65.532035 0.909562
v  36.667088 65.532035 0.909562
v  36.606312 65.689734 -0.160639
v  36.606312 65.689734 -0.160639
v  36.545536 65.402478 -1.203560
v  36.545536 65.402478 -1.203560
v  36.484760 64.719050 -2.042087
v  36.484760 64.719050 -2.042087
v  36.423985 63.755513 -2.533816
v  36.423985 63.755513 -2.533816
v  36.363209 62.675500 -2.595239
v  36.363209 62.675500 -2.595239
v  36.302433 61.662425 -2.215927
v  36.302433 61.662425 -2.215927
v  36.241657 60.888332 -1.460295
v  36.241657 60.888332 -1.460295
v  36.180881 60.484682 -0.456668
v  36.180881 60.484682 -0.456668
v  36.120105 60.520025 0.624512
v  36.120105 60.520025 0.624512
v  36.059329 60.988358 1.599635
v  36.059329 60.988358 1.599635
v  35.998554 61.810147 2.303099
v  35.998554 61.810147 2.303099
v  35.937778 62.845831 2.615440
v  35.937778 62.845831 2.615440
v  35.877002 63.919527 2.483615
v  35.877002 63.919527 2.483615
v  35.816226 64.848892 1.930009
v  35.816226 64.848892 1.930009
v  35.755450 65.476099 1.048640
v  35.755450 65.476099 1.048640
v  35.694674 65.694631 -0.010814
v  35.694674 65.694631 -0.010814
v  35.633898 65.467377 -1.068432
v  35.633898 65.467377 -1.068432
v  35.573123 64.832930 -1.944603
v  35.573123 64.832930 -1.944603
v  35.512347 63.899034 -2.490533
v  35.512347 63.899034 -2.490533
v  35.451571 62.824289 -2.613507
v  35.451571 62.824289 -2.613507
v  35.390795 61.791213 -2.292643
v  35.390795 61.791213 -2.292643
v  35.330019 60.975248 -1.582431
v  35.330019 60.975248 -1.582431
v  35.269243 60.514965 -0.603482
v  35.269243 60.514965 -0.603482
v  35.208467 60.488533 0.477953
v  35.208467 60.488533 0.477953
v  35.147691 60.900439 1.478220
v  35.147691 60.900439 1.478220
v  35.086916 61.680733 2.227448
v  35.086916 61.680733 2.227448
v  35.026140 62.696900 2.598399
v  35.026140 62.696900 2.598399
v  34.965364 63.776371 2.528078
v  34.965364 63.776371 2.528078
v  34.904588 64.735823 2.028424
v  34.904588 64.735823 2.028424
v  34.843812 65.412318 1.184293
v  34.843812 65.412318 1.184293
v  34.783036 65.690969 0.139040
v  34.783036 65.690969 0.139040
v  34.722260 65.524454 -0.929827
v  34.722260 65.524454 -0.929827
v  34.661485 64.941053 -1.840785
v  34.661485 64.941053 -1.840785
v  34.600709 64.039840 -2.439132
v  34.600709 64.039840 -2.439132
v  34.539933 62.973864 -2.623252
v  34.539933 62.973864 -2.623252
v  34.479157 61.924156 -2.361876
v  34.479157 61.924156 -2.361876
v  34.418381 61.068983 -1.699394
v  34.418381 61.068983 -1.699394
v  34.357605 60.553574 -0.748311
v  34.357605 60.553574 -0.748311
v  34.296829 60.465461 0.329855
v  34.296829 60.465461 0.329855
v  34.236054 60.819606 1.352003
v  34.236054 60.819606 1.352003

vt  0.184868 0.440873 0.000000
vt  0.184868 0.440873 0.000000
vt  0.184868 0.440873 0.000000
vt  0.244670 0.440559 0.000000
vt  0.244670 0.440559 0.000000
vt  0.244670 0.440559 0.000000
vt  0.282605 0.439736 0.000000
vt  0.282605 0.439736 0.000000
vt  0.282605 0.439736 0.000000
vt  0.315556 0.438204 0.000000
vt  0.315556 0.438204 0.000000
vt  0.315556 0.438204 0.000000
vt  0.329999 0.437890 0.000000
vt  0.329999 0.437890 0.000000
vt  0.329999 0.437890 0.000000
vt  0.352766 0.437771 0.000000
vt  0.352766 0.437771 0.000000
vt  0.352766 0.437771 0.000000
vt  0.647234 0.437771 0.000000
vt  0.647234 0.437771 0.000000
vt  0.647234 0.437771 0.000000
vt  0.670001 0.437890 0.000000
vt  0.670001 0.437890 0.000000
vt  0.670001 0.437890 0.000000
vt  0.684444 0.438204 0.000000
vt  0.684444 0.438204 0.000000
vt  0.684444 0.438204 0.000000
vt  0.717395 0.439736 0.000000
vt  0.717395 0.439736 0.000000
vt  0.717395 0.439736 0.000000
vt  0.755330 0.440559 0.000000
vt  0.755330 0.440559 0.000000
vt  0.755330 0.440559 0.000000
vt  0.815132 0.440873 0.000000
vt  0.815132 0.440873 0.000000
vt  0.815132 0.440873 0.000000
vt  0.925000 0.440873 0.000000
vt  0.925000 0.440873 0.000000
vt  0.925000 0.440873 0.000000
vt  0.925000 0.439816 0.000000
vt  0.925000 0.439816 0.000000
vt  0.925000 0.439816 0.000000
vt  0.815132 0.439816 0.000000
vt  0.815132 0.439816 0.000000
vt  0.815132 0.439816 0.000000
vt  0.792365 0.439696 0.000000
vt  0.792365 0.439696 0.000000
vt  0.792365 0.439696 0.000000
vt  0.777922 0.439383 0.000000
vt  0.777922 0.439383 0.000000
vt  0.777922 0.439383 0.000000
vt  0.744971 0.437851 0.000000
vt  0.744971 0.437851 0.000000
vt  0.744971 0.437851 0.000000
vt  0.707036 0.437027 0.000000
vt  0.707036 0.437027 0.000000
vt  0.707036 0.437027 0.000000
vt  0.647234 0.436713 0.000000
vt  0.647234 0.436713 0.000000
vt  0.647234 0.436713 0.000000
vt  0.352766 0.436713 0.000000
vt  0.352766 0.436713 0.000000
vt  0.352766 0.436713 0.000000
vt  0.292964 0.437027 0.000000
vt  0.292964 0.437027 0.000000
vt  0.292964 0.437027 0.000000
vt  0.255029 0.437851 0.000000
vt  0.255029 0.437851 0.000000
vt  0.255029 0.437851 0.000000
vt  0.222078 0.439383 0.000000
vt  0.222078 0.439383 0.000000
vt  0.222078 0.439383 0.000000
vt  0.207635 0.439696 0.000000
vt  0.207635 0.439696 0.000000
vt  0.207635 0.439696 0.000000
vt  0.184868 0.439816 0.000000
vt  0.184868 0.439816 0.000000
vt  0.184868 0.439816 0.000000
vt  0.075000 0.439816 0.000000
vt  0.075000 0.439816 0.000000
vt  0.075000 0.439816 0.000000
vt  0.075000 0.440873 0.000000
vt  0.075000 0.440873 0.000000
vt  0.075000 0.440873 0.000000
vt  0.075000 0.315795 0.000000
vt  0.075000 0.315795 0.000000
vt  0.075000 0.204988 0.000000
vt  0.075000 0.204988 0.000000
vt  0.075000 0.117658 0.000000
vt  0.075000 0.117658 0.000000
vt  0.075000 0.061061 0.000000
vt  0.075000 0.061061 0.000000
vt  0.075000 0.039901 0.000000
vt  0.075000 0.039901 0.000000
vt  0.075000 0.055935 0.000000
vt  0.075000 0.055935 0.000000
vt  0.075000 0.107833 0.000000
vt  0.075000 0.107833 0.000000
vt  0.075000 0.191284 0.000000
vt  0.075000 0.191284 0.000000
vt  0.075000 0.299353 0.000000
vt  0.075000 0.299353 0.000000
vt  0.075000 0.423063 0.000000
vt  0.075000 0.423063 0.000000
vt  0.075000 0.552135 0.000000
vt  0.075000 0.552135 0.000000
vt  0.075000 0.675845 0.000000
vt  0.075000 0.675845 0.000000
vt  0.075000 0.783914 0.000000
vt  0.075000 0.783914 0.000000
vt  0.075000 0.867364 0.000000
vt  0.075000 0.867364 0.000000
vt  0.075000 0.919262 0.000000
vt  0.075000 0.919262 0.000000
vt  0.075000 0.935297 0.000000
vt  0.075000 0.935297 0.000000
vt  0.075000 0.914136 0.000000
vt  0.075000 0.914136 0.000000
vt  0.075000 0.857540 0.000000
vt  0.075000 0.857540 0.000000
vt  0.075000 0.770210 0.000000
vt  0.075000 0.770210 0.000000
vt  0.075000 0.659403 0.000000
vt  0.075000 0.659403 0.000000
vt  0.075000 0.534325 0.000000
vt  0.075000 0.534325 0.000000
vt  0.075000 0.534325 0.000000
vt  0.184868 0.534325 0.000000
vt  0.184868 0.534325 0.000000
vt  0.184868 0.534325 0.000000
vt  0.184868 0.659409 0.000000
vt  0.184868 0.659409 0.000000
vt  0.184868 0.770218 0.000000
vt  0.184868 0.770218 0.000000
vt  0.184868 0.857548 0.000000
vt  0.184868 0.857548 0.000000
vt  0.184868 0.914142 0.000000
vt  0.184868 0.914142 0.000000
vt  0.184868 0.935299 0.000000
vt  0.184868 0.935299 0.000000
vt  0.184868 0.919261 0.000000
vt  0.184868 0.919261 0.000000
vt  0.184868 0.867361 0.000000
vt  0.184868 0.867361 0.000000
vt  0.184868 0.783910 0.000000
vt  0.184868 0.783910 0.000000
vt  0.184868 0.675841 0.000000
vt  0.184868 0.675841 0.000000
vt  0.184868 0.552134 0.000000
vt  0.184868 0.552134 0.000000
vt  0.184868 0.423064 0.000000
vt  0.184868 0.423064 0.000000
vt  0.184868 0.299356 0.000000
vt  0.184868 0.299356 0.000000
vt  0.184868 0.191288 0.000000
vt  0.184868 0.191288 0.000000
vt  0.184868 0.107837 0.000000
vt  0.184868 0.107837 0.000000
vt  0.184868 0.055936 0.000000
vt  0.184868 0.055936 0.000000
vt  0.184868 0.039898 0.000000
vt  0.184868 0.039898 0.000000
vt  0.184868 0.061055 0.000000
vt  0.184868 0.061055 0.000000
vt  0.184868 0.117650 0.000000
vt  0.184868 0.117650 0.000000
vt  0.184868 0.204980 0.000000
vt  0.184868 0.204980 0.000000
vt  0.184868 0.315789 0.000000
vt  0.184868 0.315789 0.000000
vt  0.075000 0.311911 0.000000
vt  0.075000 0.311911 0.000000
vt  0.075000 0.198596 0.000000
vt  0.075000 0.198596 0.000000
vt  0.075000 0.109288 0.000000
vt  0.075000 0.109288 0.000000
vt  0.075000 0.051410 0.000000
vt  0.075000 0.051410 0.000000
vt  0.075000 0.029773 0.000000
vt  0.075000 0.029773 0.000000
vt  0.075000 0.046174 0.000000
vt  0.075000 0.046174 0.000000
vt  0.075000 0.099252 0.000000
vt  0.075000 0.099252 0.000000
vt  0.075000 0.184595 0.000000
vt  0.075000 0.184595 0.000000
vt  0.075000 0.295109 0.000000
vt  0.075000 0.295109 0.000000
vt  0.075000 0.421610 0.000000
vt  0.075000 0.421610 0.000000
vt  0.075000 0.553588 0.000000
vt  0.075000 0.553588 0.000000
vt  0.075000 0.680089 0.000000
vt  0.075000 0.680089 0.000000
vt  0.075000 0.790603 0.000000
vt  0.075000 0.790603 0.000000
vt  0.075000 0.875945 0.000000
vt  0.075000 0.875945 0.000000
vt  0.075000 0.929023 0.000000
vt  0.075000 0.929023 0.000000
vt  0.075000 0.945425 0.000000
vt  0.075000 0.945425 0.000000
vt  0.075000 0.923788 0.000000
vt  0.075000 0.923788 0.000000
vt  0.075000 0.865909 0.000000
vt  0.075000 0.865909 0.000000
vt  0.075000 0.776601 0.000000
vt  0.075000 0.776601 0.000000
vt  0.075000 0.663287 0.000000
vt  0.075000 0.663287 0.000000
vt  0.075000 0.535382 0.000000
vt  0.075000 0.535382 0.000000
vt  0.075000 0.535382 0.000000
vt  0.184868 0.311902 0.000000
vt  0.184868 0.311902 0.000000
vt  0.184868 0.198585 0.000000
vt  0.184868 0.198585 0.000000
vt  0.184868 0.109279 0.000000
vt  0.184868 0.109279 0.000000
vt  0.184868 0.051404 0.000000
vt  0.184868 0.051404 0.000000
vt  0.184868 0.029769 0.000000
vt  0.184868 0.029769 0.000000
vt  0.184868 0.046169 0.000000
vt  0.184868 0.046169 0.000000
vt  0.184868 0.099244 0.000000
vt  0.184868 0.099244 0.000000
vt  0.184868 0.184583 0.000000
vt  0.184868 0.184583 0.000000
vt  0.184868 0.295097 0.000000
vt  0.184868 0.295097 0.000000
vt  0.184868 0.421604 0.000000
vt  0.184868 0.421604 0.000000
vt  0.184868 0.553594 0.000000
vt  0.184868 0.553594 0.000000
vt  0.184868 0.680101 0.000000
vt  0.184868 0.680101 0.000000
vt  0.184868 0.790614 0.000000
vt  0.184868 0.790614 0.000000
vt  0.184868 0.875954 0.000000
vt  0.184868 0.875954 0.000000
vt  0.184868 0.929028 0.000000
vt  0.184868 0.929028 0.000000
vt  0.184868 0.945429 0.000000
vt  0.184868 0.945429 0.000000
vt  0.184868 0.923793 0.000000
vt  0.184868 0.923793 0.000000
vt  0.184868 0.865918 0.000000
vt  0.184868 0.865918 0.000000
vt  0.184868 0.776613 0.000000
vt  0.184868 0.776613 0.000000
vt  0.184868 0.663296 0.000000
vt  0.184868 0.663296 0.000000
vt  0.184868 0.535382 0.000000
vt  0.184868 0.535382 0.000000
vt  0.184868 0.535382 0.000000
vt  0.222078 0.310310 0.000000
vt  0.222078 0.310310 0.000000
vt  0.222078 0.195966 0.000000
vt  0.222078 0.195966 0.000000
vt  0.222078 0.105851 0.000000
vt  0.222078 0.105851 0.000000
vt  0.222078 0.047452 0.000000
vt  0.222078 0.047452 0.000000
vt  0.222078 0.025620 0.000000
vt  0.222078 0.025620 0.000000
vt  0.222078 0.042169 0.000000
vt  0.222078 0.042169 0.000000
vt  0.222078 0.095725 0.000000
vt  0.222078 0.095725 0.000000
vt  0.222078 0.181838 0.000000
vt  0.222078 0.181838 0.000000
vt  0.222078 0.293353 0.000000
vt  0.222078 0.293353 0.000000
vt  0.222078 0.421006 0.000000
vt  0.222078 0.421006 0.000000
vt  0.222078 0.554192 0.000000
vt  0.222078 0.554192 0.000000
vt  0.222078 0.681845 0.000000
vt  0.222078 0.681845 0.000000
vt  0.222078 0.793360 0.000000
vt  0.222078 0.793360 0.000000
vt  0.222078 0.879473 0.000000
vt  0.222078 0.879473 0.000000
vt  0.222078 0.933028 0.000000
vt  0.222078 0.933028 0.000000
vt  0.222078 0.949578 0.000000
vt  0.222078 0.949578 0.000000
vt  0.222078 0.927746 0.000000
vt  0.222078 0.927746 0.000000
vt  0.222078 0.869347 0.000000
vt  0.222078 0.869347 0.000000
vt  0.222078 0.779232 0.000000
vt  0.222078 0.779232 0.000000
vt  0.222078 0.664888 0.000000
vt  0.222078 0.664888 0.000000
vt  0.222078 0.535815 0.000000
vt  0.222078 0.535815 0.000000
vt  0.222078 0.535815 0.000000
vt  0.207635 0.535502 0.000000
vt  0.207635 0.535502 0.000000
vt  0.207635 0.535502 0.000000
vt  0.207650 0.658145 0.000000
vt  0.207650 0.767871 0.000000
vt  0.207650 0.856368 0.000000
vt  0.207650 0.916932 0.000000
vt  0.207650 0.944975 0.000000
vt  0.207650 0.938374 0.000000
vt  0.207650 0.897629 0.000000
vt  0.207650 0.825826 0.000000
vt  0.207650 0.728403 0.000000
vt  0.207650 0.612740 0.000000
vt  0.207650 0.487599 0.000000
vt  0.207650 0.362457 0.000000
vt  0.207650 0.246795 0.000000
vt  0.207650 0.149372 0.000000
vt  0.207650 0.077569 0.000000
vt  0.207650 0.036823 0.000000
vt  0.207650 0.030223 0.000000
vt  0.207650 0.058266 0.000000
vt  0.207650 0.118830 0.000000
vt  0.207650 0.207326 0.000000
vt  0.207650 0.317052 0.000000
vt  0.255029 0.370036 0.000000
vt  0.255029 0.370036 0.000000
vt  0.255029 0.304676 0.000000
vt  0.255029 0.304676 0.000000
vt  0.255029 0.243136 0.000000
vt  0.255029 0.243136 0.000000
vt  0.255029 0.186699 0.000000
vt  0.255029 0.186699 0.000000
vt  0.255029 0.136545 0.000000
vt  0.255029 0.136545 0.000000
vt  0.255029 0.093721 0.000000
vt  0.255029 0.093721 0.000000
vt  0.255029 0.059121 0.000000
vt  0.255029 0.059121 0.000000
vt  0.255029 0.033466 0.000000
vt  0.255029 0.033466 0.000000
vt  0.255029 0.017294 0.000000
vt  0.255029 0.017294 0.000000
vt  0.255029 0.010941 0.000000
vt  0.255029 0.010941 0.000000
vt  0.255029 0.014540 0.000000
vt  0.255029 0.014540 0.000000
vt  0.255029 0.028016 0.000000
vt  0.255029 0.028016 0.000000
vt  0.255029 0.051088 0.000000
vt  0.255029 0.051088 0.000000
vt  0.255029 0.083273 0.000000
vt  0.255029 0.083273 0.000000
vt  0.255029 0.123901 0.000000
vt  0.255029 0.123901 0.000000
vt  0.255029 0.172122 0.000000
vt  0.255029 0.172122 0.000000
vt  0.255029 0.226930 0.000000
vt  0.255029 0.226930 0.000000
vt  0.255029 0.287181 0.000000
vt  0.255029 0.287181 0.000000
vt  0.255029 0.351616 0.000000
vt  0.255029 0.351616 0.000000
vt  0.255029 0.418890 0.000000
vt  0.255029 0.418890 0.000000
vt  0.255029 0.487599 0.000000
vt  0.255029 0.487599 0.000000
vt  0.255029 0.556308 0.000000
vt  0.255029 0.556308 0.000000
vt  0.255029 0.623582 0.000000
vt  0.255029 0.623582 0.000000
vt  0.255029 0.688017 0.000000
vt  0.255029 0.688017 0.000000
vt  0.255029 0.748268 0.000000
vt  0.255029 0.748268 0.000000
vt  0.255029 0.803076 0.000000
vt  0.255029 0.803076 0.000000
vt  0.255029 0.851297 0.000000
vt  0.255029 0.851297 0.000000
vt  0.255029 0.891924 0.000000
vt  0.255029 0.891924 0.000000
vt  0.255029 0.924110 0.000000
vt  0.255029 0.924110 0.000000
vt  0.255029 0.947182 0.000000
vt  0.255029 0.947182 0.000000
vt  0.255029 0.960658 0.000000
vt  0.255029 0.960658 0.000000
vt  0.255029 0.964257 0.000000
vt  0.255029 0.964257 0.000000
vt  0.255029 0.957904 0.000000
vt  0.255029 0.957904 0.000000
vt  0.255029 0.941732 0.000000
vt  0.255029 0.941732 0.000000
vt  0.255029 0.916077 0.000000
vt  0.255029 0.916077 0.000000
vt  0.255029 0.881477 0.000000
vt  0.255029 0.881477 0.000000
vt  0.255029 0.838652 0.000000
vt  0.255029 0.838652 0.000000
vt  0.255029 0.788498 0.000000
vt  0.255029 0.788498 0.000000
vt  0.255029 0.732062 0.000000
vt  0.255029 0.732062 0.000000
vt  0.255029 0.670521 0.000000
vt  0.255029 0.670521 0.000000
vt  0.255029 0.605162 0.000000
vt  0.255029 0.605162 0.000000
vt  0.255029 0.537347 0.000000
vt  0.255029 0.537347 0.000000
vt  0.255029 0.537347 0.000000
vt  0.352766 0.934948 0.000000
vt  0.352766 0.934948 0.000000
vt  0.352766 0.934948 0.000000
vt  0.352766 0.934948 0.000000
vt  0.352766 0.877789 0.000000
vt  0.352766 0.877789 0.000000
vt  0.352766 0.799389 0.000000
vt  0.352766 0.799389 0.000000
vt  0.352766 0.704016 0.000000
vt  0.352766 0.704016 0.000000
vt  0.352766 0.596862 0.000000
vt  0.352766 0.596862 0.000000
vt  0.352766 0.596862 0.000000
vt  0.352766 0.596862 0.000000
vt  0.352766 0.567821 0.000000
vt  0.352766 0.567821 0.000000
vt  0.352766 0.538484 0.000000
vt  0.352766 0.538484 0.000000
vt  0.352766 0.538484 0.000000
vt  0.292964 0.538170 0.000000
vt  0.292964 0.538170 0.000000
vt  0.292964 0.538170 0.000000
vt  0.292925 0.662238 0.000000
vt  0.292925 0.774195 0.000000
vt  0.292925 0.866279 0.000000
vt  0.292925 0.932105 0.000000
vt  0.292925 0.967110 0.000000
vt  0.292925 0.968865 0.000000
vt  0.292925 0.937249 0.000000
vt  0.292925 0.874455 0.000000
vt  0.292925 0.784836 0.000000
vt  0.292925 0.674606 0.000000
vt  0.292925 0.551410 0.000000
vt  0.292925 0.423788 0.000000
vt  0.292925 0.300592 0.000000
vt  0.292925 0.190362 0.000000
vt  0.292925 0.100743 0.000000
vt  0.292925 0.037948 0.000000
vt  0.292925 0.006333 0.000000
vt  0.292925 0.008088 0.000000
vt  0.292925 0.043092 0.000000
vt  0.292925 0.108919 0.000000
vt  0.292925 0.201003 0.000000
vt  0.292925 0.312960 0.000000
vt  0.352766 0.407377 0.000000
vt  0.352766 0.407377 0.000000
vt  0.352766 0.378336 0.000000
vt  0.352766 0.378336 0.000000
vt  0.352766 0.378336 0.000000
vt  0.352766 0.378336 0.000000
vt  0.352766 0.271182 0.000000
vt  0.352766 0.271182 0.000000
vt  0.352766 0.175809 0.000000
vt  0.352766 0.175809 0.000000
vt  0.352766 0.097409 0.000000
vt  0.352766 0.097409 0.000000
vt  0.352766 0.040250 0.000000
vt  0.352766 0.040250 0.000000
vt  0.352766 0.040250 0.000000
vt  0.352766 0.040250 0.000000
vt  0.352766 0.017351 0.000000
vt  0.352766 0.017351 0.000000
vt  0.352766 0.003845 0.000000
vt  0.352766 0.003845 0.000000
vt  0.352766 0.000000 0.000000
vt  0.352766 0.000000 0.000000
vt  0.352766 0.005894 0.000000
vt  0.352766 0.005894 0.000000
vt  0.352766 0.021409 0.000000
vt  0.352766 0.021409 0.000000
vt  0.352766 0.046236 0.000000
vt  0.352766 0.046236 0.000000
vt  0.352766 0.079877 0.000000
vt  0.352766 0.079877 0.000000
vt  0.352766 0.121662 0.000000
vt  0.352766 0.121662 0.000000
vt  0.352766 0.170756 0.000000
vt  0.352766 0.170756 0.000000
vt  0.352766 0.226178 0.000000
vt  0.352766 0.226178 0.000000
vt  0.352766 0.286822 0.000000
vt  0.352766 0.286822 0.000000
vt  0.352766 0.351475 0.000000
vt  0.352766 0.351475 0.000000
vt  0.352766 0.418848 0.000000
vt  0.352766 0.418848 0.000000
vt  0.352766 0.487593 0.000000
vt  0.352766 0.487593 0.000000
vt  0.352766 0.556339 0.000000
vt  0.352766 0.556339 0.000000
vt  0.352766 0.623711 0.000000
vt  0.352766 0.623711 0.000000
vt  0.352766 0.688365 0.000000
vt  0.352766 0.688365 0.000000
vt  0.352766 0.749009 0.000000
vt  0.352766 0.749009 0.000000
vt  0.352766 0.804432 0.000000
vt  0.352766 0.804432 0.000000
vt  0.352766 0.853527 0.000000
vt  0.352766 0.853527 0.000000
vt  0.352766 0.895314 0.000000
vt  0.352766 0.895314 0.000000
vt  0.352766 0.928957 0.000000
vt  0.352766 0.928957 0.000000
vt  0.352766 0.953785 0.000000
vt  0.352766 0.953785 0.000000
vt  0.352766 0.969302 0.000000
vt  0.352766 0.969302 0.000000
vt  0.352766 0.975198 0.000000
vt  0.352766 0.975198 0.000000
vt  0.352766 0.971355 0.000000
vt  0.352766 0.971355 0.000000
vt  0.352766 0.957849 0.000000
vt  0.352766 0.957849 0.000000
vt  0.647234 0.378336 0.000000
vt  0.647234 0.378336 0.000000
vt  0.647234 0.378336 0.000000
vt  0.647234 0.378336 0.000000
vt  0.647234 0.407377 0.000000
vt  0.647234 0.407377 0.000000
vt  0.647234 0.596862 0.000000
vt  0.647234 0.596862 0.000000
vt  0.647234 0.596862 0.000000
vt  0.647234 0.596862 0.000000
vt  0.647234 0.567821 0.000000
vt  0.647234 0.567821 0.000000
vt  0.647234 0.538484 0.000000
vt  0.647234 0.538484 0.000000
vt  0.647234 0.538484 0.000000
vt  0.647234 0.040250 0.000000
vt  0.647234 0.040250 0.000000
vt  0.647234 0.040250 0.000000
vt  0.647234 0.040250 0.000000
vt  0.647234 0.017351 0.000000
vt  0.647234 0.017351 0.000000
vt  0.647234 0.003845 0.000000
vt  0.647234 0.003845 0.000000
vt  0.647234 0.000000 0.000000
vt  0.647234 0.000000 0.000000
vt  0.647234 0.005894 0.000000
vt  0.647234 0.005894 0.000000
vt  0.647234 0.021409 0.000000
vt  0.647234 0.021409 0.000000
vt  0.647234 0.046236 0.000000
vt  0.647234 0.046236 0.000000
vt  0.647234 0.079877 0.000000
vt  0.647234 0.079877 0.000000
vt  0.647234 0.121662 0.000000
vt  0.647234 0.121662 0.000000
vt  0.647234 0.170756 0.000000
vt  0.647234 0.170756 0.000000
vt  0.647234 0.226178 0.000000
vt  0.647234 0.226178 0.000000
vt  0.647234 0.286822 0.000000
vt  0.647234 0.286822 0.000000
vt  0.647234 0.351475 0.000000
vt  0.647234 0.351475 0.000000
vt  0.647234 0.418848 0.000000
vt  0.647234 0.418848 0.000000
vt  0.647234 0.487593 0.000000
vt  0.647234 0.487593 0.000000
vt  0.647234 0.556339 0.000000
vt  0.647234 0.556339 0.000000
vt  0.647234 0.623711 0.000000
vt  0.647234 0.623711 0.000000
vt  0.647234 0.688365 0.000000
vt  0.647234 0.688365 0.000000
vt  0.647234 0.749009 0.000000
vt  0.647234 0.749009 0.000000
vt  0.647234 0.804432 0.000000
vt  0.647234 0.804432 0.000000
vt  0.647234 0.853527 0.000000
vt  0.647234 0.853527 0.000000
vt  0.647234 0.895314 0.000000
vt  0.647234 0.895314 0.000000
vt  0.647234 0.928957 0.000000
vt  0.647234 0.928957 0.000000
vt  0.647234 0.953785 0.000000
vt  0.647234 0.953785 0.000000
vt  0.647234 0.969302 0.000000
vt  0.647234 0.969302 0.000000
vt  0.647234 0.975198 0.000000
vt  0.647234 0.975198 0.000000
vt  0.647234 0.971355 0.000000
vt  0.647234 0.971355 0.000000
vt  0.647234 0.957849 0.000000
vt  0.647234 0.957849 0.000000
vt  0.647234 0.934948 0.000000
vt  0.647234 0.934948 0.000000
vt  0.647234 0.934948 0.000000
vt  0.647234 0.934948 0.000000
vt  0.500000 0.935448 0.000000
vt  0.500000 0.935448 0.000000
vt  0.500000 0.039750 0.000000
vt  0.500000 0.039750 0.000000
vt  0.647234 0.097409 0.000000
vt  0.647234 0.097409 0.000000
vt  0.647234 0.175809 0.000000
vt  0.647234 0.175809 0.000000
vt  0.647234 0.271182 0.000000
vt  0.647234 0.271182 0.000000
vt  0.707075 0.312960 0.000000
vt  0.707075 0.201003 0.000000
vt  0.707075 0.108919 0.000000
vt  0.707075 0.043092 0.000000
vt  0.707075 0.008088 0.000000
vt  0.707075 0.006333 0.000000
vt  0.707075 0.037948 0.000000
vt  0.707075 0.100743 0.000000
vt  0.707075 0.190362 0.000000
vt  0.707075 0.300592 0.000000
vt  0.707075 0.423788 0.000000
vt  0.707075 0.551410 0.000000
vt  0.707075 0.674606 0.000000
vt  0.707075 0.784836 0.000000
vt  0.707075 0.874455 0.000000
vt  0.707075 0.937249 0.000000
vt  0.707075 0.968865 0.000000
vt  0.707075 0.967110 0.000000
vt  0.707075 0.932105 0.000000
vt  0.707075 0.866279 0.000000
vt  0.707075 0.774195 0.000000
vt  0.707075 0.662238 0.000000
vt  0.707036 0.538170 0.000000
vt  0.707036 0.538170 0.000000
vt  0.707036 0.538170 0.000000
vt  0.647234 0.704016 0.000000
vt  0.647234 0.704016 0.000000
vt  0.647234 0.799389 0.000000
vt  0.647234 0.799389 0.000000
vt  0.647234 0.877789 0.000000
vt  0.647234 0.877789 0.000000
vt  0.744971 0.370036 0.000000
vt  0.744971 0.370036 0.000000
vt  0.744971 0.304676 0.000000
vt  0.744971 0.304676 0.000000
vt  0.744971 0.243136 0.000000
vt  0.744971 0.243136 0.000000
vt  0.744971 0.186699 0.000000
vt  0.744971 0.186699 0.000000
vt  0.744971 0.136545 0.000000
vt  0.744971 0.136545 0.000000
vt  0.744971 0.093721 0.000000
vt  0.744971 0.093721 0.000000
vt  0.744971 0.059121 0.000000
vt  0.744971 0.059121 0.000000
vt  0.744971 0.033466 0.000000
vt  0.744971 0.033466 0.000000
vt  0.744971 0.017294 0.000000
vt  0.744971 0.017294 0.000000
vt  0.744971 0.010941 0.000000
vt  0.744971 0.010941 0.000000
vt  0.744971 0.014540 0.000000
vt  0.744971 0.014540 0.000000
vt  0.744971 0.028016 0.000000
vt  0.744971 0.028016 0.000000
vt  0.744971 0.051088 0.000000
vt  0.744971 0.051088 0.000000
vt  0.744971 0.083273 0.000000
vt  0.744971 0.083273 0.000000
vt  0.744971 0.123901 0.000000
vt  0.744971 0.123901 0.000000
vt  0.744971 0.172122 0.000000
vt  0.744971 0.172122 0.000000
vt  0.744971 0.226930 0.000000
vt  0.744971 0.226930 0.000000
vt  0.744971 0.287181 0.000000
vt  0.744971 0.287181 0.000000
vt  0.744971 0.351616 0.000000
vt  0.744971 0.351616 0.000000
vt  0.744971 0.418890 0.000000
vt  0.744971 0.418890 0.000000
vt  0.744971 0.487599 0.000000
vt  0.744971 0.487599 0.000000
vt  0.744971 0.556308 0.000000
vt  0.744971 0.556308 0.000000
vt  0.744971 0.623582 0.000000
vt  0.744971 0.623582 0.000000
vt  0.744971 0.688017 0.000000
vt  0.744971 0.688017 0.000000
vt  0.744971 0.748268 0.000000
vt  0.744971 0.748268 0.000000
vt  0.744971 0.803076 0.000000
vt  0.744971 0.803076 0.000000
vt  0.744971 0.851297 0.000000
vt  0.744971 0.851297 0.000000
vt  0.744971 0.891924 0.000000
vt  0.744971 0.891924 0.000000
vt  0.744971 0.924110 0.000000
vt  0.744971 0.924110 0.000000
vt  0.744971 0.947182 0.000000
vt  0.744971 0.947182 0.000000
vt  0.744971 0.960658 0.000000
vt  0.744971 0.960658 0.000000
vt  0.744971 0.964257 0.000000
vt  0.744971 0.964257 0.000000
vt  0.744971 0.957904 0.000000
vt  0.744971 0.957904 0.000000
vt  0.744971 0.941732 0.000000
vt  0.744971 0.941732 0.000000
vt  0.744971 0.916077 0.000000
vt  0.744971 0.916077 0.000000
vt  0.744971 0.881477 0.000000
vt  0.744971 0.881477 0.000000
vt  0.744971 0.838652 0.000000
vt  0.744971 0.838652 0.000000
vt  0.744971 0.788498 0.000000
vt  0.744971 0.788498 0.000000
vt  0.744971 0.732062 0.000000
vt  0.744971 0.732062 0.000000
vt  0.744971 0.670521 0.000000
vt  0.744971 0.670521 0.000000
vt  0.744971 0.605162 0.000000
vt  0.744971 0.605162 0.000000
vt  0.744971 0.537347 0.000000
vt  0.744971 0.537347 0.000000
vt  0.744971 0.537347 0.000000
vt  0.777922 0.310310 0.000000
vt  0.777922 0.310310 0.000000
vt  0.777922 0.195966 0.000000
vt  0.777922 0.195966 0.000000
vt  0.777922 0.105851 0.000000
vt  0.777922 0.105851 0.000000
vt  0.777922 0.047452 0.000000
vt  0.777922 0.047452 0.000000
vt  0.777922 0.025620 0.000000
vt  0.777922 0.025620 0.000000
vt  0.777922 0.042169 0.000000
vt  0.777922 0.042169 0.000000
vt  0.777922 0.095725 0.000000
vt  0.777922 0.095725 0.000000
vt  0.777922 0.181838 0.000000
vt  0.777922 0.181838 0.000000
vt  0.777922 0.293353 0.000000
vt  0.777922 0.293353 0.000000
vt  0.777922 0.421006 0.000000
vt  0.777922 0.421006 0.000000
vt  0.777922 0.554192 0.000000
vt  0.777922 0.554192 0.000000
vt  0.777922 0.681845 0.000000
vt  0.777922 0.681845 0.000000
vt  0.777922 0.793360 0.000000
vt  0.777922 0.793360 0.000000
vt  0.777922 0.879473 0.000000
vt  0.777922 0.879473 0.000000
vt  0.777922 0.933028 0.000000
vt  0.777922 0.933028 0.000000
vt  0.777922 0.949578 0.000000
vt  0.777922 0.949578 0.000000
vt  0.777922 0.927746 0.000000
vt  0.777922 0.927746 0.000000
vt  0.777922 0.869347 0.000000
vt  0.777922 0.869347 0.000000
vt  0.777922 0.779232 0.000000
vt  0.777922 0.779232 0.000000
vt  0.777922 0.664888 0.000000
vt  0.777922 0.664888 0.000000
vt  0.777922 0.535815 0.000000
vt  0.777922 0.535815 0.000000
vt  0.777922 0.535815 0.000000
vt  0.815132 0.311902 0.000000
vt  0.815132 0.311902 0.000000
vt  0.815132 0.198585 0.000000
vt  0.815132 0.198585 0.000000
vt  0.815132 0.109279 0.000000
vt  0.815132 0.109279 0.000000
vt  0.815132 0.051404 0.000000
vt  0.815132 0.051404 0.000000
vt  0.815132 0.029769 0.000000
vt  0.815132 0.029769 0.000000
vt  0.815132 0.046169 0.000000
vt  0.815132 0.046169 0.000000
vt  0.815132 0.099244 0.000000
vt  0.815132 0.099244 0.000000
vt  0.815132 0.184583 0.000000
vt  0.815132 0.184583 0.000000
vt  0.815132 0.295097 0.000000
vt  0.815132 0.295097 0.000000
vt  0.815132 0.421604 0.000000
vt  0.815132 0.421604 0.000000
vt  0.815132 0.553594 0.000000
vt  0.815132 0.553594 0.000000
vt  0.815132 0.680101 0.000000
vt  0.815132 0.680101 0.000000
vt  0.815132 0.790614 0.000000
vt  0.815132 0.790614 0.000000
vt  0.815132 0.875954 0.000000
vt  0.815132 0.875954 0.000000
vt  0.815132 0.929028 0.000000
vt  0.815132 0.929028 0.000000
vt  0.815132 0.945429 0.000000
vt  0.815132 0.945429 0.000000
vt  0.815132 0.923793 0.000000
vt  0.815132 0.923793 0.000000
vt  0.815132 0.865918 0.000000
vt  0.815132 0.865918 0.000000
vt  0.815132 0.776613 0.000000
vt  0.815132 0.776613 0.000000
vt  0.815132 0.663296 0.000000
vt  0.815132 0.663296 0.000000
vt  0.815132 0.535382 0.000000
vt  0.815132 0.535382 0.000000
vt  0.815132 0.535382 0.000000
vt  0.792365 0.535502 0.000000
vt  0.792365 0.535502 0.000000
vt  0.792365 0.535502 0.000000
vt  0.792350 0.658145 0.000000
vt  0.792350 0.767871 0.000000
vt  0.792350 0.856368 0.000000
vt  0.792350 0.916932 0.000000
vt  0.792350 0.944975 0.000000
vt  0.792350 0.938374 0.000000
vt  0.792350 0.897629 0.000000
vt  0.792350 0.825826 0.000000
vt  0.792350 0.728403 0.000000
vt  0.792350 0.612740 0.000000
vt  0.792350 0.487599 0.000000
vt  0.792350 0.362457 0.000000
vt  0.792350 0.246795 0.000000
vt  0.792350 0.149372 0.000000
vt  0.792350 0.077569 0.000000
vt  0.792350 0.036823 0.000000
vt  0.792350 0.030223 0.000000
vt  0.792350 0.058266 0.000000
vt  0.792350 0.118830 0.000000
vt  0.792350 0.207326 0.000000
vt  0.792350 0.317052 0.000000
vt  0.925000 0.311911 0.000000
vt  0.925000 0.311911 0.000000
vt  0.925000 0.198596 0.000000
vt  0.925000 0.198596 0.000000
vt  0.925000 0.109288 0.000000
vt  0.925000 0.109288 0.000000
vt  0.925000 0.051410 0.000000
vt  0.925000 0.051410 0.000000
vt  0.925000 0.029773 0.000000
vt  0.925000 0.029773 0.000000
vt  0.925000 0.046174 0.000000
vt  0.925000 0.046174 0.000000
vt  0.925000 0.099252 0.000000
vt  0.925000 0.099252 0.000000
vt  0.925000 0.184595 0.000000
vt  0.925000 0.184595 0.000000
vt  0.925000 0.295109 0.000000
vt  0.925000 0.295109 0.000000
vt  0.925000 0.421610 0.000000
vt  0.925000 0.421610 0.000000
vt  0.925000 0.553588 0.000000
vt  0.925000 0.553588 0.000000
vt  0.925000 0.680089 0.000000
vt  0.925000 0.680089 0.000000
vt  0.925000 0.790603 0.000000
vt  0.925000 0.790603 0.000000
vt  0.925000 0.875945 0.000000
vt  0.925000 0.875945 0.000000
vt  0.925000 0.929023 0.000000
vt  0.925000 0.929023 0.000000
vt  0.925000 0.945425 0.000000
vt  0.925000 0.945425 0.000000
vt  0.925000 0.923788 0.000000
vt  0.925000 0.923788 0.000000
vt  0.925000 0.865909 0.000000
vt  0.925000 0.865909 0.000000
vt  0.925000 0.776601 0.000000
vt  0.925000 0.776601 0.000000
vt  0.925000 0.663287 0.000000
vt  0.925000 0.663287 0.000000
vt  0.925000 0.535382 0.000000
vt  0.925000 0.535382 0.000000
vt  0.925000 0.535382 0.000000
vt  0.925000 0.534325 0.000000
vt  0.925000 0.534325 0.000000
vt  0.925000 0.534325 0.000000
vt  0.925000 0.315795 0.000000
vt  0.925000 0.315795 0.000000
vt  0.925000 0.204988 0.000000
vt  0.925000 0.204988 0.000000
vt  0.925000 0.117658 0.000000
vt  0.925000 0.117658 0.000000
vt  0.925000 0.061061 0.000000
vt  0.925000 0.061061 0.000000
vt  0.925000 0.039901 0.000000
vt  0.925000 0.039901 0.000000
vt  0.925000 0.055935 0.000000
vt  0.925000 0.055935 0.000000
vt  0.925000 0.107833 0.000000
vt  0.925000 0.107833 0.000000
vt  0.925000 0.191284 0.000000
vt  0.925000 0.191284 0.000000
vt  0.925000 0.299353 0.000000
vt  0.925000 0.299353 0.000000
vt  0.925000 0.423063 0.000000
vt  0.925000 0.423063 0.000000
vt  0.925000 0.552135 0.000000
vt  0.925000 0.552135 0.000000
vt  0.925000 0.675845 0.000000
vt  0.925000 0.675845 0.000000
vt  0.925000 0.783914 0.000000
vt  0.925000 0.783914 0.000000
vt  0.925000 0.867364 0.000000
vt  0.925000 0.867364 0.000000
vt  0.925000 0.919262 0.000000
vt  0.925000 0.919262 0.000000
vt  0.925000 0.935297 0.000000
vt  0.925000 0.935297 0.000000
vt  0.925000 0.914136 0.000000
vt  0.925000 0.914136 0.000000
vt  0.925000 0.857540 0.000000
vt  0.925000 0.857540 0.000000
vt  0.925000 0.770210 0.000000
vt  0.925000 0.770210 0.000000
vt  0.925000 0.659403 0.000000
vt  0.925000 0.659403 0.000000
vt  0.815132 0.315789 0.000000
vt  0.815132 0.315789 0.000000
vt  0.815132 0.204980 0.000000
vt  0.815132 0.204980 0.000000
vt  0.815132 0.117650 0.000000
vt  0.815132 0.117650 0.000000
vt  0.815132 0.061055 0.000000
vt  0.815132 0.061055 0.000000
vt  0.815132 0.039898 0.000000
vt  0.815132 0.039898 0.000000
vt  0.815132 0.055936 0.000000
vt  0.815132 0.055936 0.000000
vt  0.815132 0.107837 0.000000
vt  0.815132 0.107837 0.000000
vt  0.815132 0.191288 0.000000
vt  0.815132 0.191288 0.000000
vt  0.815132 0.299356 0.000000
vt  0.815132 0.299356 0.000000
vt  0.815132 0.423064 0.000000
vt  0.815132 0.423064 0.000000
vt  0.815132 0.552134 0.000000
vt  0.815132 0.552134 0.000000
vt  0.815132 0.675841 0.000000
vt  0.815132 0.675841 0.000000
vt  0.815132 0.783910 0.000000
vt  0.815132 0.783910 0.000000
vt  0.815132 0.867361 0.000000
vt  0.815132 0.867361 0.000000
vt  0.815132 0.919261 0.000000
vt  0.815132 0.919261 0.000000
vt  0.815132 0.935299 0.000000
vt  0.815132 0.935299 0.000000
vt  0.815132 0.914142 0.000000
vt  0.815132 0.914142 0.000000
vt  0.815132 0.857548 0.000000
vt  0.815132 0.857548 0.000000
vt  0.815132 0.770218 0.000000
vt  0.815132 0.770218 0.000000
vt  0.815132 0.659409 0.000000
vt  0.815132 0.659409 0.000000
vt  0.815132 0.534325 0.000000
vt  0.815132 0.534325 0.000000
vt  0.815132 0.534325 0.000000
vt  0.717395 0.311607 0.000000
vt  0.717395 0.311607 0.000000
vt  0.717395 0.198101 0.000000
vt  0.717395 0.198101 0.000000
vt  0.717395 0.108645 0.000000
vt  0.717395 0.108645 0.000000
vt  0.717395 0.050674 0.000000
vt  0.717395 0.050674 0.000000
vt  0.717395 0.029001 0.000000
vt  0.717395 0.029001 0.000000
vt  0.717395 0.045430 0.000000
vt  0.717395 0.045430 0.000000
vt  0.717395 0.098593 0.000000
vt  0.717395 0.098593 0.000000
vt  0.717395 0.184076 0.000000
vt  0.717395 0.184076 0.000000
vt  0.717395 0.294775 0.000000
vt  0.717395 0.294775 0.000000
vt  0.717395 0.421493 0.000000
vt  0.717395 0.421493 0.000000
vt  0.717395 0.553704 0.000000
vt  0.717395 0.553704 0.000000
vt  0.717395 0.680423 0.000000
vt  0.717395 0.680423 0.000000
vt  0.717395 0.791122 0.000000
vt  0.717395 0.791122 0.000000
vt  0.717395 0.876604 0.000000
vt  0.717395 0.876604 0.000000
vt  0.717395 0.929768 0.000000
vt  0.717395 0.929768 0.000000
vt  0.717395 0.946196 0.000000
vt  0.717395 0.946196 0.000000
vt  0.717395 0.924524 0.000000
vt  0.717395 0.924524 0.000000
vt  0.717395 0.866552 0.000000
vt  0.717395 0.866552 0.000000
vt  0.717395 0.777097 0.000000
vt  0.717395 0.777097 0.000000
vt  0.717395 0.663590 0.000000
vt  0.717395 0.663590 0.000000
vt  0.717395 0.535462 0.000000
vt  0.717395 0.535462 0.000000
vt  0.717395 0.535462 0.000000
vt  0.755330 0.534639 0.000000
vt  0.755330 0.534639 0.000000
vt  0.755330 0.534639 0.000000
vt  0.755291 0.655072 0.000000
vt  0.755291 0.762820 0.000000
vt  0.755291 0.849721 0.000000
vt  0.755291 0.909194 0.000000
vt  0.755291 0.936732 0.000000
vt  0.755291 0.930250 0.000000
vt  0.755291 0.890239 0.000000
vt  0.755291 0.819730 0.000000
vt  0.755291 0.724063 0.000000
vt  0.755291 0.610485 0.000000
vt  0.755291 0.487599 0.000000
vt  0.755291 0.364713 0.000000
vt  0.755291 0.251135 0.000000
vt  0.755291 0.155468 0.000000
vt  0.755291 0.084959 0.000000
vt  0.755291 0.044948 0.000000
vt  0.755291 0.038466 0.000000
vt  0.755291 0.066004 0.000000
vt  0.755291 0.125476 0.000000
vt  0.755291 0.212378 0.000000
vt  0.755291 0.320126 0.000000
vt  0.684444 0.305974 0.000000
vt  0.684444 0.305974 0.000000
vt  0.684444 0.188834 0.000000
vt  0.684444 0.188834 0.000000
vt  0.684444 0.096515 0.000000
vt  0.684444 0.096515 0.000000
vt  0.684444 0.036688 0.000000
vt  0.684444 0.036688 0.000000
vt  0.684444 0.014322 0.000000
vt  0.684444 0.014322 0.000000
vt  0.684444 0.031276 0.000000
vt  0.684444 0.031276 0.000000
vt  0.684444 0.086142 0.000000
vt  0.684444 0.086142 0.000000
vt  0.684444 0.174360 0.000000
vt  0.684444 0.174360 0.000000
vt  0.684444 0.288602 0.000000
vt  0.684444 0.288602 0.000000
vt  0.684444 0.419377 0.000000
vt  0.684444 0.419377 0.000000
vt  0.684444 0.555820 0.000000
vt  0.684444 0.555820 0.000000
vt  0.684444 0.686595 0.000000
vt  0.684444 0.686595 0.000000
vt  0.684444 0.800838 0.000000
vt  0.684444 0.800838 0.000000
vt  0.684444 0.889056 0.000000
vt  0.684444 0.889056 0.000000
vt  0.684444 0.943922 0.000000
vt  0.684444 0.943922 0.000000
vt  0.684444 0.960876 0.000000
vt  0.684444 0.960876 0.000000
vt  0.684444 0.938510 0.000000
vt  0.684444 0.938510 0.000000
vt  0.684444 0.878682 0.000000
vt  0.684444 0.878682 0.000000
vt  0.684444 0.786364 0.000000
vt  0.684444 0.786364 0.000000
vt  0.684444 0.669224 0.000000
vt  0.684444 0.669224 0.000000
vt  0.684444 0.536994 0.000000
vt  0.684444 0.536994 0.000000
vt  0.684444 0.536994 0.000000
vt  0.647234 0.304382 0.000000
vt  0.647234 0.304382 0.000000
vt  0.647234 0.186215 0.000000
vt  0.647234 0.186215 0.000000
vt  0.647234 0.093087 0.000000
vt  0.647234 0.093087 0.000000
vt  0.647234 0.032735 0.000000
vt  0.647234 0.032735 0.000000
vt  0.647234 0.010173 0.000000
vt  0.647234 0.010173 0.000000
vt  0.647234 0.027276 0.000000
vt  0.647234 0.027276 0.000000
vt  0.647234 0.082623 0.000000
vt  0.647234 0.082623 0.000000
vt  0.647234 0.171614 0.000000
vt  0.647234 0.171614 0.000000
vt  0.647234 0.286858 0.000000
vt  0.647234 0.286858 0.000000
vt  0.647234 0.418779 0.000000
vt  0.647234 0.418779 0.000000
vt  0.647234 0.556418 0.000000
vt  0.647234 0.556418 0.000000
vt  0.647234 0.688340 0.000000
vt  0.647234 0.688340 0.000000
vt  0.647234 0.803583 0.000000
vt  0.647234 0.803583 0.000000
vt  0.647234 0.892575 0.000000
vt  0.647234 0.892575 0.000000
vt  0.647234 0.947922 0.000000
vt  0.647234 0.947922 0.000000
vt  0.647234 0.965024 0.000000
vt  0.647234 0.965024 0.000000
vt  0.647234 0.942462 0.000000
vt  0.647234 0.942462 0.000000
vt  0.647234 0.882111 0.000000
vt  0.647234 0.882111 0.000000
vt  0.647234 0.788983 0.000000
vt  0.647234 0.788983 0.000000
vt  0.647234 0.670816 0.000000
vt  0.647234 0.670816 0.000000
vt  0.647234 0.537427 0.000000
vt  0.647234 0.537427 0.000000
vt  0.647234 0.537427 0.000000
vt  0.670001 0.537308 0.000000
vt  0.670001 0.537308 0.000000
vt  0.670001 0.537308 0.000000
vt  0.670016 0.664578 0.000000
vt  0.670016 0.778443 0.000000
vt  0.670016 0.870277 0.000000
vt  0.670016 0.933125 0.000000
vt  0.670016 0.962227 0.000000
vt  0.670016 0.955377 0.000000
vt  0.670016 0.913095 0.000000
vt  0.670016 0.838583 0.000000
vt  0.670016 0.737486 0.000000
vt  0.670016 0.617461 0.000000
vt  0.670016 0.487599 0.000000
vt  0.670016 0.357737 0.000000
vt  0.670016 0.237712 0.000000
vt  0.670016 0.136615 0.000000
vt  0.670016 0.062103 0.000000
vt  0.670016 0.019821 0.000000
vt  0.670016 0.012971 0.000000
vt  0.670016 0.042072 0.000000
vt  0.670016 0.104921 0.000000
vt  0.670016 0.196755 0.000000
vt  0.670016 0.310620 0.000000
vt  0.352766 0.304382 0.000000
vt  0.352766 0.304382 0.000000
vt  0.352766 0.186215 0.000000
vt  0.352766 0.186215 0.000000
vt  0.352766 0.093087 0.000000
vt  0.352766 0.093087 0.000000
vt  0.352766 0.032735 0.000000
vt  0.352766 0.032735 0.000000
vt  0.352766 0.010173 0.000000
vt  0.352766 0.010173 0.000000
vt  0.352766 0.027276 0.000000
vt  0.352766 0.027276 0.000000
vt  0.352766 0.082623 0.000000
vt  0.352766 0.082623 0.000000
vt  0.352766 0.171614 0.000000
vt  0.352766 0.171614 0.000000
vt  0.352766 0.286858 0.000000
vt  0.352766 0.286858 0.000000
vt  0.352766 0.418779 0.000000
vt  0.352766 0.418779 0.000000
vt  0.352766 0.556418 0.000000
vt  0.352766 0.556418 0.000000
vt  0.352766 0.688340 0.000000
vt  0.352766 0.688340 0.000000
vt  0.352766 0.803583 0.000000
vt  0.352766 0.803583 0.000000
vt  0.352766 0.892575 0.000000
vt  0.352766 0.892575 0.000000
vt  0.352766 0.947922 0.000000
vt  0.352766 0.947922 0.000000
vt  0.352766 0.965024 0.000000
vt  0.352766 0.965024 0.000000
vt  0.352766 0.942462 0.000000
vt  0.352766 0.942462 0.000000
vt  0.352766 0.882111 0.000000
vt  0.352766 0.882111 0.000000
vt  0.352766 0.788983 0.000000
vt  0.352766 0.788983 0.000000
vt  0.352766 0.670816 0.000000
vt  0.352766 0.670816 0.000000
vt  0.352766 0.537427 0.000000
vt  0.352766 0.537427 0.000000
vt  0.352766 0.537427 0.000000
vt  0.315556 0.305974 0.000000
vt  0.315556 0.305974 0.000000
vt  0.315556 0.188834 0.000000
vt  0.315556 0.188834 0.000000
vt  0.315556 0.096515 0.000000
vt  0.315556 0.096515 0.000000
vt  0.315556 0.036688 0.000000
vt  0.315556 0.036688 0.000000
vt  0.315556 0.014322 0.000000
vt  0.315556 0.014322 0.000000
vt  0.315556 0.031276 0.000000
vt  0.315556 0.031276 0.000000
vt  0.315556 0.086142 0.000000
vt  0.315556 0.086142 0.000000
vt  0.315556 0.174360 0.000000
vt  0.315556 0.174360 0.000000
vt  0.315556 0.288602 0.000000
vt  0.315556 0.288602 0.000000
vt  0.315556 0.419377 0.000000
vt  0.315556 0.419377 0.000000
vt  0.315556 0.555820 0.000000
vt  0.315556 0.555820 0.000000
vt  0.315556 0.686595 0.000000
vt  0.315556 0.686595 0.000000
vt  0.315556 0.800838 0.000000
vt  0.315556 0.800838 0.000000
vt  0.315556 0.889056 0.000000
vt  0.315556 0.889056 0.000000
vt  0.315556 0.943922 0.000000
vt  0.315556 0.943922 0.000000
vt  0.315556 0.960876 0.000000
vt  0.315556 0.960876 0.000000
vt  0.315556 0.938510 0.000000
vt  0.315556 0.938510 0.000000
vt  0.315556 0.878682 0.000000
vt  0.315556 0.878682 0.000000
vt  0.315556 0.786364 0.000000
vt  0.315556 0.786364 0.000000
vt  0.315556 0.669224 0.000000
vt  0.315556 0.669224 0.000000
vt  0.315556 0.536994 0.000000
vt  0.315556 0.536994 0.000000
vt  0.315556 0.536994 0.000000
vt  0.329999 0.537308 0.000000
vt  0.329999 0.537308 0.000000
vt  0.329999 0.537308 0.000000
vt  0.329984 0.664578 0.000000
vt  0.329984 0.778443 0.000000
vt  0.329984 0.870277 0.000000
vt  0.329984 0.933125 0.000000
vt  0.329984 0.962227 0.000000
vt  0.329984 0.955377 0.000000
vt  0.329984 0.913095 0.000000
vt  0.329984 0.838583 0.000000
vt  0.329984 0.737486 0.000000
vt  0.329984 0.617461 0.000000
vt  0.329984 0.487599 0.000000
vt  0.329984 0.357737 0.000000
vt  0.329984 0.237712 0.000000
vt  0.329984 0.136615 0.000000
vt  0.329984 0.062103 0.000000
vt  0.329984 0.019821 0.000000
vt  0.329984 0.012971 0.000000
vt  0.329984 0.042072 0.000000
vt  0.329984 0.104921 0.000000
vt  0.329984 0.196755 0.000000
vt  0.329984 0.310620 0.000000
vt  0.282605 0.311607 0.000000
vt  0.282605 0.311607 0.000000
vt  0.282605 0.198101 0.000000
vt  0.282605 0.198101 0.000000
vt  0.282605 0.108645 0.000000
vt  0.282605 0.108645 0.000000
vt  0.282605 0.050674 0.000000
vt  0.282605 0.050674 0.000000
vt  0.282605 0.029001 0.000000
vt  0.282605 0.029001 0.000000
vt  0.282605 0.045430 0.000000
vt  0.282605 0.045430 0.000000
vt  0.282605 0.098593 0.000000
vt  0.282605 0.098593 0.000000
vt  0.282605 0.184076 0.000000
vt  0.282605 0.184076 0.000000
vt  0.282605 0.294775 0.000000
vt  0.282605 0.294775 0.000000
vt  0.282605 0.421493 0.000000
vt  0.282605 0.421493 0.000000
vt  0.282605 0.553704 0.000000
vt  0.282605 0.553704 0.000000
vt  0.282605 0.680423 0.000000
vt  0.282605 0.680423 0.000000
vt  0.282605 0.791122 0.000000
vt  0.282605 0.791122 0.000000
vt  0.282605 0.876604 0.000000
vt  0.282605 0.876604 0.000000
vt  0.282605 0.929768 0.000000
vt  0.282605 0.929768 0.000000
vt  0.282605 0.946196 0.000000
vt  0.282605 0.946196 0.000000
vt  0.282605 0.924524 0.000000
vt  0.282605 0.924524 0.000000
vt  0.282605 0.866552 0.000000
vt  0.282605 0.866552 0.000000
vt  0.282605 0.777097 0.000000
vt  0.282605 0.777097 0.000000
vt  0.282605 0.663590 0.000000
vt  0.282605 0.663590 0.000000
vt  0.282605 0.535462 0.000000
vt  0.282605 0.535462 0.000000
vt  0.282605 0.535462 0.000000
vt  0.244670 0.534639 0.000000
vt  0.244670 0.534639 0.000000
vt  0.244670 0.534639 0.000000
vt  0.244709 0.655072 0.000000
vt  0.244709 0.762820 0.000000
vt  0.244709 0.849721 0.000000
vt  0.244709 0.909194 0.000000
vt  0.244709 0.936732 0.000000
vt  0.244709 0.930250 0.000000
vt  0.244709 0.890239 0.000000
vt  0.244709 0.819730 0.000000
vt  0.244709 0.724063 0.000000
vt  0.244709 0.610485 0.000000
vt  0.244709 0.487599 0.000000
vt  0.244709 0.364713 0.000000
vt  0.244709 0.251135 0.000000
vt  0.244709 0.155468 0.000000
vt  0.244709 0.084959 0.000000
vt  0.244709 0.044948 0.000000
vt  0.244709 0.038466 0.000000
vt  0.244709 0.066004 0.000000
vt  0.244709 0.125476 0.000000
vt  0.244709 0.212378 0.000000
vt  0.244709 0.320126 0.000000
vt  0.978947 0.036481 0.000000
vt  0.978947 0.036481 0.000000
vt  0.978947 0.036481 0.000000
vt  0.978947 0.091210 0.000000
vt  0.978947 0.091210 0.000000
vt  0.978947 0.163882 0.000000
vt  0.978947 0.163882 0.000000
vt  0.978947 0.163882 0.000000
vt  0.978947 0.163882 0.000000
vt  0.978947 0.163882 0.000000
vt  0.978947 0.211688 0.000000
vt  0.978947 0.211688 0.000000
vt  0.978947 0.263497 0.000000
vt  0.978947 0.263497 0.000000
vt  0.978947 0.318555 0.000000
vt  0.978947 0.318555 0.000000
vt  0.978947 0.376066 0.000000
vt  0.978947 0.376066 0.000000
vt  0.978947 0.376066 0.000000
vt  0.978947 0.376066 0.000000
vt  1.000000 0.376810 0.000000
vt  1.000000 0.376810 0.000000
vt  1.000000 0.376810 0.000000
vt  1.000000 0.271342 0.000000
vt  1.000000 0.271342 0.000000
vt  1.000000 0.176982 0.000000
vt  1.000000 0.176982 0.000000
vt  1.000000 0.098504 0.000000
vt  1.000000 0.098504 0.000000
vt  1.000000 0.039930 0.000000
vt  1.000000 0.039930 0.000000
vt  1.000000 0.039930 0.000000
vt  0.989520 0.038210 0.000000
vt  0.989520 0.038210 0.000000
vt  1.000000 0.042983 0.000000
vt  1.000000 0.042983 0.000000
vt  1.000000 0.042983 0.000000
vt  1.000000 0.399582 0.000000
vt  1.000000 0.399582 0.000000
vt  1.000000 0.409989 0.000000
vt  1.000000 0.409989 0.000000
vt  1.000000 0.404052 0.000000
vt  1.000000 0.404052 0.000000
vt  1.000000 0.384050 0.000000
vt  1.000000 0.384050 0.000000
vt  1.000000 0.357606 0.000000
vt  1.000000 0.357606 0.000000
vt  1.000000 0.334812 0.000000
vt  1.000000 0.334812 0.000000
vt  1.000000 0.334812 0.000000
vt  1.000000 0.251371 0.000000
vt  1.000000 0.251371 0.000000
vt  1.000000 0.161722 0.000000
vt  1.000000 0.161722 0.000000
vt  1.000000 0.161722 0.000000
vt  1.000000 0.089001 0.000000
vt  1.000000 0.089001 0.000000
vt  1.000000 0.034114 0.000000
vt  1.000000 0.034114 0.000000
vt  1.000000 0.034114 0.000000
vt  1.000000 0.031062 0.000000
vt  1.000000 0.031062 0.000000
vt  1.000000 0.031062 0.000000
vt  1.000000 0.086300 0.000000
vt  1.000000 0.086300 0.000000
vt  1.000000 0.159453 0.000000
vt  1.000000 0.159453 0.000000
vt  1.000000 0.159453 0.000000
vt  1.000000 0.248917 0.000000
vt  1.000000 0.248917 0.000000
vt  1.000000 0.332185 0.000000
vt  1.000000 0.332185 0.000000
vt  1.000000 0.332185 0.000000
vt  1.000000 0.356829 0.000000
vt  1.000000 0.356829 0.000000
vt  1.000000 0.385419 0.000000
vt  1.000000 0.385419 0.000000
vt  1.000000 0.407044 0.000000
vt  1.000000 0.407044 0.000000
vt  1.000000 0.413463 0.000000
vt  1.000000 0.413463 0.000000
vt  1.000000 0.402212 0.000000
vt  1.000000 0.402212 0.000000
vt  1.000000 0.377591 0.000000
vt  1.000000 0.377591 0.000000
vt  1.000000 0.377591 0.000000
vt  1.000000 0.272812 0.000000
vt  1.000000 0.272812 0.000000
vt  1.000000 0.179077 0.000000
vt  1.000000 0.179077 0.000000
vt  1.000000 0.101134 0.000000
vt  1.000000 0.101134 0.000000
vt  0.978947 0.378336 0.000000
vt  0.978947 0.378336 0.000000
vt  0.978947 0.378336 0.000000
vt  0.978947 0.378336 0.000000
vt  0.978947 0.273976 0.000000
vt  0.978947 0.273976 0.000000
vt  0.978947 0.180621 0.000000
vt  0.978947 0.180621 0.000000
vt  0.978947 0.103082 0.000000
vt  0.978947 0.103082 0.000000
vt  0.978947 0.045352 0.000000
vt  0.978947 0.045352 0.000000
vt  0.978947 0.045352 0.000000
vt  0.989503 0.044160 0.000000
vt  0.989503 0.044160 0.000000
vt  0.815823 0.042099 0.000000
vt  0.815823 0.042099 0.000000
vt  0.021053 0.378336 0.000000
vt  0.021053 0.378336 0.000000
vt  0.021053 0.378336 0.000000
vt  0.021053 0.378336 0.000000
vt  0.021053 0.273976 0.000000
vt  0.021053 0.273976 0.000000
vt  0.021053 0.180621 0.000000
vt  0.021053 0.180621 0.000000
vt  0.021053 0.103082 0.000000
vt  0.021053 0.103082 0.000000
vt  0.021053 0.045352 0.000000
vt  0.021053 0.045352 0.000000
vt  0.021053 0.045352 0.000000
vt  0.184156 0.042100 0.000000
vt  0.184156 0.042100 0.000000
vt  0.000000 0.377591 0.000000
vt  0.000000 0.377591 0.000000
vt  0.000000 0.377591 0.000000
vt  0.000000 0.272812 0.000000
vt  0.000000 0.272812 0.000000
vt  0.000000 0.179077 0.000000
vt  0.000000 0.179077 0.000000
vt  0.000000 0.101134 0.000000
vt  0.000000 0.101134 0.000000
vt  0.000000 0.042983 0.000000
vt  0.000000 0.042983 0.000000
vt  0.000000 0.042983 0.000000
vt  0.010497 0.044160 0.000000
vt  0.010497 0.044160 0.000000
vt  0.000000 0.402212 0.000000
vt  0.000000 0.402212 0.000000
vt  0.000000 0.413463 0.000000
vt  0.000000 0.413463 0.000000
vt  0.000000 0.407044 0.000000
vt  0.000000 0.407044 0.000000
vt  0.000000 0.385419 0.000000
vt  0.000000 0.385419 0.000000
vt  0.000000 0.356829 0.000000
vt  0.000000 0.356829 0.000000
vt  0.000000 0.332185 0.000000
vt  0.000000 0.332185 0.000000
vt  0.000000 0.332185 0.000000
vt  0.000000 0.248917 0.000000
vt  0.000000 0.248917 0.000000
vt  0.000000 0.159453 0.000000
vt  0.000000 0.159453 0.000000
vt  0.000000 0.159453 0.000000
vt  0.000000 0.086300 0.000000
vt  0.000000 0.086300 0.000000
vt  0.000000 0.031062 0.000000
vt  0.000000 0.031062 0.000000
vt  0.000000 0.031062 0.000000
vt  0.000000 0.034114 0.000000
vt  0.000000 0.034114 0.000000
vt  0.000000 0.034114 0.000000
vt  0.000000 0.089001 0.000000
vt  0.000000 0.089001 0.000000
vt  0.000000 0.161722 0.000000
vt  0.000000 0.161722 0.000000
vt  0.000000 0.161722 0.000000
vt  0.000000 0.251371 0.000000
vt  0.000000 0.251371 0.000000
vt  0.000000 0.334812 0.000000
vt  0.000000 0.334812 0.000000
vt  0.000000 0.334812 0.000000
vt  0.000000 0.357606 0.000000
vt  0.000000 0.357606 0.000000
vt  0.000000 0.384050 0.000000
vt  0.000000 0.384050 0.000000
vt  0.000000 0.404052 0.000000
vt  0.000000 0.404052 0.000000
vt  0.000000 0.409989 0.000000
vt  0.000000 0.409989 0.000000
vt  0.000000 0.399582 0.000000
vt  0.000000 0.399582 0.000000
vt  0.000000 0.376810 0.000000
vt  0.000000 0.376810 0.000000
vt  0.000000 0.376810 0.000000
vt  0.000000 0.271342 0.000000
vt  0.000000 0.271342 0.000000
vt  0.000000 0.176982 0.000000
vt  0.000000 0.176982 0.000000
vt  0.000000 0.098504 0.000000
vt  0.000000 0.098504 0.000000
vt  0.000000 0.039930 0.000000
vt  0.000000 0.039930 0.000000
vt  0.000000 0.039930 0.000000
vt  0.021053 0.376066 0.000000
vt  0.021053 0.376066 0.000000
vt  0.021053 0.376066 0.000000
vt  0.021053 0.376066 0.000000
vt  0.021053 0.318555 0.000000
vt  0.021053 0.318555 0.000000
vt  0.021053 0.263497 0.000000
vt  0.021053 0.263497 0.000000
vt  0.021053 0.211688 0.000000
vt  0.021053 0.211688 0.000000
vt  0.021053 0.163882 0.000000
vt  0.021053 0.163882 0.000000
vt  0.021053 0.163882 0.000000
vt  0.021053 0.163882 0.000000
vt  0.021053 0.163882 0.000000
vt  0.021053 0.091210 0.000000
vt  0.021053 0.091210 0.000000
vt  0.021053 0.036481 0.000000
vt  0.021053 0.036481 0.000000
vt  0.021053 0.036481 0.000000
vt  0.010480 0.038210 0.000000
vt  0.010480 0.038210 0.000000
vt  0.500000 0.197277 0.000000
vt  0.500000 0.197277 0.000000
vt  0.500000 0.197277 0.000000
vt  0.574310 0.201233 0.000000
vt  0.574310 0.201233 0.000000
vt  0.605263 0.210928 0.000000
vt  0.605263 0.210928 0.000000
vt  0.574370 0.220776 0.000000
vt  0.574370 0.220776 0.000000
vt  0.500000 0.224892 0.000000
vt  0.500000 0.224892 0.000000
vt  0.500000 0.224892 0.000000
vt  0.425690 0.220782 0.000000
vt  0.425690 0.220782 0.000000
vt  0.394737 0.210933 0.000000
vt  0.394737 0.210933 0.000000
vt  0.425630 0.201239 0.000000
vt  0.425630 0.201239 0.000000
vt  0.500000 0.163882 0.000000
vt  0.500000 0.163882 0.000000
vt  0.500000 0.163882 0.000000
vt  0.500000 0.163882 0.000000
vt  0.978947 0.397078 0.000000
vt  0.978947 0.397078 0.000000
vt  0.978947 0.406680 0.000000
vt  0.978947 0.406680 0.000000
vt  0.978947 0.401205 0.000000
vt  0.978947 0.401205 0.000000
vt  0.978947 0.382744 0.000000
vt  0.978947 0.382744 0.000000
vt  0.978947 0.358342 0.000000
vt  0.978947 0.358342 0.000000
vt  0.978947 0.337314 0.000000
vt  0.978947 0.337314 0.000000
vt  0.978947 0.337314 0.000000
vt  0.978947 0.337314 0.000000
vt  0.978947 0.329684 0.000000
vt  0.978947 0.329684 0.000000
vt  0.978947 0.329684 0.000000
vt  0.978947 0.329684 0.000000
vt  0.978947 0.356087 0.000000
vt  0.978947 0.356087 0.000000
vt  0.978947 0.386718 0.000000
vt  0.978947 0.386718 0.000000
vt  0.978947 0.409898 0.000000
vt  0.978947 0.409898 0.000000
vt  0.978947 0.416771 0.000000
vt  0.978947 0.416771 0.000000
vt  0.978947 0.404719 0.000000
vt  0.978947 0.404719 0.000000
vt  0.779342 0.416619 0.000000
vt  0.779342 0.416619 0.000000
vt  0.779342 0.416619 0.000000
vt  0.748236 0.414859 0.000000
vt  0.748236 0.414859 0.000000
vt  0.659314 0.406658 0.000000
vt  0.659314 0.406658 0.000000
vt  0.553917 0.400076 0.000000
vt  0.553917 0.400076 0.000000
vt  0.445451 0.400099 0.000000
vt  0.445451 0.400099 0.000000
vt  0.338240 0.406865 0.000000
vt  0.338240 0.406865 0.000000
vt  0.249628 0.415057 0.000000
vt  0.249628 0.415057 0.000000
vt  0.220658 0.416619 0.000000
vt  0.220658 0.416619 0.000000
vt  0.220658 0.416619 0.000000
vt  0.220658 0.405433 0.000000
vt  0.220658 0.405433 0.000000
vt  0.220658 0.381896 0.000000
vt  0.220658 0.381896 0.000000
vt  0.220658 0.353599 0.000000
vt  0.220658 0.353599 0.000000
vt  0.220658 0.329684 0.000000
vt  0.220658 0.329684 0.000000
vt  0.220658 0.329684 0.000000
vt  0.021053 0.329684 0.000000
vt  0.021053 0.329684 0.000000
vt  0.021053 0.329684 0.000000
vt  0.021053 0.329684 0.000000
vt  0.021053 0.356087 0.000000
vt  0.021053 0.356087 0.000000
vt  0.021053 0.386718 0.000000
vt  0.021053 0.386718 0.000000
vt  0.021053 0.409898 0.000000
vt  0.021053 0.409898 0.000000
vt  0.021053 0.416771 0.000000
vt  0.021053 0.416771 0.000000
vt  0.021053 0.404719 0.000000
vt  0.021053 0.404719 0.000000
vt  0.779342 0.329684 0.000000
vt  0.779342 0.329684 0.000000
vt  0.779342 0.329684 0.000000
vt  0.779342 0.353599 0.000000
vt  0.779342 0.353599 0.000000
vt  0.779342 0.381896 0.000000
vt  0.779342 0.381896 0.000000
vt  0.779342 0.405433 0.000000
vt  0.779342 0.405433 0.000000
vt  0.021053 0.337314 0.000000
vt  0.021053 0.337314 0.000000
vt  0.021053 0.337314 0.000000
vt  0.021053 0.337314 0.000000
vt  0.021053 0.358342 0.000000
vt  0.021053 0.358342 0.000000
vt  0.021053 0.382744 0.000000
vt  0.021053 0.382744 0.000000
vt  0.021053 0.401205 0.000000
vt  0.021053 0.401205 0.000000
vt  0.021053 0.406680 0.000000
vt  0.021053 0.406680 0.000000
vt  0.021053 0.397078 0.000000
vt  0.021053 0.397078 0.000000
vt  0.978947 0.253708 0.000000
vt  0.978947 0.253708 0.000000
vt  0.978947 0.157293 0.000000
vt  0.978947 0.157293 0.000000
vt  0.978947 0.157293 0.000000
vt  0.978947 0.157293 0.000000
vt  0.978947 0.246580 0.000000
vt  0.978947 0.246580 0.000000
vt  0.779342 0.190400 0.000000
vt  0.779342 0.190400 0.000000
vt  0.779342 0.190400 0.000000
vt  0.779342 0.262141 0.000000
vt  0.779342 0.262141 0.000000
vt  0.500000 0.157293 0.000000
vt  0.500000 0.157293 0.000000
vt  0.500000 0.157293 0.000000
vt  0.500000 0.157293 0.000000
vt  0.639762 0.161783 0.000000
vt  0.639762 0.161783 0.000000
vt  0.741670 0.173892 0.000000
vt  0.741670 0.173892 0.000000
vt  0.021053 0.157293 0.000000
vt  0.021053 0.157293 0.000000
vt  0.021053 0.157293 0.000000
vt  0.021053 0.157293 0.000000
vt  0.021053 0.246580 0.000000
vt  0.021053 0.246580 0.000000
vt  0.220658 0.262141 0.000000
vt  0.220658 0.262141 0.000000
vt  0.220658 0.190400 0.000000
vt  0.220658 0.190400 0.000000
vt  0.220658 0.190400 0.000000
vt  0.258318 0.173895 0.000000
vt  0.258318 0.173895 0.000000
vt  0.360105 0.161791 0.000000
vt  0.360105 0.161791 0.000000
vt  0.021053 0.253708 0.000000
vt  0.021053 0.253708 0.000000
vt  0.779342 0.337314 0.000000
vt  0.779342 0.337314 0.000000
vt  0.779342 0.337314 0.000000
vt  0.779342 0.269270 0.000000
vt  0.779342 0.269270 0.000000
vt  0.779342 0.196991 0.000000
vt  0.779342 0.196991 0.000000
vt  0.779342 0.196991 0.000000
vt  0.741670 0.180482 0.000000
vt  0.741670 0.180482 0.000000
vt  0.639762 0.168372 0.000000
vt  0.639762 0.168372 0.000000
vt  0.220658 0.337314 0.000000
vt  0.220658 0.337314 0.000000
vt  0.220658 0.337314 0.000000
vt  0.360105 0.168380 0.000000
vt  0.360105 0.168380 0.000000
vt  0.258318 0.180484 0.000000
vt  0.258318 0.180484 0.000000
vt  0.220658 0.196991 0.000000
vt  0.220658 0.196991 0.000000
vt  0.220658 0.196991 0.000000
vt  0.220658 0.269270 0.000000
vt  0.220658 0.269270 0.000000
vt  0.989503 0.035291 0.000000
vt  0.989503 0.035291 0.000000
vt  0.978947 0.027612 0.000000
vt  0.978947 0.027612 0.000000
vt  0.978947 0.027612 0.000000
vt  0.978947 0.083365 0.000000
vt  0.978947 0.083365 0.000000
vt  0.989520 0.029341 0.000000
vt  0.989520 0.029341 0.000000
vt  0.500000 0.112753 0.000000
vt  0.500000 0.112753 0.000000
vt  0.500000 0.112753 0.000000
vt  0.574310 0.116045 0.000000
vt  0.574310 0.116045 0.000000
vt  0.605263 0.124160 0.000000
vt  0.605263 0.124160 0.000000
vt  0.574370 0.132467 0.000000
vt  0.574370 0.132467 0.000000
vt  0.500000 0.135959 0.000000
vt  0.500000 0.135959 0.000000
vt  0.500000 0.135959 0.000000
vt  0.425690 0.132473 0.000000
vt  0.425690 0.132473 0.000000
vt  0.394737 0.124163 0.000000
vt  0.394737 0.124163 0.000000
vt  0.425630 0.116050 0.000000
vt  0.425630 0.116050 0.000000
vt  0.500000 0.036259 0.000000
vt  0.500000 0.036259 0.000000
vt  0.500000 0.036259 0.000000
vt  0.574310 0.038505 0.000000
vt  0.574310 0.038505 0.000000
vt  0.605263 0.044117 0.000000
vt  0.605263 0.044117 0.000000
vt  0.574370 0.049965 0.000000
vt  0.574370 0.049965 0.000000
vt  0.500000 0.052452 0.000000
vt  0.500000 0.052452 0.000000
vt  0.500000 0.052452 0.000000
vt  0.425690 0.049969 0.000000
vt  0.425690 0.049969 0.000000
vt  0.394737 0.044120 0.000000
vt  0.394737 0.044120 0.000000
vt  0.425630 0.038509 0.000000
vt  0.425630 0.038509 0.000000
vt  0.021053 0.027612 0.000000
vt  0.021053 0.027612 0.000000
vt  0.021053 0.027612 0.000000
vt  0.021053 0.083365 0.000000
vt  0.021053 0.083365 0.000000
vt  0.500040 0.021967 0.000000
vt  0.500040 0.021967 0.000000
vt  0.010480 0.029341 0.000000
vt  0.010480 0.029341 0.000000
vt  0.010497 0.035291 0.000000
vt  0.010497 0.035291 0.000000
vt  1.000000 0.935268 0.000000
vt  1.000000 0.935268 0.000000
vt  1.000000 0.935268 0.000000
vt  1.000000 0.876693 0.000000
vt  1.000000 0.876693 0.000000
vt  1.000000 0.798215 0.000000
vt  1.000000 0.798215 0.000000
vt  1.000000 0.703856 0.000000
vt  1.000000 0.703856 0.000000
vt  1.000000 0.598388 0.000000
vt  1.000000 0.598388 0.000000
vt  1.000000 0.598388 0.000000
vt  0.978947 0.599132 0.000000
vt  0.978947 0.599132 0.000000
vt  0.978947 0.599132 0.000000
vt  0.978947 0.599132 0.000000
vt  0.978947 0.656643 0.000000
vt  0.978947 0.656643 0.000000
vt  0.978947 0.711701 0.000000
vt  0.978947 0.711701 0.000000
vt  0.978947 0.763509 0.000000
vt  0.978947 0.763509 0.000000
vt  0.978947 0.811316 0.000000
vt  0.978947 0.811316 0.000000
vt  0.978947 0.811316 0.000000
vt  0.978947 0.811316 0.000000
vt  0.978947 0.811316 0.000000
vt  0.978947 0.883988 0.000000
vt  0.978947 0.883988 0.000000
vt  0.978947 0.938716 0.000000
vt  0.978947 0.938716 0.000000
vt  0.978947 0.938716 0.000000
vt  0.989520 0.936988 0.000000
vt  0.989520 0.936988 0.000000
vt  1.000000 0.932215 0.000000
vt  1.000000 0.932215 0.000000
vt  1.000000 0.932215 0.000000
vt  1.000000 0.874063 0.000000
vt  1.000000 0.874063 0.000000
vt  1.000000 0.796121 0.000000
vt  1.000000 0.796121 0.000000
vt  1.000000 0.702386 0.000000
vt  1.000000 0.702386 0.000000
vt  1.000000 0.597606 0.000000
vt  1.000000 0.597606 0.000000
vt  1.000000 0.597606 0.000000
vt  1.000000 0.572986 0.000000
vt  1.000000 0.572986 0.000000
vt  1.000000 0.561735 0.000000
vt  1.000000 0.561735 0.000000
vt  1.000000 0.568153 0.000000
vt  1.000000 0.568153 0.000000
vt  1.000000 0.589779 0.000000
vt  1.000000 0.589779 0.000000
vt  1.000000 0.618369 0.000000
vt  1.000000 0.618369 0.000000
vt  1.000000 0.643012 0.000000
vt  1.000000 0.643012 0.000000
vt  1.000000 0.643012 0.000000
vt  1.000000 0.726281 0.000000
vt  1.000000 0.726281 0.000000
vt  1.000000 0.815744 0.000000
vt  1.000000 0.815744 0.000000
vt  1.000000 0.815744 0.000000
vt  1.000000 0.888898 0.000000
vt  1.000000 0.888898 0.000000
vt  1.000000 0.944136 0.000000
vt  1.000000 0.944136 0.000000
vt  1.000000 0.944136 0.000000
vt  1.000000 0.941083 0.000000
vt  1.000000 0.941083 0.000000
vt  1.000000 0.941083 0.000000
vt  1.000000 0.886197 0.000000
vt  1.000000 0.886197 0.000000
vt  1.000000 0.813476 0.000000
vt  1.000000 0.813476 0.000000
vt  1.000000 0.813476 0.000000
vt  1.000000 0.723827 0.000000
vt  1.000000 0.723827 0.000000
vt  1.000000 0.640385 0.000000
vt  1.000000 0.640385 0.000000
vt  1.000000 0.640385 0.000000
vt  1.000000 0.617592 0.000000
vt  1.000000 0.617592 0.000000
vt  1.000000 0.591148 0.000000
vt  1.000000 0.591148 0.000000
vt  1.000000 0.571146 0.000000
vt  1.000000 0.571146 0.000000
vt  1.000000 0.565209 0.000000
vt  1.000000 0.565209 0.000000
vt  1.000000 0.575616 0.000000
vt  1.000000 0.575616 0.000000
vt  0.978947 0.929846 0.000000
vt  0.978947 0.929846 0.000000
vt  0.978947 0.929846 0.000000
vt  0.978947 0.872116 0.000000
vt  0.978947 0.872116 0.000000
vt  0.978947 0.794577 0.000000
vt  0.978947 0.794577 0.000000
vt  0.978947 0.701222 0.000000
vt  0.978947 0.701222 0.000000
vt  0.978947 0.596862 0.000000
vt  0.978947 0.596862 0.000000
vt  0.978947 0.596862 0.000000
vt  0.978947 0.596862 0.000000
vt  0.989503 0.931038 0.000000
vt  0.989503 0.931038 0.000000
vt  0.021053 0.929846 0.000000
vt  0.021053 0.929846 0.000000
vt  0.021053 0.929846 0.000000
vt  0.021053 0.872116 0.000000
vt  0.021053 0.872116 0.000000
vt  0.021053 0.794577 0.000000
vt  0.021053 0.794577 0.000000
vt  0.021053 0.701222 0.000000
vt  0.021053 0.701222 0.000000
vt  0.021053 0.596862 0.000000
vt  0.021053 0.596862 0.000000
vt  0.021053 0.596862 0.000000
vt  0.021053 0.596862 0.000000
vt  0.184177 0.933098 0.000000
vt  0.184177 0.933098 0.000000
vt  0.815844 0.933098 0.000000
vt  0.815844 0.933098 0.000000
vt  0.000000 0.932215 0.000000
vt  0.000000 0.932215 0.000000
vt  0.000000 0.932215 0.000000
vt  0.000000 0.874063 0.000000
vt  0.000000 0.874063 0.000000
vt  0.000000 0.796121 0.000000
vt  0.000000 0.796121 0.000000
vt  0.000000 0.702386 0.000000
vt  0.000000 0.702386 0.000000
vt  0.000000 0.597606 0.000000
vt  0.000000 0.597606 0.000000
vt  0.000000 0.597606 0.000000
vt  0.010497 0.931038 0.000000
vt  0.010497 0.931038 0.000000
vt  0.000000 0.935268 0.000000
vt  0.000000 0.935268 0.000000
vt  0.000000 0.935268 0.000000
vt  0.000000 0.876693 0.000000
vt  0.000000 0.876693 0.000000
vt  0.000000 0.798215 0.000000
vt  0.000000 0.798215 0.000000
vt  0.000000 0.703856 0.000000
vt  0.000000 0.703856 0.000000
vt  0.000000 0.598388 0.000000
vt  0.000000 0.598388 0.000000
vt  0.000000 0.598388 0.000000
vt  0.000000 0.575616 0.000000
vt  0.000000 0.575616 0.000000
vt  0.000000 0.565209 0.000000
vt  0.000000 0.565209 0.000000
vt  0.000000 0.571146 0.000000
vt  0.000000 0.571146 0.000000
vt  0.000000 0.591148 0.000000
vt  0.000000 0.591148 0.000000
vt  0.000000 0.617592 0.000000
vt  0.000000 0.617592 0.000000
vt  0.000000 0.640385 0.000000
vt  0.000000 0.640385 0.000000
vt  0.000000 0.640385 0.000000
vt  0.000000 0.723827 0.000000
vt  0.000000 0.723827 0.000000
vt  0.000000 0.813476 0.000000
vt  0.000000 0.813476 0.000000
vt  0.000000 0.813476 0.000000
vt  0.000000 0.886197 0.000000
vt  0.000000 0.886197 0.000000
vt  0.000000 0.941083 0.000000
vt  0.000000 0.941083 0.000000
vt  0.000000 0.941083 0.000000
vt  0.000000 0.944136 0.000000
vt  0.000000 0.944136 0.000000
vt  0.000000 0.944136 0.000000
vt  0.000000 0.888898 0.000000
vt  0.000000 0.888898 0.000000
vt  0.000000 0.815744 0.000000
vt  0.000000 0.815744 0.000000
vt  0.000000 0.815744 0.000000
vt  0.000000 0.726281 0.000000
vt  0.000000 0.726281 0.000000
vt  0.000000 0.643012 0.000000
vt  0.000000 0.643012 0.000000
vt  0.000000 0.643012 0.000000
vt  0.000000 0.618369 0.000000
vt  0.000000 0.618369 0.000000
vt  0.000000 0.589779 0.000000
vt  0.000000 0.589779 0.000000
vt  0.000000 0.568153 0.000000
vt  0.000000 0.568153 0.000000
vt  0.000000 0.561735 0.000000
vt  0.000000 0.561735 0.000000
vt  0.000000 0.572986 0.000000
vt  0.000000 0.572986 0.000000
vt  0.021053 0.938716 0.000000
vt  0.021053 0.938716 0.000000
vt  0.021053 0.938716 0.000000
vt  0.021053 0.883988 0.000000
vt  0.021053 0.883988 0.000000
vt  0.021053 0.811316 0.000000
vt  0.021053 0.811316 0.000000
vt  0.021053 0.811316 0.000000
vt  0.021053 0.811316 0.000000
vt  0.021053 0.811316 0.000000
vt  0.021053 0.763509 0.000000
vt  0.021053 0.763509 0.000000
vt  0.021053 0.711701 0.000000
vt  0.021053 0.711701 0.000000
vt  0.021053 0.656643 0.000000
vt  0.021053 0.656643 0.000000
vt  0.021053 0.599132 0.000000
vt  0.021053 0.599132 0.000000
vt  0.021053 0.599132 0.000000
vt  0.021053 0.599132 0.000000
vt  0.010480 0.936988 0.000000
vt  0.010480 0.936988 0.000000
vt  0.500000 0.750306 0.000000
vt  0.500000 0.750306 0.000000
vt  0.500000 0.750306 0.000000
vt  0.574310 0.754415 0.000000
vt  0.574310 0.754415 0.000000
vt  0.605263 0.764265 0.000000
vt  0.605263 0.764265 0.000000
vt  0.574370 0.773959 0.000000
vt  0.574370 0.773959 0.000000
vt  0.500000 0.777921 0.000000
vt  0.500000 0.777921 0.000000
vt  0.500000 0.777921 0.000000
vt  0.425690 0.773965 0.000000
vt  0.425690 0.773965 0.000000
vt  0.394737 0.764270 0.000000
vt  0.394737 0.764270 0.000000
vt  0.425630 0.754422 0.000000
vt  0.425630 0.754422 0.000000
vt  0.500000 0.811316 0.000000
vt  0.500000 0.811316 0.000000
vt  0.500000 0.811316 0.000000
vt  0.500000 0.811316 0.000000
vt  0.978947 0.637883 0.000000
vt  0.978947 0.637883 0.000000
vt  0.978947 0.637883 0.000000
vt  0.978947 0.637883 0.000000
vt  0.978947 0.616855 0.000000
vt  0.978947 0.616855 0.000000
vt  0.978947 0.592454 0.000000
vt  0.978947 0.592454 0.000000
vt  0.978947 0.573993 0.000000
vt  0.978947 0.573993 0.000000
vt  0.978947 0.568518 0.000000
vt  0.978947 0.568518 0.000000
vt  0.978947 0.578119 0.000000
vt  0.978947 0.578119 0.000000
vt  0.978947 0.645514 0.000000
vt  0.978947 0.645514 0.000000
vt  0.978947 0.645514 0.000000
vt  0.978947 0.645514 0.000000
vt  0.978947 0.570479 0.000000
vt  0.978947 0.570479 0.000000
vt  0.978947 0.558426 0.000000
vt  0.978947 0.558426 0.000000
vt  0.978947 0.565299 0.000000
vt  0.978947 0.565299 0.000000
vt  0.978947 0.588480 0.000000
vt  0.978947 0.588480 0.000000
vt  0.978947 0.619110 0.000000
vt  0.978947 0.619110 0.000000
vt  0.779342 0.558578 0.000000
vt  0.779342 0.558578 0.000000
vt  0.779342 0.558578 0.000000
vt  0.779342 0.569764 0.000000
vt  0.779342 0.569764 0.000000
vt  0.779342 0.593301 0.000000
vt  0.779342 0.593301 0.000000
vt  0.779342 0.621598 0.000000
vt  0.779342 0.621598 0.000000
vt  0.779342 0.645514 0.000000
vt  0.779342 0.645514 0.000000
vt  0.779342 0.645514 0.000000
vt  0.021053 0.570479 0.000000
vt  0.021053 0.570479 0.000000
vt  0.021053 0.558426 0.000000
vt  0.021053 0.558426 0.000000
vt  0.021053 0.565299 0.000000
vt  0.021053 0.565299 0.000000
vt  0.021053 0.588480 0.000000
vt  0.021053 0.588480 0.000000
vt  0.021053 0.619110 0.000000
vt  0.021053 0.619110 0.000000
vt  0.021053 0.645514 0.000000
vt  0.021053 0.645514 0.000000
vt  0.021053 0.645514 0.000000
vt  0.021053 0.645514 0.000000
vt  0.220658 0.645514 0.000000
vt  0.220658 0.645514 0.000000
vt  0.220658 0.645514 0.000000
vt  0.220658 0.621598 0.000000
vt  0.220658 0.621598 0.000000
vt  0.220658 0.593301 0.000000
vt  0.220658 0.593301 0.000000
vt  0.220658 0.569764 0.000000
vt  0.220658 0.569764 0.000000
vt  0.220658 0.558578 0.000000
vt  0.220658 0.558578 0.000000
vt  0.220658 0.558578 0.000000
vt  0.249628 0.560141 0.000000
vt  0.249628 0.560141 0.000000
vt  0.338240 0.568333 0.000000
vt  0.338240 0.568333 0.000000
vt  0.445451 0.575099 0.000000
vt  0.445451 0.575099 0.000000
vt  0.553917 0.575122 0.000000
vt  0.553917 0.575122 0.000000
vt  0.659314 0.568540 0.000000
vt  0.659314 0.568540 0.000000
vt  0.748236 0.560339 0.000000
vt  0.748236 0.560339 0.000000
vt  0.021053 0.637883 0.000000
vt  0.021053 0.637883 0.000000
vt  0.021053 0.637883 0.000000
vt  0.021053 0.637883 0.000000
vt  0.021053 0.578119 0.000000
vt  0.021053 0.578119 0.000000
vt  0.021053 0.568518 0.000000
vt  0.021053 0.568518 0.000000
vt  0.021053 0.573993 0.000000
vt  0.021053 0.573993 0.000000
vt  0.021053 0.592454 0.000000
vt  0.021053 0.592454 0.000000
vt  0.021053 0.616855 0.000000
vt  0.021053 0.616855 0.000000
vt  0.978947 0.721489 0.000000
vt  0.978947 0.721489 0.000000
vt  0.978947 0.728618 0.000000
vt  0.978947 0.728618 0.000000
vt  0.978947 0.817905 0.000000
vt  0.978947 0.817905 0.000000
vt  0.978947 0.817905 0.000000
vt  0.978947 0.817905 0.000000
vt  0.220658 0.784798 0.000000
vt  0.220658 0.784798 0.000000
vt  0.220658 0.784798 0.000000
vt  0.220658 0.713057 0.000000
vt  0.220658 0.713057 0.000000
vt  0.021053 0.728618 0.000000
vt  0.021053 0.728618 0.000000
vt  0.021053 0.817905 0.000000
vt  0.021053 0.817905 0.000000
vt  0.021053 0.817905 0.000000
vt  0.021053 0.817905 0.000000
vt  0.500000 0.817905 0.000000
vt  0.500000 0.817905 0.000000
vt  0.500000 0.817905 0.000000
vt  0.500000 0.817905 0.000000
vt  0.360105 0.813407 0.000000
vt  0.360105 0.813407 0.000000
vt  0.258318 0.801303 0.000000
vt  0.258318 0.801303 0.000000
vt  0.779342 0.713057 0.000000
vt  0.779342 0.713057 0.000000
vt  0.779342 0.784798 0.000000
vt  0.779342 0.784798 0.000000
vt  0.779342 0.784798 0.000000
vt  0.741670 0.801306 0.000000
vt  0.741670 0.801306 0.000000
vt  0.639762 0.813415 0.000000
vt  0.639762 0.813415 0.000000
vt  0.021053 0.721489 0.000000
vt  0.021053 0.721489 0.000000
vt  0.220658 0.637883 0.000000
vt  0.220658 0.637883 0.000000
vt  0.220658 0.637883 0.000000
vt  0.220658 0.705928 0.000000
vt  0.220658 0.705928 0.000000
vt  0.220658 0.778206 0.000000
vt  0.220658 0.778206 0.000000
vt  0.220658 0.778206 0.000000
vt  0.258318 0.794713 0.000000
vt  0.258318 0.794713 0.000000
vt  0.360105 0.806818 0.000000
vt  0.360105 0.806818 0.000000
vt  0.779342 0.637883 0.000000
vt  0.779342 0.637883 0.000000
vt  0.779342 0.637883 0.000000
vt  0.639762 0.806826 0.000000
vt  0.639762 0.806826 0.000000
vt  0.741670 0.794716 0.000000
vt  0.741670 0.794716 0.000000
vt  0.779342 0.778206 0.000000
vt  0.779342 0.778206 0.000000
vt  0.779342 0.778206 0.000000
vt  0.779342 0.705928 0.000000
vt  0.779342 0.705928 0.000000
vt  0.989503 0.939907 0.000000
vt  0.989503 0.939907 0.000000
vt  0.978947 0.891832 0.000000
vt  0.978947 0.891832 0.000000
vt  0.978947 0.947586 0.000000
vt  0.978947 0.947586 0.000000
vt  0.978947 0.947586 0.000000
vt  0.989520 0.945857 0.000000
vt  0.989520 0.945857 0.000000
vt  0.500000 0.839239 0.000000
vt  0.500000 0.839239 0.000000
vt  0.500000 0.839239 0.000000
vt  0.574310 0.842725 0.000000
vt  0.574310 0.842725 0.000000
vt  0.605263 0.851034 0.000000
vt  0.605263 0.851034 0.000000
vt  0.574370 0.859148 0.000000
vt  0.574370 0.859148 0.000000
vt  0.500000 0.862445 0.000000
vt  0.500000 0.862445 0.000000
vt  0.500000 0.862445 0.000000
vt  0.425690 0.859153 0.000000
vt  0.425690 0.859153 0.000000
vt  0.394737 0.851038 0.000000
vt  0.394737 0.851038 0.000000
vt  0.425630 0.842730 0.000000
vt  0.425630 0.842730 0.000000
vt  0.500000 0.922745 0.000000
vt  0.500000 0.922745 0.000000
vt  0.500000 0.922745 0.000000
vt  0.574310 0.925229 0.000000
vt  0.574310 0.925229 0.000000
vt  0.605263 0.931078 0.000000
vt  0.605263 0.931078 0.000000
vt  0.574370 0.936689 0.000000
vt  0.574370 0.936689 0.000000
vt  0.500000 0.938939 0.000000
vt  0.500000 0.938939 0.000000
vt  0.500000 0.938939 0.000000
vt  0.425690 0.936692 0.000000
vt  0.425690 0.936692 0.000000
vt  0.394737 0.931081 0.000000
vt  0.394737 0.931081 0.000000
vt  0.425630 0.925232 0.000000
vt  0.425630 0.925232 0.000000
vt  0.021053 0.891832 0.000000
vt  0.021053 0.891832 0.000000
vt  0.021053 0.947586 0.000000
vt  0.021053 0.947586 0.000000
vt  0.021053 0.947586 0.000000
vt  0.499960 0.953231 0.000000
vt  0.499960 0.953231 0.000000
vt  0.010480 0.945857 0.000000
vt  0.010480 0.945857 0.000000
vt  0.010497 0.939907 0.000000
vt  0.010497 0.939907 0.000000
vt  0.779342 0.406398 0.000000
vt  0.779342 0.406398 0.000000
vt  0.779342 0.406398 0.000000
vt  0.779342 0.356058 0.000000
vt  0.779342 0.356058 0.000000
vt  0.779342 0.378316 0.000000
vt  0.779342 0.378316 0.000000
vt  0.779342 0.397066 0.000000
vt  0.779342 0.397066 0.000000
vt  0.779342 0.568800 0.000000
vt  0.779342 0.568800 0.000000
vt  0.779342 0.568800 0.000000
vt  0.779342 0.578132 0.000000
vt  0.779342 0.578132 0.000000
vt  0.779342 0.596883 0.000000
vt  0.779342 0.596883 0.000000
vt  0.779342 0.619141 0.000000
vt  0.779342 0.619141 0.000000
vt  0.220658 0.406398 0.000000
vt  0.220658 0.406398 0.000000
vt  0.220658 0.406398 0.000000
vt  0.220658 0.397066 0.000000
vt  0.220658 0.397066 0.000000
vt  0.220658 0.378316 0.000000
vt  0.220658 0.378316 0.000000
vt  0.220658 0.356058 0.000000
vt  0.220658 0.356058 0.000000
vt  0.220658 0.619141 0.000000
vt  0.220658 0.619141 0.000000
vt  0.220658 0.596883 0.000000
vt  0.220658 0.596883 0.000000
vt  0.220658 0.578132 0.000000
vt  0.220658 0.578132 0.000000
vt  0.220658 0.568800 0.000000
vt  0.220658 0.568800 0.000000
vt  0.220658 0.568800 0.000000
vt  0.754152 0.404842 0.000000
vt  0.754152 0.404842 0.000000
vt  0.691262 0.396904 0.000000
vt  0.691262 0.396904 0.000000
vt  0.621533 0.387898 0.000000
vt  0.621533 0.387898 0.000000
vt  0.558945 0.380897 0.000000
vt  0.558945 0.380897 0.000000
vt  0.497676 0.377839 0.000000
vt  0.497676 0.377839 0.000000
vt  0.437952 0.381186 0.000000
vt  0.437952 0.381186 0.000000
vt  0.375640 0.388251 0.000000
vt  0.375640 0.388251 0.000000
vt  0.307423 0.397076 0.000000
vt  0.307423 0.397076 0.000000
vt  0.245645 0.404865 0.000000
vt  0.245645 0.404865 0.000000
vt  0.246039 0.570377 0.000000
vt  0.246039 0.570377 0.000000
vt  0.308510 0.578264 0.000000
vt  0.308510 0.578264 0.000000
vt  0.377025 0.587120 0.000000
vt  0.377025 0.587120 0.000000
vt  0.440071 0.594212 0.000000
vt  0.440071 0.594212 0.000000
vt  0.499554 0.597361 0.000000
vt  0.499554 0.597361 0.000000
vt  0.559818 0.594221 0.000000
vt  0.559818 0.594221 0.000000
vt  0.623007 0.587116 0.000000
vt  0.623007 0.587116 0.000000
vt  0.691659 0.578241 0.000000
vt  0.691659 0.578241 0.000000
vt  0.754015 0.570371 0.000000
vt  0.754015 0.570371 0.000000
vt  0.500000 0.194815 0.000000
vt  0.500000 0.194815 0.000000
vt  0.500000 0.194815 0.000000
vt  0.425632 0.198854 0.000000
vt  0.425632 0.198854 0.000000
vt  0.394773 0.208622 0.000000
vt  0.394773 0.208622 0.000000
vt  0.425632 0.218391 0.000000
vt  0.425632 0.218391 0.000000
vt  0.500000 0.222430 0.000000
vt  0.500000 0.222430 0.000000
vt  0.500000 0.222430 0.000000
vt  0.574368 0.218391 0.000000
vt  0.574368 0.218391 0.000000
vt  0.605227 0.208622 0.000000
vt  0.605227 0.208622 0.000000
vt  0.574368 0.198854 0.000000
vt  0.574368 0.198854 0.000000
vt  0.500000 0.109587 0.000000
vt  0.500000 0.109587 0.000000
vt  0.500000 0.109587 0.000000
vt  0.425632 0.112982 0.000000
vt  0.425632 0.112982 0.000000
vt  0.394773 0.121190 0.000000
vt  0.394773 0.121190 0.000000
vt  0.425632 0.129399 0.000000
vt  0.425632 0.129399 0.000000
vt  0.500000 0.132793 0.000000
vt  0.500000 0.132793 0.000000
vt  0.500000 0.132793 0.000000
vt  0.574368 0.129399 0.000000
vt  0.574368 0.129399 0.000000
vt  0.605227 0.121190 0.000000
vt  0.605227 0.121190 0.000000
vt  0.574368 0.112982 0.000000
vt  0.574368 0.112982 0.000000
vt  0.500000 0.032396 0.000000
vt  0.500000 0.032396 0.000000
vt  0.500000 0.032396 0.000000
vt  0.425632 0.034765 0.000000
vt  0.425632 0.034765 0.000000
vt  0.394773 0.040493 0.000000
vt  0.394773 0.040493 0.000000
vt  0.425632 0.046221 0.000000
vt  0.425632 0.046221 0.000000
vt  0.500000 0.048590 0.000000
vt  0.500000 0.048590 0.000000
vt  0.500000 0.048590 0.000000
vt  0.574368 0.046221 0.000000
vt  0.574368 0.046221 0.000000
vt  0.605227 0.040493 0.000000
vt  0.605227 0.040493 0.000000
vt  0.574368 0.034765 0.000000
vt  0.574368 0.034765 0.000000
vt  0.500000 0.752906 0.000000
vt  0.500000 0.752906 0.000000
vt  0.500000 0.752906 0.000000
vt  0.425632 0.756946 0.000000
vt  0.425632 0.756946 0.000000
vt  0.394773 0.766714 0.000000
vt  0.394773 0.766714 0.000000
vt  0.425632 0.776482 0.000000
vt  0.425632 0.776482 0.000000
vt  0.500000 0.780522 0.000000
vt  0.500000 0.780522 0.000000
vt  0.500000 0.780522 0.000000
vt  0.574368 0.776482 0.000000
vt  0.574368 0.776482 0.000000
vt  0.605227 0.766714 0.000000
vt  0.605227 0.766714 0.000000
vt  0.574368 0.756946 0.000000
vt  0.574368 0.756946 0.000000
vt  0.500000 0.842405 0.000000
vt  0.500000 0.842405 0.000000
vt  0.500000 0.842405 0.000000
vt  0.425632 0.845799 0.000000
vt  0.425632 0.845799 0.000000
vt  0.394773 0.854008 0.000000
vt  0.394773 0.854008 0.000000
vt  0.425632 0.862216 0.000000
vt  0.425632 0.862216 0.000000
vt  0.500000 0.865610 0.000000
vt  0.500000 0.865610 0.000000
vt  0.500000 0.865610 0.000000
vt  0.574368 0.862216 0.000000
vt  0.574368 0.862216 0.000000
vt  0.605227 0.854008 0.000000
vt  0.605227 0.854008 0.000000
vt  0.574368 0.845799 0.000000
vt  0.574368 0.845799 0.000000
vt  0.500000 0.926608 0.000000
vt  0.500000 0.926608 0.000000
vt  0.500000 0.926608 0.000000
vt  0.425632 0.928977 0.000000
vt  0.425632 0.928977 0.000000
vt  0.394773 0.934705 0.000000
vt  0.394773 0.934705 0.000000
vt  0.425632 0.940433 0.000000
vt  0.425632 0.940433 0.000000
vt  0.500000 0.942802 0.000000
vt  0.500000 0.942802 0.000000
vt  0.500000 0.942802 0.000000
vt  0.574368 0.940433 0.000000
vt  0.574368 0.940433 0.000000
vt  0.605227 0.934705 0.000000
vt  0.605227 0.934705 0.000000
vt  0.574368 0.928977 0.000000
vt  0.574368 0.928977 0.000000
vt  0.000000 0.328877 0.000000
vt  0.000000 0.328877 0.000000
vt  0.000000 0.328877 0.000000
vt  0.000000 0.334944 0.000000
vt  0.000000 0.334944 0.000000
vt  0.000000 0.345159 0.000000
vt  0.000000 0.345159 0.000000
vt  0.000000 0.358183 0.000000
vt  0.000000 0.358183 0.000000
vt  0.000000 0.372343 0.000000
vt  0.000000 0.372343 0.000000
vt  0.000000 0.385875 0.000000
vt  0.000000 0.385875 0.000000
vt  0.000000 0.397001 0.000000
vt  0.000000 0.397001 0.000000
vt  0.000000 0.404287 0.000000
vt  0.000000 0.404287 0.000000
vt  0.000000 0.406830 0.000000
vt  0.000000 0.406830 0.000000
vt  0.000000 0.404287 0.000000
vt  0.000000 0.404287 0.000000
vt  0.000000 0.397001 0.000000
vt  0.000000 0.397001 0.000000
vt  0.000000 0.385875 0.000000
vt  0.000000 0.385875 0.000000
vt  0.000000 0.372343 0.000000
vt  0.000000 0.372343 0.000000
vt  0.000000 0.358183 0.000000
vt  0.000000 0.358183 0.000000
vt  0.000000 0.345159 0.000000
vt  0.000000 0.345159 0.000000
vt  0.000000 0.334944 0.000000
vt  0.000000 0.334944 0.000000
vt  0.000000 0.328877 0.000000
vt  0.000000 0.328877 0.000000
vt  0.000000 0.328877 0.000000
vt  0.000000 0.336698 0.000000
vt  0.000000 0.336698 0.000000
vt  0.000000 0.336698 0.000000
vt  0.000000 0.349651 0.000000
vt  0.000000 0.349651 0.000000
vt  0.000000 0.371300 0.000000
vt  0.000000 0.371300 0.000000
vt  0.000000 0.390903 0.000000
vt  0.000000 0.390903 0.000000
vt  0.000000 0.398738 0.000000
vt  0.000000 0.398738 0.000000
vt  0.000000 0.390903 0.000000
vt  0.000000 0.390903 0.000000
vt  0.000000 0.371300 0.000000
vt  0.000000 0.371300 0.000000
vt  0.000000 0.349651 0.000000
vt  0.000000 0.349651 0.000000
vt  0.000000 0.336698 0.000000
vt  0.000000 0.336698 0.000000
vt  0.000000 0.336698 0.000000
vt  1.000000 0.328877 0.000000
vt  1.000000 0.328877 0.000000
vt  1.000000 0.328877 0.000000
vt  1.000000 0.336698 0.000000
vt  1.000000 0.336698 0.000000
vt  1.000000 0.336698 0.000000
vt  1.000000 0.349651 0.000000
vt  1.000000 0.349651 0.000000
vt  1.000000 0.371300 0.000000
vt  1.000000 0.371300 0.000000
vt  1.000000 0.390903 0.000000
vt  1.000000 0.390903 0.000000
vt  1.000000 0.398738 0.000000
vt  1.000000 0.398738 0.000000
vt  1.000000 0.390903 0.000000
vt  1.000000 0.390903 0.000000
vt  1.000000 0.371300 0.000000
vt  1.000000 0.371300 0.000000
vt  1.000000 0.349651 0.000000
vt  1.000000 0.349651 0.000000
vt  1.000000 0.336698 0.000000
vt  1.000000 0.336698 0.000000
vt  1.000000 0.336698 0.000000
vt  1.000000 0.328877 0.000000
vt  1.000000 0.328877 0.000000
vt  1.000000 0.328877 0.000000
vt  1.000000 0.334944 0.000000
vt  1.000000 0.334944 0.000000
vt  1.000000 0.345159 0.000000
vt  1.000000 0.345159 0.000000
vt  1.000000 0.358183 0.000000
vt  1.000000 0.358183 0.000000
vt  1.000000 0.372343 0.000000
vt  1.000000 0.372343 0.000000
vt  1.000000 0.385875 0.000000
vt  1.000000 0.385875 0.000000
vt  1.000000 0.397001 0.000000
vt  1.000000 0.397001 0.000000
vt  1.000000 0.404287 0.000000
vt  1.000000 0.404287 0.000000
vt  1.000000 0.406830 0.000000
vt  1.000000 0.406830 0.000000
vt  1.000000 0.404287 0.000000
vt  1.000000 0.404287 0.000000
vt  1.000000 0.397001 0.000000
vt  1.000000 0.397001 0.000000
vt  1.000000 0.385875 0.000000
vt  1.000000 0.385875 0.000000
vt  1.000000 0.372343 0.000000
vt  1.000000 0.372343 0.000000
vt  1.000000 0.358183 0.000000
vt  1.000000 0.358183 0.000000
vt  1.000000 0.345159 0.000000
vt  1.000000 0.345159 0.000000
vt  1.000000 0.334944 0.000000
vt  1.000000 0.334944 0.000000
vt  0.700000 0.367180 0.000000
vt  0.700000 0.367180 0.000000
vt  0.700000 0.367180 0.000000
vt  0.700000 0.387005 0.000000
vt  0.700000 0.387005 0.000000
vt  0.700000 0.401522 0.000000
vt  0.700000 0.401522 0.000000
vt  0.700000 0.406835 0.000000
vt  0.700000 0.406835 0.000000
vt  0.700000 0.406835 0.000000
vt  0.670714 0.403269 0.000000
vt  0.670714 0.403269 0.000000
vt  0.592510 0.395276 0.000000
vt  0.592510 0.395276 0.000000
vt  0.497987 0.391195 0.000000
vt  0.497987 0.391195 0.000000
vt  0.408354 0.395211 0.000000
vt  0.408354 0.395211 0.000000
vt  0.329891 0.403195 0.000000
vt  0.329891 0.403195 0.000000
vt  0.300000 0.406835 0.000000
vt  0.300000 0.406835 0.000000
vt  0.300000 0.406835 0.000000
vt  0.300000 0.401522 0.000000
vt  0.300000 0.401522 0.000000
vt  0.300000 0.387005 0.000000
vt  0.300000 0.387005 0.000000
vt  0.300000 0.367180 0.000000
vt  0.300000 0.367180 0.000000
vt  0.300000 0.367180 0.000000
vt  0.317023 0.356967 0.000000
vt  0.317023 0.356967 0.000000
vt  0.366394 0.349145 0.000000
vt  0.366394 0.349145 0.000000
vt  0.431579 0.346419 0.000000
vt  0.431579 0.346419 0.000000
vt  0.431579 0.346419 0.000000
vt  0.568421 0.346419 0.000000
vt  0.568421 0.346419 0.000000
vt  0.568421 0.346419 0.000000
vt  0.632266 0.349027 0.000000
vt  0.632266 0.349027 0.000000
vt  0.682153 0.356740 0.000000
vt  0.682153 0.356740 0.000000
vt  0.947368 0.336698 0.000000
vt  0.947368 0.336698 0.000000
vt  0.947368 0.336698 0.000000
vt  0.947368 0.336698 0.000000
vt  0.052632 0.336698 0.000000
vt  0.052632 0.336698 0.000000
vt  0.052632 0.336698 0.000000
vt  0.052632 0.336698 0.000000
vt  0.052632 0.398738 0.000000
vt  0.052632 0.398738 0.000000
vt  0.052632 0.398738 0.000000
vt  0.052632 0.396716 0.000000
vt  0.052632 0.396716 0.000000
vt  0.052632 0.390907 0.000000
vt  0.052632 0.390907 0.000000
vt  0.052632 0.382057 0.000000
vt  0.052632 0.382057 0.000000
vt  0.052632 0.371300 0.000000
vt  0.052632 0.371300 0.000000
vt  0.052632 0.360014 0.000000
vt  0.052632 0.360014 0.000000
vt  0.052632 0.349648 0.000000
vt  0.052632 0.349648 0.000000
vt  0.052632 0.341529 0.000000
vt  0.052632 0.341529 0.000000
vt  0.052632 0.336698 0.000000
vt  0.052632 0.336698 0.000000
vt  0.052632 0.336698 0.000000
vt  0.052632 0.336698 0.000000
vt  0.052632 0.341529 0.000000
vt  0.052632 0.341529 0.000000
vt  0.052632 0.349648 0.000000
vt  0.052632 0.349648 0.000000
vt  0.052632 0.360014 0.000000
vt  0.052632 0.360014 0.000000
vt  0.052632 0.371300 0.000000
vt  0.052632 0.371300 0.000000
vt  0.052632 0.382057 0.000000
vt  0.052632 0.382057 0.000000
vt  0.052632 0.390907 0.000000
vt  0.052632 0.390907 0.000000
vt  0.052632 0.396716 0.000000
vt  0.052632 0.396716 0.000000
vt  0.947368 0.398738 0.000000
vt  0.947368 0.398738 0.000000
vt  0.947368 0.398738 0.000000
vt  0.947368 0.396716 0.000000
vt  0.947368 0.396716 0.000000
vt  0.947368 0.390907 0.000000
vt  0.947368 0.390907 0.000000
vt  0.947368 0.382057 0.000000
vt  0.947368 0.382057 0.000000
vt  0.947368 0.371300 0.000000
vt  0.947368 0.371300 0.000000
vt  0.947368 0.360014 0.000000
vt  0.947368 0.360014 0.000000
vt  0.947368 0.349648 0.000000
vt  0.947368 0.349648 0.000000
vt  0.947368 0.341529 0.000000
vt  0.947368 0.341529 0.000000
vt  0.947368 0.336698 0.000000
vt  0.947368 0.336698 0.000000
vt  0.947368 0.336698 0.000000
vt  0.947368 0.336698 0.000000
vt  0.947368 0.341529 0.000000
vt  0.947368 0.341529 0.000000
vt  0.947368 0.349648 0.000000
vt  0.947368 0.349648 0.000000
vt  0.947368 0.360014 0.000000
vt  0.947368 0.360014 0.000000
vt  0.947368 0.371300 0.000000
vt  0.947368 0.371300 0.000000
vt  0.947368 0.382057 0.000000
vt  0.947368 0.382057 0.000000
vt  0.947368 0.390907 0.000000
vt  0.947368 0.390907 0.000000
vt  0.947368 0.396716 0.000000
vt  0.947368 0.396716 0.000000
vt  0.500000 0.367180 0.000000
vt  0.500000 0.367180 0.000000
vt  0.390964 0.384381 0.000000
vt  0.390964 0.384381 0.000000
vt  0.322767 0.395148 0.000000
vt  0.322767 0.395148 0.000000
vt  0.300000 0.398738 0.000000
vt  0.300000 0.398738 0.000000
vt  0.300000 0.398738 0.000000
vt  0.700000 0.398738 0.000000
vt  0.700000 0.398738 0.000000
vt  0.700000 0.398738 0.000000
vt  0.677051 0.395120 0.000000
vt  0.677051 0.395120 0.000000
vt  0.608906 0.384360 0.000000
vt  0.608906 0.384360 0.000000
vt  0.700000 0.367180 0.000000
vt  0.700000 0.367180 0.000000
vt  0.700000 0.367180 0.000000
vt  0.700000 0.382957 0.000000
vt  0.700000 0.382957 0.000000
vt  0.700000 0.394509 0.000000
vt  0.700000 0.394509 0.000000
vt  0.300000 0.367180 0.000000
vt  0.300000 0.367180 0.000000
vt  0.300000 0.367180 0.000000
vt  0.300000 0.394509 0.000000
vt  0.300000 0.394509 0.000000
vt  0.300000 0.382957 0.000000
vt  0.300000 0.382957 0.000000
vt  0.568421 0.346419 0.000000
vt  0.568421 0.346419 0.000000
vt  0.568421 0.346419 0.000000
vt  0.631892 0.348994 0.000000
vt  0.631892 0.348994 0.000000
vt  0.682727 0.356897 0.000000
vt  0.682727 0.356897 0.000000
vt  0.317524 0.356828 0.000000
vt  0.317524 0.356828 0.000000
vt  0.368500 0.348960 0.000000
vt  0.368500 0.348960 0.000000
vt  0.431579 0.346419 0.000000
vt  0.431579 0.346419 0.000000
vt  0.431579 0.346419 0.000000
vt  0.000000 0.646793 0.000000
vt  0.000000 0.646793 0.000000
vt  0.000000 0.646793 0.000000
vt  0.000000 0.633822 0.000000
vt  0.000000 0.633822 0.000000
vt  0.000000 0.610279 0.000000
vt  0.000000 0.610279 0.000000
vt  0.000000 0.585835 0.000000
vt  0.000000 0.585835 0.000000
vt  0.000000 0.570444 0.000000
vt  0.000000 0.570444 0.000000
vt  0.000000 0.570444 0.000000
vt  0.000000 0.570444 0.000000
vt  0.000000 0.585835 0.000000
vt  0.000000 0.585835 0.000000
vt  0.000000 0.610279 0.000000
vt  0.000000 0.610279 0.000000
vt  0.000000 0.633822 0.000000
vt  0.000000 0.633822 0.000000
vt  0.000000 0.646793 0.000000
vt  0.000000 0.646793 0.000000
vt  0.000000 0.646793 0.000000
vt  0.000000 0.638463 0.000000
vt  0.000000 0.638463 0.000000
vt  0.000000 0.638463 0.000000
vt  0.000000 0.625459 0.000000
vt  0.000000 0.625459 0.000000
vt  0.000000 0.603828 0.000000
vt  0.000000 0.603828 0.000000
vt  0.000000 0.584271 0.000000
vt  0.000000 0.584271 0.000000
vt  0.000000 0.576459 0.000000
vt  0.000000 0.576459 0.000000
vt  0.000000 0.584271 0.000000
vt  0.000000 0.584271 0.000000
vt  0.000000 0.603828 0.000000
vt  0.000000 0.603828 0.000000
vt  0.000000 0.625459 0.000000
vt  0.000000 0.625459 0.000000
vt  0.000000 0.638463 0.000000
vt  0.000000 0.638463 0.000000
vt  0.000000 0.638463 0.000000
vt  1.000000 0.646793 0.000000
vt  1.000000 0.646793 0.000000
vt  1.000000 0.646793 0.000000
vt  1.000000 0.638463 0.000000
vt  1.000000 0.638463 0.000000
vt  1.000000 0.638463 0.000000
vt  1.000000 0.625459 0.000000
vt  1.000000 0.625459 0.000000
vt  1.000000 0.603828 0.000000
vt  1.000000 0.603828 0.000000
vt  1.000000 0.584271 0.000000
vt  1.000000 0.584271 0.000000
vt  1.000000 0.576459 0.000000
vt  1.000000 0.576459 0.000000
vt  1.000000 0.584271 0.000000
vt  1.000000 0.584271 0.000000
vt  1.000000 0.603828 0.000000
vt  1.000000 0.603828 0.000000
vt  1.000000 0.625459 0.000000
vt  1.000000 0.625459 0.000000
vt  1.000000 0.638463 0.000000
vt  1.000000 0.638463 0.000000
vt  1.000000 0.638463 0.000000
vt  1.000000 0.646793 0.000000
vt  1.000000 0.646793 0.000000
vt  1.000000 0.646793 0.000000
vt  1.000000 0.633822 0.000000
vt  1.000000 0.633822 0.000000
vt  1.000000 0.610279 0.000000
vt  1.000000 0.610279 0.000000
vt  1.000000 0.585835 0.000000
vt  1.000000 0.585835 0.000000
vt  1.000000 0.570444 0.000000
vt  1.000000 0.570444 0.000000
vt  1.000000 0.570444 0.000000
vt  1.000000 0.570444 0.000000
vt  1.000000 0.585835 0.000000
vt  1.000000 0.585835 0.000000
vt  1.000000 0.610279 0.000000
vt  1.000000 0.610279 0.000000
vt  1.000000 0.633822 0.000000
vt  1.000000 0.633822 0.000000
vt  0.730920 0.778264 0.000000
vt  0.730920 0.778264 0.000000
vt  0.730920 0.778264 0.000000
vt  0.730920 0.778264 0.000000
vt  0.730920 0.654890 0.000000
vt  0.730920 0.654890 0.000000
vt  0.730920 0.654890 0.000000
vt  0.745968 0.649110 0.000000
vt  0.745968 0.649110 0.000000
vt  0.745968 0.649110 0.000000
vt  0.782387 0.646793 0.000000
vt  0.782387 0.646793 0.000000
vt  0.782387 0.646793 0.000000
vt  0.692951 0.638463 0.000000
vt  0.692951 0.638463 0.000000
vt  0.692951 0.638463 0.000000
vt  0.692951 0.802348 0.000000
vt  0.692951 0.802348 0.000000
vt  0.692951 0.802348 0.000000
vt  0.701122 0.802348 0.000000
vt  0.701122 0.802348 0.000000
vt  0.701122 0.802348 0.000000
vt  0.701122 0.802348 0.000000
vt  0.711985 0.802348 0.000000
vt  0.711985 0.802348 0.000000
vt  0.711985 0.802348 0.000000
vt  0.725427 0.801490 0.000000
vt  0.725427 0.801490 0.000000
vt  0.730920 0.799441 0.000000
vt  0.730920 0.799441 0.000000
vt  0.730920 0.799441 0.000000
vt  0.298878 0.802348 0.000000
vt  0.298878 0.802348 0.000000
vt  0.298878 0.802348 0.000000
vt  0.298878 0.802348 0.000000
vt  0.307049 0.802348 0.000000
vt  0.307049 0.802348 0.000000
vt  0.307049 0.802348 0.000000
vt  0.307049 0.638463 0.000000
vt  0.307049 0.638463 0.000000
vt  0.307049 0.638463 0.000000
vt  0.217612 0.646793 0.000000
vt  0.217612 0.646793 0.000000
vt  0.217612 0.646793 0.000000
vt  0.254032 0.649110 0.000000
vt  0.254032 0.649110 0.000000
vt  0.254032 0.649110 0.000000
vt  0.269080 0.654891 0.000000
vt  0.269080 0.654891 0.000000
vt  0.269080 0.654891 0.000000
vt  0.269080 0.778264 0.000000
vt  0.269080 0.778264 0.000000
vt  0.269080 0.778264 0.000000
vt  0.269080 0.778264 0.000000
vt  0.269080 0.799441 0.000000
vt  0.269080 0.799441 0.000000
vt  0.269080 0.799441 0.000000
vt  0.274573 0.801490 0.000000
vt  0.274573 0.801490 0.000000
vt  0.288015 0.802348 0.000000
vt  0.288015 0.802348 0.000000
vt  0.288015 0.802348 0.000000
vt  0.307049 0.638463 0.000000
vt  0.307049 0.638463 0.000000
vt  0.307049 0.638463 0.000000
vt  0.342776 0.632826 0.000000
vt  0.342776 0.632826 0.000000
vt  0.408530 0.622450 0.000000
vt  0.408530 0.622450 0.000000
vt  0.500000 0.608017 0.000000
vt  0.500000 0.608017 0.000000
vt  0.591654 0.622479 0.000000
vt  0.591654 0.622479 0.000000
vt  0.657166 0.632816 0.000000
vt  0.657166 0.632816 0.000000
vt  0.692951 0.638463 0.000000
vt  0.692951 0.638463 0.000000
vt  0.692951 0.638463 0.000000
vt  0.657206 0.632823 0.000000
vt  0.657206 0.632823 0.000000
vt  0.591423 0.622443 0.000000
vt  0.591423 0.622443 0.000000
vt  0.500000 0.608017 0.000000
vt  0.500000 0.608017 0.000000
vt  0.408388 0.622473 0.000000
vt  0.408388 0.622473 0.000000
vt  0.342851 0.632814 0.000000
vt  0.342851 0.632814 0.000000
vt  0.332895 0.576459 0.000000
vt  0.332895 0.576459 0.000000
vt  0.332895 0.576459 0.000000
vt  0.359309 0.579846 0.000000
vt  0.359309 0.579846 0.000000
vt  0.424514 0.586981 0.000000
vt  0.424514 0.586981 0.000000
vt  0.496273 0.590666 0.000000
vt  0.496273 0.590666 0.000000
vt  0.569636 0.587489 0.000000
vt  0.569636 0.587489 0.000000
vt  0.637825 0.580197 0.000000
vt  0.637825 0.580197 0.000000
vt  0.667105 0.576459 0.000000
vt  0.667105 0.576459 0.000000
vt  0.667105 0.576459 0.000000
vt  0.640689 0.579846 0.000000
vt  0.640689 0.579846 0.000000
vt  0.575440 0.586985 0.000000
vt  0.575440 0.586985 0.000000
vt  0.503732 0.590666 0.000000
vt  0.503732 0.590666 0.000000
vt  0.430421 0.587494 0.000000
vt  0.430421 0.587494 0.000000
vt  0.362234 0.580204 0.000000
vt  0.362234 0.580204 0.000000
vt  0.730920 0.778264 0.000000
vt  0.730920 0.778264 0.000000
vt  0.730920 0.778264 0.000000
vt  0.730920 0.778264 0.000000
vt  0.730920 0.799441 0.000000
vt  0.730920 0.799441 0.000000
vt  0.730920 0.799441 0.000000
vt  0.725427 0.801490 0.000000
vt  0.725427 0.801490 0.000000
vt  0.711985 0.802348 0.000000
vt  0.711985 0.802348 0.000000
vt  0.711985 0.802348 0.000000
vt  0.701122 0.802348 0.000000
vt  0.701122 0.802348 0.000000
vt  0.701122 0.802348 0.000000
vt  0.701122 0.802348 0.000000
vt  0.692951 0.802348 0.000000
vt  0.692951 0.802348 0.000000
vt  0.692951 0.802348 0.000000
vt  0.782388 0.646793 0.000000
vt  0.782388 0.646793 0.000000
vt  0.782388 0.646793 0.000000
vt  0.745655 0.649159 0.000000
vt  0.745655 0.649159 0.000000
vt  0.745655 0.649159 0.000000
vt  0.730920 0.654891 0.000000
vt  0.730920 0.654891 0.000000
vt  0.730920 0.654891 0.000000
vt  0.298878 0.802348 0.000000
vt  0.298878 0.802348 0.000000
vt  0.298878 0.802348 0.000000
vt  0.298878 0.802348 0.000000
vt  0.288015 0.802348 0.000000
vt  0.288015 0.802348 0.000000
vt  0.288015 0.802348 0.000000
vt  0.274521 0.801482 0.000000
vt  0.274521 0.801482 0.000000
vt  0.269080 0.799441 0.000000
vt  0.269080 0.799441 0.000000
vt  0.269080 0.799441 0.000000
vt  0.269080 0.778264 0.000000
vt  0.269080 0.778264 0.000000
vt  0.269080 0.778264 0.000000
vt  0.269080 0.778264 0.000000
vt  0.269080 0.654891 0.000000
vt  0.269080 0.654891 0.000000
vt  0.269080 0.654891 0.000000
vt  0.254345 0.649159 0.000000
vt  0.254345 0.649159 0.000000
vt  0.254345 0.649159 0.000000
vt  0.217612 0.646793 0.000000
vt  0.217612 0.646793 0.000000
vt  0.217612 0.646793 0.000000
vt  0.307049 0.802348 0.000000
vt  0.307049 0.802348 0.000000
vt  0.307049 0.802348 0.000000
vt  0.500000 0.802348 0.000000
vt  0.500000 0.802348 0.000000
vt  0.500000 0.802348 0.000000
vt  0.432809 0.802348 0.000000
vt  0.432809 0.802348 0.000000
vt  0.372952 0.802348 0.000000
vt  0.372952 0.802348 0.000000
vt  0.326671 0.802348 0.000000
vt  0.326671 0.802348 0.000000
vt  0.378555 0.802348 0.000000
vt  0.378555 0.802348 0.000000
vt  0.500000 0.802348 0.000000
vt  0.500000 0.802348 0.000000
vt  0.621445 0.802348 0.000000
vt  0.621445 0.802348 0.000000
vt  0.673329 0.802348 0.000000
vt  0.673329 0.802348 0.000000
vt  0.627048 0.802348 0.000000
vt  0.627048 0.802348 0.000000
vt  0.567191 0.802348 0.000000
vt  0.567191 0.802348 0.000000
vt  0.621445 0.802348 0.000000
vt  0.621445 0.802348 0.000000
vt  0.500000 0.802348 0.000000
vt  0.500000 0.802348 0.000000
vt  0.378555 0.802348 0.000000
vt  0.378555 0.802348 0.000000
vt  0.326671 0.802348 0.000000
vt  0.326671 0.802348 0.000000
vt  0.372952 0.802348 0.000000
vt  0.372952 0.802348 0.000000
vt  0.432809 0.802348 0.000000
vt  0.432809 0.802348 0.000000
vt  0.500000 0.802348 0.000000
vt  0.500000 0.802348 0.000000
vt  0.500000 0.802348 0.000000
vt  0.567191 0.802348 0.000000
vt  0.567191 0.802348 0.000000
vt  0.627048 0.802348 0.000000
vt  0.627048 0.802348 0.000000
vt  0.673329 0.802348 0.000000
vt  0.673329 0.802348 0.000000
vt  0.647655 0.778264 0.000000
vt  0.647655 0.778264 0.000000
vt  0.500000 0.778264 0.000000
vt  0.500000 0.778264 0.000000
vt  0.352345 0.778264 0.000000
vt  0.352345 0.778264 0.000000
vt  0.298827 0.649479 0.000000
vt  0.298827 0.649479 0.000000
vt  0.326778 0.644484 0.000000
vt  0.326778 0.644484 0.000000
vt  0.361057 0.638540 0.000000
vt  0.361057 0.638540 0.000000
vt  0.397133 0.632666 0.000000
vt  0.397133 0.632666 0.000000
vt  0.431943 0.627663 0.000000
vt  0.431943 0.627663 0.000000
vt  0.496101 0.622668 0.000000
vt  0.496101 0.622668 0.000000
vt  0.557662 0.626385 0.000000
vt  0.557662 0.626385 0.000000
vt  0.590507 0.630791 0.000000
vt  0.590507 0.630791 0.000000
vt  0.626052 0.636383 0.000000
vt  0.626052 0.636383 0.000000
vt  0.662270 0.642563 0.000000
vt  0.662270 0.642563 0.000000
vt  0.694779 0.648326 0.000000
vt  0.694779 0.648326 0.000000
vt  0.717706 0.652477 0.000000
vt  0.717706 0.652477 0.000000
vt  0.352345 0.778264 0.000000
vt  0.352345 0.778264 0.000000
vt  0.500000 0.778264 0.000000
vt  0.500000 0.778264 0.000000
vt  0.647655 0.778264 0.000000
vt  0.647655 0.778264 0.000000
vt  0.705163 0.650199 0.000000
vt  0.705163 0.650199 0.000000
vt  0.653118 0.640972 0.000000
vt  0.653118 0.640972 0.000000
vt  0.614813 0.634550 0.000000
vt  0.614813 0.634550 0.000000
vt  0.614813 0.634550 0.000000
vt  0.589370 0.630618 0.000000
vt  0.589370 0.630618 0.000000
vt  0.530025 0.623752 0.000000
vt  0.530025 0.623752 0.000000
vt  0.473318 0.623528 0.000000
vt  0.473318 0.623528 0.000000
vt  0.413435 0.630207 0.000000
vt  0.413435 0.630207 0.000000
vt  0.385429 0.634513 0.000000
vt  0.385429 0.634513 0.000000
vt  0.385429 0.634513 0.000000
vt  0.349040 0.640600 0.000000
vt  0.349040 0.640600 0.000000
vt  0.295225 0.650129 0.000000
vt  0.295225 0.650129 0.000000
vt  0.763181 0.644418 0.000000
vt  0.763181 0.644418 0.000000
vt  0.728055 0.640137 0.000000
vt  0.728055 0.640137 0.000000
vt  0.679801 0.634409 0.000000
vt  0.679801 0.634409 0.000000
vt  0.641384 0.630071 0.000000
vt  0.641384 0.630071 0.000000
vt  0.641384 0.630071 0.000000
vt  0.629163 0.628757 0.000000
vt  0.629163 0.628757 0.000000
vt  0.581723 0.624137 0.000000
vt  0.581723 0.624137 0.000000
vt  0.538085 0.621083 0.000000
vt  0.538085 0.621083 0.000000
vt  0.451029 0.621686 0.000000
vt  0.451029 0.621686 0.000000
vt  0.404747 0.625355 0.000000
vt  0.404747 0.625355 0.000000
vt  0.358243 0.630114 0.000000
vt  0.358243 0.630114 0.000000
vt  0.358243 0.630114 0.000000
vt  0.355053 0.630463 0.000000
vt  0.355053 0.630463 0.000000
vt  0.305340 0.636146 0.000000
vt  0.305340 0.636146 0.000000
vt  0.262395 0.641295 0.000000
vt  0.262395 0.641295 0.000000
vt  0.233698 0.644803 0.000000
vt  0.233698 0.644803 0.000000
vt  0.264826 0.640999 0.000000
vt  0.264826 0.640999 0.000000
vt  0.309653 0.635639 0.000000
vt  0.309653 0.635639 0.000000
vt  0.360376 0.629881 0.000000
vt  0.360376 0.629881 0.000000
vt  0.457122 0.621336 0.000000
vt  0.457122 0.621336 0.000000
vt  0.546793 0.621558 0.000000
vt  0.546793 0.621558 0.000000
vt  0.642966 0.630245 0.000000
vt  0.642966 0.630245 0.000000
vt  0.692841 0.635932 0.000000
vt  0.692841 0.635932 0.000000
vt  0.736101 0.641111 0.000000
vt  0.736101 0.641111 0.000000
vt  0.667105 0.568362 0.000000
vt  0.667105 0.568362 0.000000
vt  0.667105 0.568362 0.000000
vt  0.636193 0.571422 0.000000
vt  0.636193 0.571422 0.000000
vt  0.554200 0.577188 0.000000
vt  0.554200 0.577188 0.000000
vt  0.503775 0.578382 0.000000
vt  0.503775 0.578382 0.000000
vt  0.449356 0.577331 0.000000
vt  0.449356 0.577331 0.000000
vt  0.401340 0.574557 0.000000
vt  0.401340 0.574557 0.000000
vt  0.363501 0.571394 0.000000
vt  0.363501 0.571394 0.000000
vt  0.332895 0.568362 0.000000
vt  0.332895 0.568362 0.000000
vt  0.332895 0.568362 0.000000
vt  0.363765 0.571418 0.000000
vt  0.363765 0.571418 0.000000
vt  0.445649 0.577182 0.000000
vt  0.445649 0.577182 0.000000
vt  0.550776 0.577325 0.000000
vt  0.550776 0.577325 0.000000
vt  0.636539 0.571390 0.000000
vt  0.636539 0.571390 0.000000
vt  0.716112 0.645898 0.000000
vt  0.670977 0.640818 0.000000
vt  0.283895 0.645897 0.000000
vt  0.329041 0.640816 0.000000
vt  0.723787 0.644675 0.000000
vt  0.688107 0.638001 0.000000
vt  0.276215 0.644674 0.000000
vt  0.311906 0.637999 0.000000
vt  0.500000 0.815635 0.000000
vt  0.500000 0.815635 0.000000
vt  0.500000 0.815635 0.000000
vt  0.371690 0.815635 0.000000
vt  0.371690 0.815635 0.000000
vt  0.292312 0.815635 0.000000
vt  0.292312 0.815635 0.000000
vt  0.292312 0.815635 0.000000
vt  0.292312 0.815635 0.000000
vt  0.371690 0.815635 0.000000
vt  0.371690 0.815635 0.000000
vt  0.500000 0.815635 0.000000
vt  0.500000 0.815635 0.000000
vt  0.500000 0.815635 0.000000
vt  0.628310 0.815635 0.000000
vt  0.628310 0.815635 0.000000
vt  0.707688 0.815635 0.000000
vt  0.707688 0.815635 0.000000
vt  0.707688 0.815635 0.000000
vt  0.707688 0.815635 0.000000
vt  0.628310 0.815635 0.000000
vt  0.628310 0.815635 0.000000
vt  0.500000 0.815635 0.000000
vt  0.500000 0.815635 0.000000
vt  0.500000 0.815635 0.000000
vt  0.622127 0.815635 0.000000
vt  0.622127 0.815635 0.000000
vt  0.697679 0.815635 0.000000
vt  0.697679 0.815635 0.000000
vt  0.697679 0.815635 0.000000
vt  0.697679 0.815635 0.000000
vt  0.622127 0.815635 0.000000
vt  0.622127 0.815635 0.000000
vt  0.500000 0.815635 0.000000
vt  0.500000 0.815635 0.000000
vt  0.500000 0.815635 0.000000
vt  0.377873 0.815635 0.000000
vt  0.377873 0.815635 0.000000
vt  0.302321 0.815635 0.000000
vt  0.302321 0.815635 0.000000
vt  0.302321 0.815635 0.000000
vt  0.302321 0.815635 0.000000
vt  0.377873 0.815635 0.000000
vt  0.377873 0.815635 0.000000
vt  0.500000 0.810892 0.000000
vt  0.500000 0.810892 0.000000
vt  0.500000 0.810892 0.000000
vt  0.500000 0.810892 0.000000
vt  0.645496 0.810892 0.000000
vt  0.752007 0.810892 0.000000
vt  0.790993 0.810892 0.000000
vt  0.752007 0.810892 0.000000
vt  0.645496 0.810892 0.000000
vt  0.500000 0.810892 0.000000
vt  0.500000 0.810892 0.000000
vt  0.500000 0.810892 0.000000
vt  0.500000 0.810892 0.000000
vt  0.500000 0.799441 0.000000
vt  0.500000 0.799441 0.000000
vt  0.500000 0.799441 0.000000
vt  0.500000 0.799441 0.000000
vt  0.500000 0.799441 0.000000
vt  0.500000 0.799441 0.000000
vt  0.500000 0.799441 0.000000
vt  0.500000 0.799441 0.000000
vt  0.688710 0.799441 0.000000
vt  0.688710 0.799441 0.000000
vt  0.805339 0.799441 0.000000
vt  0.805339 0.799441 0.000000
vt  0.805339 0.799441 0.000000
vt  0.805339 0.799441 0.000000
vt  0.688710 0.799441 0.000000
vt  0.688710 0.799441 0.000000
vt  0.500000 0.778264 0.000000
vt  0.500000 0.778264 0.000000
vt  0.500000 0.778264 0.000000
vt  0.688653 0.778264 0.000000
vt  0.688653 0.778264 0.000000
vt  0.805354 0.778264 0.000000
vt  0.805354 0.778264 0.000000
vt  0.805354 0.778264 0.000000
vt  0.805354 0.778264 0.000000
vt  0.688653 0.778264 0.000000
vt  0.688653 0.778264 0.000000
vt  0.500000 0.778264 0.000000
vt  0.500000 0.778264 0.000000
vt  0.500000 0.778264 0.000000
vt  0.311347 0.778264 0.000000
vt  0.311347 0.778264 0.000000
vt  0.194646 0.778264 0.000000
vt  0.194646 0.778264 0.000000
vt  0.194646 0.778264 0.000000
vt  0.194646 0.778264 0.000000
vt  0.311347 0.778264 0.000000
vt  0.311347 0.778264 0.000000
vt  0.263158 0.778264 0.000000
vt  0.263158 0.778264 0.000000
vt  0.736842 0.778264 0.000000
vt  0.736842 0.778264 0.000000
vt  0.736842 0.799441 0.000000
vt  0.736842 0.799441 0.000000
vt  0.718421 0.802348 0.000000
vt  0.718421 0.802348 0.000000
vt  0.707895 0.802348 0.000000
vt  0.707895 0.802348 0.000000
vt  0.281579 0.802348 0.000000
vt  0.281579 0.802348 0.000000
vt  0.292105 0.802348 0.000000
vt  0.292105 0.802348 0.000000
vt  0.354504 0.810892 0.000000
vt  0.247993 0.810892 0.000000
vt  0.209007 0.810892 0.000000
vt  0.247993 0.810892 0.000000
vt  0.354504 0.810892 0.000000
vt  0.311290 0.799441 0.000000
vt  0.311290 0.799441 0.000000
vt  0.194661 0.799441 0.000000
vt  0.194661 0.799441 0.000000
vt  0.194661 0.799441 0.000000
vt  0.194661 0.799441 0.000000
vt  0.311290 0.799441 0.000000
vt  0.311290 0.799441 0.000000
vt  0.263158 0.799441 0.000000
vt  0.263158 0.799441 0.000000
vt  0.000000 0.343927 0.000000
vt  0.000000 0.343927 0.000000
vt  0.000000 0.343927 0.000000
vt  0.000000 0.345696 0.000000
vt  0.000000 0.345696 0.000000
vt  0.000000 0.350742 0.000000
vt  0.000000 0.350742 0.000000
vt  0.000000 0.358293 0.000000
vt  0.000000 0.358293 0.000000
vt  0.000000 0.367180 0.000000
vt  0.000000 0.367180 0.000000
vt  0.000000 0.376067 0.000000
vt  0.000000 0.376067 0.000000
vt  0.000000 0.383619 0.000000
vt  0.000000 0.383619 0.000000
vt  0.000000 0.388665 0.000000
vt  0.000000 0.388665 0.000000
vt  0.000000 0.390434 0.000000
vt  0.000000 0.390434 0.000000
vt  0.000000 0.390434 0.000000
vt  0.000000 0.388665 0.000000
vt  0.000000 0.388665 0.000000
vt  0.000000 0.383619 0.000000
vt  0.000000 0.383619 0.000000
vt  0.000000 0.376067 0.000000
vt  0.000000 0.376067 0.000000
vt  0.000000 0.367180 0.000000
vt  0.000000 0.367180 0.000000
vt  0.000000 0.358293 0.000000
vt  0.000000 0.358293 0.000000
vt  0.000000 0.350742 0.000000
vt  0.000000 0.350742 0.000000
vt  0.000000 0.345696 0.000000
vt  0.000000 0.345696 0.000000
vt  0.052632 0.335623 0.000000
vt  0.052632 0.335623 0.000000
vt  0.052632 0.335623 0.000000
vt  0.052632 0.335893 0.000000
vt  0.052632 0.335893 0.000000
vt  0.947368 0.335623 0.000000
vt  0.947368 0.335623 0.000000
vt  0.947368 0.335623 0.000000
vt  0.947368 0.335893 0.000000
vt  0.947368 0.335893 0.000000
vt  0.052632 0.335893 0.000000
vt  0.052632 0.335893 0.000000
vt  0.947368 0.335893 0.000000
vt  0.947368 0.335893 0.000000
vt  0.311842 0.398738 0.000000
vt  0.311842 0.398738 0.000000
vt  0.311842 0.398738 0.000000
vt  0.318276 0.397961 0.000000
vt  0.318276 0.397961 0.000000
vt  0.344033 0.394932 0.000000
vt  0.344033 0.394932 0.000000
vt  0.367192 0.392354 0.000000
vt  0.367192 0.392354 0.000000
vt  0.399529 0.389092 0.000000
vt  0.399529 0.389092 0.000000
vt  0.423253 0.387043 0.000000
vt  0.423253 0.387043 0.000000
vt  0.423253 0.387043 0.000000
vt  0.441569 0.385722 0.000000
vt  0.441569 0.385722 0.000000
vt  0.487762 0.383842 0.000000
vt  0.487762 0.383842 0.000000
vt  0.534465 0.384456 0.000000
vt  0.534465 0.384456 0.000000
vt  0.576569 0.387028 0.000000
vt  0.576569 0.387028 0.000000
vt  0.576569 0.387028 0.000000
vt  0.581300 0.387411 0.000000
vt  0.581300 0.387411 0.000000
vt  0.621022 0.391112 0.000000
vt  0.621022 0.391112 0.000000
vt  0.649426 0.394189 0.000000
vt  0.649426 0.394189 0.000000
vt  0.680374 0.397799 0.000000
vt  0.680374 0.397799 0.000000
vt  0.688158 0.398738 0.000000
vt  0.688158 0.398738 0.000000
vt  0.688158 0.398738 0.000000
vt  0.680258 0.397792 0.000000
vt  0.680258 0.397792 0.000000
vt  0.655767 0.394915 0.000000
vt  0.655767 0.394915 0.000000
vt  0.619672 0.390975 0.000000
vt  0.619672 0.390975 0.000000
vt  0.579915 0.387289 0.000000
vt  0.579915 0.387289 0.000000
vt  0.575610 0.386947 0.000000
vt  0.575610 0.386947 0.000000
vt  0.575610 0.386947 0.000000
vt  0.501450 0.383746 0.000000
vt  0.501450 0.383746 0.000000
vt  0.423778 0.386996 0.000000
vt  0.423778 0.386996 0.000000
vt  0.423778 0.386996 0.000000
vt  0.421125 0.387207 0.000000
vt  0.421125 0.387207 0.000000
vt  0.380497 0.390958 0.000000
vt  0.380497 0.390958 0.000000
vt  0.344114 0.394930 0.000000
vt  0.344114 0.394930 0.000000
vt  0.319621 0.397806 0.000000
vt  0.319621 0.397806 0.000000
vt  1.000000 0.390434 0.000000
vt  1.000000 0.390434 0.000000
vt  1.000000 0.390434 0.000000
vt  1.000000 0.388665 0.000000
vt  1.000000 0.388665 0.000000
vt  1.000000 0.383619 0.000000
vt  1.000000 0.383619 0.000000
vt  1.000000 0.376067 0.000000
vt  1.000000 0.376067 0.000000
vt  1.000000 0.367180 0.000000
vt  1.000000 0.367180 0.000000
vt  1.000000 0.358293 0.000000
vt  1.000000 0.358293 0.000000
vt  1.000000 0.350742 0.000000
vt  1.000000 0.350742 0.000000
vt  1.000000 0.345696 0.000000
vt  1.000000 0.345696 0.000000
vt  1.000000 0.343927 0.000000
vt  1.000000 0.343927 0.000000
vt  1.000000 0.343927 0.000000
vt  1.000000 0.388665 0.000000
vt  1.000000 0.388665 0.000000
vt  1.000000 0.383619 0.000000
vt  1.000000 0.383619 0.000000
vt  1.000000 0.376067 0.000000
vt  1.000000 0.376067 0.000000
vt  1.000000 0.367180 0.000000
vt  1.000000 0.367180 0.000000
vt  1.000000 0.358293 0.000000
vt  1.000000 0.358293 0.000000
vt  1.000000 0.350742 0.000000
vt  1.000000 0.350742 0.000000
vt  1.000000 0.345696 0.000000
vt  1.000000 0.345696 0.000000
vt  0.420277 1.000000 0.000000
vt  0.420277 1.000000 0.000000
vt  0.420277 1.000000 0.000000
vt  0.347800 1.000000 0.000000
vt  0.347800 1.000000 0.000000
vt  0.337079 1.000000 0.000000
vt  0.337079 1.000000 0.000000
vt  0.392550 1.000000 0.000000
vt  0.392550 1.000000 0.000000
vt  0.392550 1.000000 0.000000
vt  0.502290 1.000000 0.000000
vt  0.502290 1.000000 0.000000
vt  0.598737 1.000000 0.000000
vt  0.598737 1.000000 0.000000
vt  0.637460 1.000000 0.000000
vt  0.637460 1.000000 0.000000
vt  0.637460 1.000000 0.000000
vt  0.619304 1.000000 0.000000
vt  0.619304 1.000000 0.000000
vt  0.533522 1.000000 0.000000
vt  0.533522 1.000000 0.000000
vt  0.332895 0.402060 0.000000
vt  0.332895 0.402060 0.000000
vt  0.332895 0.402060 0.000000
vt  0.332895 0.402060 0.000000
vt  0.667105 0.402060 0.000000
vt  0.667105 0.402060 0.000000
vt  0.667105 0.402060 0.000000
vt  0.667105 0.402060 0.000000
vt  0.661799 0.401262 0.000000
vt  0.661799 0.401262 0.000000
vt  0.641122 0.398225 0.000000
vt  0.641122 0.398225 0.000000
vt  0.622675 0.395644 0.000000
vt  0.622675 0.395644 0.000000
vt  0.596835 0.392303 0.000000
vt  0.596835 0.392303 0.000000
vt  0.563161 0.388647 0.000000
vt  0.563161 0.388647 0.000000
vt  0.525968 0.386062 0.000000
vt  0.525968 0.386062 0.000000
vt  0.489140 0.385596 0.000000
vt  0.489140 0.385596 0.000000
vt  0.452570 0.387338 0.000000
vt  0.452570 0.387338 0.000000
vt  0.418415 0.390523 0.000000
vt  0.418415 0.390523 0.000000
vt  0.390628 0.393877 0.000000
vt  0.390628 0.393877 0.000000
vt  0.354484 0.398859 0.000000
vt  0.354484 0.398859 0.000000
vt  0.337279 0.401400 0.000000
vt  0.337279 0.401400 0.000000
vt  0.332895 0.983414 0.000000
vt  0.332895 0.983414 0.000000
vt  0.332895 0.983414 0.000000
vt  0.332895 0.985780 0.000000
vt  0.332895 0.985780 0.000000
vt  0.332895 0.985780 0.000000
vt  0.341305 0.986168 0.000000
vt  0.341305 0.986168 0.000000
vt  0.365763 0.986556 0.000000
vt  0.365763 0.986556 0.000000
vt  0.449265 0.987315 0.000000
vt  0.449265 0.987315 0.000000
vt  0.552223 0.988077 0.000000
vt  0.552223 0.988077 0.000000
vt  0.635315 0.988838 0.000000
vt  0.635315 0.988838 0.000000
vt  0.667105 0.989600 0.000000
vt  0.667105 0.989600 0.000000
vt  0.667105 0.989600 0.000000
vt  0.667105 0.987234 0.000000
vt  0.667105 0.987234 0.000000
vt  0.667105 0.987234 0.000000
vt  0.635009 0.986468 0.000000
vt  0.635009 0.986468 0.000000
vt  0.551021 0.985701 0.000000
vt  0.551021 0.985701 0.000000
vt  0.448341 0.984942 0.000000
vt  0.448341 0.984942 0.000000
vt  0.364642 0.984176 0.000000
vt  0.364642 0.984176 0.000000
vt  0.645659 0.978971 0.000000
vt  0.645659 0.978971 0.000000
vt  0.645659 0.978971 0.000000
vt  0.611923 0.978576 0.000000
vt  0.611923 0.978576 0.000000
vt  0.566411 0.978181 0.000000
vt  0.566411 0.978181 0.000000
vt  0.513171 0.977780 0.000000
vt  0.513171 0.977780 0.000000
vt  0.459139 0.977383 0.000000
vt  0.459139 0.977383 0.000000
vt  0.409936 0.976992 0.000000
vt  0.409936 0.976992 0.000000
vt  0.369023 0.976588 0.000000
vt  0.369023 0.976588 0.000000
vt  0.341908 0.976175 0.000000
vt  0.341908 0.976175 0.000000
vt  0.332895 0.975774 0.000000
vt  0.332895 0.975774 0.000000
vt  0.332895 0.975774 0.000000
vt  0.332895 0.978140 0.000000
vt  0.332895 0.978140 0.000000
vt  0.332895 0.978140 0.000000
vt  0.364642 0.978902 0.000000
vt  0.364642 0.978902 0.000000
vt  0.448341 0.979668 0.000000
vt  0.448341 0.979668 0.000000
vt  0.551021 0.980427 0.000000
vt  0.551021 0.980427 0.000000
vt  0.635009 0.981194 0.000000
vt  0.635009 0.981194 0.000000
vt  0.667105 0.981960 0.000000
vt  0.667105 0.981960 0.000000
vt  0.667105 0.981960 0.000000
vt  0.667105 0.979594 0.000000
vt  0.667105 0.979594 0.000000
vt  0.667105 0.979594 0.000000
vt  0.661653 0.979282 0.000000
vt  0.661653 0.979282 0.000000
vt  0.332895 0.991054 0.000000
vt  0.332895 0.991054 0.000000
vt  0.332895 0.991054 0.000000
vt  0.332895 0.993420 0.000000
vt  0.332895 0.993420 0.000000
vt  0.332895 0.993420 0.000000
vt  0.364354 0.994179 0.000000
vt  0.364354 0.994179 0.000000
vt  0.446537 0.994935 0.000000
vt  0.446537 0.994935 0.000000
vt  0.498985 0.995323 0.000000
vt  0.498985 0.995323 0.000000
vt  0.552230 0.995717 0.000000
vt  0.552230 0.995717 0.000000
vt  0.635151 0.996476 0.000000
vt  0.635151 0.996476 0.000000
vt  0.667105 0.997241 0.000000
vt  0.667105 0.997241 0.000000
vt  0.667105 0.997241 0.000000
vt  0.667105 0.994874 0.000000
vt  0.667105 0.994874 0.000000
vt  0.667105 0.994874 0.000000
vt  0.635315 0.994112 0.000000
vt  0.635315 0.994112 0.000000
vt  0.552223 0.993351 0.000000
vt  0.552223 0.993351 0.000000
vt  0.449265 0.992589 0.000000
vt  0.449265 0.992589 0.000000
vt  0.365763 0.991830 0.000000
vt  0.365763 0.991830 0.000000
vt  0.341305 0.991442 0.000000
vt  0.341305 0.991442 0.000000
vt  0.667105 0.974320 0.000000
vt  0.667105 0.974320 0.000000
vt  0.667105 0.974320 0.000000
vt  0.667105 0.971953 0.000000
vt  0.667105 0.971953 0.000000
vt  0.667105 0.971953 0.000000
vt  0.658720 0.971567 0.000000
vt  0.658720 0.971567 0.000000
vt  0.633910 0.971174 0.000000
vt  0.633910 0.971174 0.000000
vt  0.550769 0.970419 0.000000
vt  0.550769 0.970419 0.000000
vt  0.449083 0.969667 0.000000
vt  0.449083 0.969667 0.000000
vt  0.366019 0.968912 0.000000
vt  0.366019 0.968912 0.000000
vt  0.341256 0.968520 0.000000
vt  0.341256 0.968520 0.000000
vt  0.332895 0.968133 0.000000
vt  0.332895 0.968133 0.000000
vt  0.332895 0.968133 0.000000
vt  0.332895 0.970499 0.000000
vt  0.332895 0.970499 0.000000
vt  0.332895 0.970499 0.000000
vt  0.341908 0.970901 0.000000
vt  0.341908 0.970901 0.000000
vt  0.369023 0.971314 0.000000
vt  0.369023 0.971314 0.000000
vt  0.409936 0.971717 0.000000
vt  0.409936 0.971717 0.000000
vt  0.459139 0.972109 0.000000
vt  0.459139 0.972109 0.000000
vt  0.513171 0.972505 0.000000
vt  0.513171 0.972505 0.000000
vt  0.566411 0.972907 0.000000
vt  0.566411 0.972907 0.000000
vt  0.611923 0.973302 0.000000
vt  0.611923 0.973302 0.000000
vt  0.645659 0.973697 0.000000
vt  0.645659 0.973697 0.000000
vt  0.645659 0.973697 0.000000
vt  0.661653 0.974008 0.000000
vt  0.661653 0.974008 0.000000
vt  0.332895 0.960493 0.000000
vt  0.332895 0.960493 0.000000
vt  0.332895 0.960493 0.000000
vt  0.332895 0.962859 0.000000
vt  0.332895 0.962859 0.000000
vt  0.332895 0.962859 0.000000
vt  0.341256 0.963245 0.000000
vt  0.341256 0.963245 0.000000
vt  0.366019 0.963638 0.000000
vt  0.366019 0.963638 0.000000
vt  0.449083 0.964393 0.000000
vt  0.449083 0.964393 0.000000
vt  0.550769 0.965145 0.000000
vt  0.550769 0.965145 0.000000
vt  0.633910 0.965900 0.000000
vt  0.633910 0.965900 0.000000
vt  0.658720 0.966292 0.000000
vt  0.658720 0.966292 0.000000
vt  0.667105 0.966679 0.000000
vt  0.667105 0.966679 0.000000
vt  0.667105 0.966679 0.000000
vt  0.667105 0.964313 0.000000
vt  0.667105 0.964313 0.000000
vt  0.667105 0.964313 0.000000
vt  0.658834 0.963929 0.000000
vt  0.658834 0.963929 0.000000
vt  0.633889 0.963533 0.000000
vt  0.633889 0.963533 0.000000
vt  0.549551 0.962769 0.000000
vt  0.549551 0.962769 0.000000
vt  0.446398 0.962006 0.000000
vt  0.446398 0.962006 0.000000
vt  0.364052 0.961248 0.000000
vt  0.364052 0.961248 0.000000
vt  0.332895 0.952853 0.000000
vt  0.332895 0.952853 0.000000
vt  0.332895 0.952853 0.000000
vt  0.332895 0.955219 0.000000
vt  0.332895 0.955219 0.000000
vt  0.332895 0.955219 0.000000
vt  0.364052 0.955973 0.000000
vt  0.364052 0.955973 0.000000
vt  0.446398 0.956732 0.000000
vt  0.446398 0.956732 0.000000
vt  0.549551 0.957495 0.000000
vt  0.549551 0.957495 0.000000
vt  0.633889 0.958259 0.000000
vt  0.633889 0.958259 0.000000
vt  0.658834 0.958655 0.000000
vt  0.658834 0.958655 0.000000
vt  0.667105 0.959039 0.000000
vt  0.667105 0.959039 0.000000
vt  0.667105 0.959039 0.000000
vt  0.667105 0.956673 0.000000
vt  0.667105 0.956673 0.000000
vt  0.667105 0.956673 0.000000
vt  0.635306 0.955910 0.000000
vt  0.635306 0.955910 0.000000
vt  0.551835 0.955146 0.000000
vt  0.551835 0.955146 0.000000
vt  0.498984 0.954755 0.000000
vt  0.498984 0.954755 0.000000
vt  0.447284 0.954372 0.000000
vt  0.447284 0.954372 0.000000
vt  0.364578 0.953614 0.000000
vt  0.364578 0.953614 0.000000
vt  0.667105 0.951399 0.000000
vt  0.667105 0.951399 0.000000
vt  0.667105 0.951399 0.000000
vt  0.667105 0.949032 0.000000
vt  0.667105 0.949032 0.000000
vt  0.667105 0.949032 0.000000
vt  0.658682 0.948645 0.000000
vt  0.658682 0.948645 0.000000
vt  0.634204 0.948256 0.000000
vt  0.634204 0.948256 0.000000
vt  0.550699 0.947497 0.000000
vt  0.550699 0.947497 0.000000
vt  0.447749 0.946736 0.000000
vt  0.447749 0.946736 0.000000
vt  0.364669 0.945975 0.000000
vt  0.364669 0.945975 0.000000
vt  0.332895 0.945212 0.000000
vt  0.332895 0.945212 0.000000
vt  0.332895 0.945212 0.000000
vt  0.332895 0.947578 0.000000
vt  0.332895 0.947578 0.000000
vt  0.332895 0.947578 0.000000
vt  0.364578 0.948340 0.000000
vt  0.364578 0.948340 0.000000
vt  0.447284 0.949098 0.000000
vt  0.447284 0.949098 0.000000
vt  0.498984 0.949481 0.000000
vt  0.498984 0.949481 0.000000
vt  0.551835 0.949872 0.000000
vt  0.551835 0.949872 0.000000
vt  0.635306 0.950636 0.000000
vt  0.635306 0.950636 0.000000
vt  0.332895 0.937572 0.000000
vt  0.332895 0.937572 0.000000
vt  0.332895 0.937572 0.000000
vt  0.332895 0.939938 0.000000
vt  0.332895 0.939938 0.000000
vt  0.332895 0.939938 0.000000
vt  0.364669 0.940700 0.000000
vt  0.364669 0.940700 0.000000
vt  0.447749 0.941461 0.000000
vt  0.447749 0.941461 0.000000
vt  0.550699 0.942223 0.000000
vt  0.550699 0.942223 0.000000
vt  0.634204 0.942982 0.000000
vt  0.634204 0.942982 0.000000
vt  0.658682 0.943371 0.000000
vt  0.658682 0.943371 0.000000
vt  0.667105 0.943758 0.000000
vt  0.667105 0.943758 0.000000
vt  0.667105 0.943758 0.000000
vt  0.667105 0.941392 0.000000
vt  0.667105 0.941392 0.000000
vt  0.667105 0.941392 0.000000
vt  0.635622 0.940633 0.000000
vt  0.635622 0.940633 0.000000
vt  0.553397 0.939878 0.000000
vt  0.553397 0.939878 0.000000
vt  0.500966 0.939489 0.000000
vt  0.500966 0.939489 0.000000
vt  0.447757 0.939095 0.000000
vt  0.447757 0.939095 0.000000
vt  0.364841 0.938336 0.000000
vt  0.364841 0.938336 0.000000
vt  0.332895 0.929932 0.000000
vt  0.332895 0.929932 0.000000
vt  0.332895 0.929932 0.000000
vt  0.332895 0.932298 0.000000
vt  0.332895 0.932298 0.000000
vt  0.332895 0.932298 0.000000
vt  0.364841 0.933062 0.000000
vt  0.364841 0.933062 0.000000
vt  0.447757 0.933821 0.000000
vt  0.447757 0.933821 0.000000
vt  0.500966 0.934215 0.000000
vt  0.500966 0.934215 0.000000
vt  0.553397 0.934603 0.000000
vt  0.553397 0.934603 0.000000
vt  0.635622 0.935359 0.000000
vt  0.635622 0.935359 0.000000
vt  0.667105 0.936118 0.000000
vt  0.667105 0.936118 0.000000
vt  0.667105 0.936118 0.000000
vt  0.667105 0.933752 0.000000
vt  0.667105 0.933752 0.000000
vt  0.667105 0.933752 0.000000
vt  0.635605 0.932993 0.000000
vt  0.635605 0.932993 0.000000
vt  0.552294 0.932229 0.000000
vt  0.552294 0.932229 0.000000
vt  0.449549 0.931469 0.000000
vt  0.449549 0.931469 0.000000
vt  0.365327 0.930702 0.000000
vt  0.365327 0.930702 0.000000
vt  0.332895 0.922291 0.000000
vt  0.332895 0.922291 0.000000
vt  0.332895 0.922291 0.000000
vt  0.332895 0.924657 0.000000
vt  0.332895 0.924657 0.000000
vt  0.332895 0.924657 0.000000
vt  0.365327 0.925428 0.000000
vt  0.365327 0.925428 0.000000
vt  0.449549 0.926195 0.000000
vt  0.449549 0.926195 0.000000
vt  0.552294 0.926955 0.000000
vt  0.552294 0.926955 0.000000
vt  0.635605 0.927719 0.000000
vt  0.635605 0.927719 0.000000
vt  0.667105 0.928478 0.000000
vt  0.667105 0.928478 0.000000
vt  0.667105 0.928478 0.000000
vt  0.667105 0.926111 0.000000
vt  0.667105 0.926111 0.000000
vt  0.667105 0.926111 0.000000
vt  0.658657 0.925723 0.000000
vt  0.658657 0.925723 0.000000
vt  0.633991 0.925333 0.000000
vt  0.633991 0.925333 0.000000
vt  0.550413 0.924574 0.000000
vt  0.550413 0.924574 0.000000
vt  0.447538 0.923813 0.000000
vt  0.447538 0.923813 0.000000
vt  0.364556 0.923052 0.000000
vt  0.364556 0.923052 0.000000
vt  0.667105 0.920837 0.000000
vt  0.667105 0.920837 0.000000
vt  0.667105 0.920837 0.000000
vt  0.667105 0.918471 0.000000
vt  0.667105 0.918471 0.000000
vt  0.667105 0.918471 0.000000
vt  0.635446 0.917710 0.000000
vt  0.635446 0.917710 0.000000
vt  0.552467 0.916949 0.000000
vt  0.552467 0.916949 0.000000
vt  0.449598 0.916188 0.000000
vt  0.449598 0.916188 0.000000
vt  0.366010 0.915430 0.000000
vt  0.366010 0.915430 0.000000
vt  0.341332 0.915039 0.000000
vt  0.341332 0.915039 0.000000
vt  0.332895 0.914651 0.000000
vt  0.332895 0.914651 0.000000
vt  0.332895 0.914651 0.000000
vt  0.332895 0.917017 0.000000
vt  0.332895 0.917017 0.000000
vt  0.332895 0.917017 0.000000
vt  0.364556 0.917778 0.000000
vt  0.364556 0.917778 0.000000
vt  0.447539 0.918539 0.000000
vt  0.447539 0.918539 0.000000
vt  0.550413 0.919300 0.000000
vt  0.550413 0.919300 0.000000
vt  0.633991 0.920058 0.000000
vt  0.633991 0.920058 0.000000
vt  0.658657 0.920449 0.000000
vt  0.658657 0.920449 0.000000
vt  0.332895 0.907011 0.000000
vt  0.332895 0.907011 0.000000
vt  0.332895 0.907011 0.000000
vt  0.332895 0.909377 0.000000
vt  0.332895 0.909377 0.000000
vt  0.332895 0.909377 0.000000
vt  0.341332 0.909765 0.000000
vt  0.341332 0.909765 0.000000
vt  0.366010 0.910155 0.000000
vt  0.366010 0.910155 0.000000
vt  0.449598 0.910914 0.000000
vt  0.449598 0.910914 0.000000
vt  0.552470 0.911675 0.000000
vt  0.552470 0.911675 0.000000
vt  0.635447 0.912436 0.000000
vt  0.635447 0.912436 0.000000
vt  0.667105 0.913197 0.000000
vt  0.667105 0.913197 0.000000
vt  0.667105 0.913197 0.000000
vt  0.667105 0.910831 0.000000
vt  0.667105 0.910831 0.000000
vt  0.667105 0.910831 0.000000
vt  0.634634 0.910060 0.000000
vt  0.634634 0.910060 0.000000
vt  0.550437 0.909294 0.000000
vt  0.550437 0.909294 0.000000
vt  0.447679 0.908533 0.000000
vt  0.447679 0.908533 0.000000
vt  0.364376 0.907769 0.000000
vt  0.364376 0.907769 0.000000
vt  0.332895 0.899370 0.000000
vt  0.332895 0.899370 0.000000
vt  0.332895 0.899370 0.000000
vt  0.332895 0.901736 0.000000
vt  0.332895 0.901736 0.000000
vt  0.332895 0.901736 0.000000
vt  0.364376 0.902495 0.000000
vt  0.364376 0.902495 0.000000
vt  0.447679 0.903259 0.000000
vt  0.447679 0.903259 0.000000
vt  0.550437 0.904019 0.000000
vt  0.550437 0.904019 0.000000
vt  0.634634 0.904786 0.000000
vt  0.634634 0.904786 0.000000
vt  0.667105 0.905557 0.000000
vt  0.667105 0.905557 0.000000
vt  0.667105 0.905557 0.000000
vt  0.667105 0.903190 0.000000
vt  0.667105 0.903190 0.000000
vt  0.667105 0.903190 0.000000
vt  0.635166 0.902426 0.000000
vt  0.635166 0.902426 0.000000
vt  0.552212 0.901667 0.000000
vt  0.552212 0.901667 0.000000
vt  0.498993 0.901273 0.000000
vt  0.498993 0.901273 0.000000
vt  0.446600 0.900885 0.000000
vt  0.446600 0.900885 0.000000
vt  0.364380 0.900129 0.000000
vt  0.364380 0.900129 0.000000
vt  0.332895 0.891730 0.000000
vt  0.332895 0.891730 0.000000
vt  0.332895 0.891730 0.000000
vt  0.332895 0.894096 0.000000
vt  0.332895 0.894096 0.000000
vt  0.332895 0.894096 0.000000
vt  0.364380 0.894855 0.000000
vt  0.364380 0.894855 0.000000
vt  0.446600 0.895611 0.000000
vt  0.446600 0.895611 0.000000
vt  0.498993 0.895999 0.000000
vt  0.498993 0.895999 0.000000
vt  0.552212 0.896393 0.000000
vt  0.552212 0.896393 0.000000
vt  0.635166 0.897152 0.000000
vt  0.635166 0.897152 0.000000
vt  0.667105 0.897916 0.000000
vt  0.667105 0.897916 0.000000
vt  0.667105 0.897916 0.000000
vt  0.667105 0.895550 0.000000
vt  0.667105 0.895550 0.000000
vt  0.667105 0.895550 0.000000
vt  0.635333 0.894788 0.000000
vt  0.635333 0.894788 0.000000
vt  0.552259 0.894027 0.000000
vt  0.552259 0.894027 0.000000
vt  0.449311 0.893265 0.000000
vt  0.449311 0.893265 0.000000
vt  0.365800 0.892506 0.000000
vt  0.365800 0.892506 0.000000
vt  0.341309 0.892117 0.000000
vt  0.341309 0.892117 0.000000
vt  0.667105 0.890276 0.000000
vt  0.667105 0.890276 0.000000
vt  0.667105 0.890276 0.000000
vt  0.667105 0.887910 0.000000
vt  0.667105 0.887910 0.000000
vt  0.667105 0.887910 0.000000
vt  0.635420 0.887149 0.000000
vt  0.635420 0.887149 0.000000
vt  0.552719 0.886390 0.000000
vt  0.552719 0.886390 0.000000
vt  0.500990 0.886007 0.000000
vt  0.500990 0.886007 0.000000
vt  0.448137 0.885616 0.000000
vt  0.448137 0.885616 0.000000
vt  0.364696 0.884852 0.000000
vt  0.364696 0.884852 0.000000
vt  0.332895 0.884090 0.000000
vt  0.332895 0.884090 0.000000
vt  0.332895 0.884090 0.000000
vt  0.332895 0.886456 0.000000
vt  0.332895 0.886456 0.000000
vt  0.332895 0.886456 0.000000
vt  0.341309 0.886843 0.000000
vt  0.341309 0.886843 0.000000
vt  0.365800 0.887232 0.000000
vt  0.365800 0.887232 0.000000
vt  0.449311 0.887991 0.000000
vt  0.449311 0.887991 0.000000
vt  0.552259 0.888753 0.000000
vt  0.552259 0.888753 0.000000
vt  0.635333 0.889514 0.000000
vt  0.635333 0.889514 0.000000
vt  0.332895 0.876449 0.000000
vt  0.332895 0.876449 0.000000
vt  0.332895 0.876449 0.000000
vt  0.332895 0.878815 0.000000
vt  0.332895 0.878815 0.000000
vt  0.332895 0.878815 0.000000
vt  0.364696 0.879578 0.000000
vt  0.364696 0.879578 0.000000
vt  0.448137 0.880342 0.000000
vt  0.448137 0.880342 0.000000
vt  0.500990 0.880733 0.000000
vt  0.500990 0.880733 0.000000
vt  0.552719 0.881116 0.000000
vt  0.552719 0.881116 0.000000
vt  0.635420 0.881874 0.000000
vt  0.635420 0.881874 0.000000
vt  0.667105 0.882636 0.000000
vt  0.667105 0.882636 0.000000
vt  0.667105 0.882636 0.000000
vt  0.667105 0.880269 0.000000
vt  0.667105 0.880269 0.000000
vt  0.667105 0.880269 0.000000
vt  0.635943 0.879515 0.000000
vt  0.635943 0.879515 0.000000
vt  0.553573 0.878756 0.000000
vt  0.553573 0.878756 0.000000
vt  0.450444 0.877993 0.000000
vt  0.450444 0.877993 0.000000
vt  0.366069 0.877229 0.000000
vt  0.366069 0.877229 0.000000
vt  0.341145 0.876833 0.000000
vt  0.341145 0.876833 0.000000
vt  0.332895 0.868809 0.000000
vt  0.332895 0.868809 0.000000
vt  0.332895 0.868809 0.000000
vt  0.332895 0.871175 0.000000
vt  0.332895 0.871175 0.000000
vt  0.332895 0.871175 0.000000
vt  0.341145 0.871559 0.000000
vt  0.341145 0.871559 0.000000
vt  0.366069 0.871955 0.000000
vt  0.366069 0.871955 0.000000
vt  0.450444 0.872719 0.000000
vt  0.450444 0.872719 0.000000
vt  0.553573 0.873482 0.000000
vt  0.553573 0.873482 0.000000
vt  0.635943 0.874241 0.000000
vt  0.635943 0.874241 0.000000
vt  0.667105 0.874995 0.000000
vt  0.667105 0.874995 0.000000
vt  0.667105 0.874995 0.000000
vt  0.667105 0.872629 0.000000
vt  0.667105 0.872629 0.000000
vt  0.667105 0.872629 0.000000
vt  0.658730 0.872242 0.000000
vt  0.658730 0.872242 0.000000
vt  0.633972 0.871850 0.000000
vt  0.633972 0.871850 0.000000
vt  0.550941 0.871096 0.000000
vt  0.550941 0.871096 0.000000
vt  0.449256 0.870344 0.000000
vt  0.449256 0.870344 0.000000
vt  0.366080 0.869588 0.000000
vt  0.366080 0.869588 0.000000
vt  0.341266 0.869195 0.000000
vt  0.341266 0.869195 0.000000
vt  0.360270 0.861874 0.000000
vt  0.360270 0.861874 0.000000
vt  0.360270 0.861874 0.000000
vt  0.339885 0.861521 0.000000
vt  0.339885 0.861521 0.000000
vt  0.332895 0.861169 0.000000
vt  0.332895 0.861169 0.000000
vt  0.332895 0.861169 0.000000
vt  0.332895 0.863535 0.000000
vt  0.332895 0.863535 0.000000
vt  0.332895 0.863535 0.000000
vt  0.341266 0.863921 0.000000
vt  0.341266 0.863921 0.000000
vt  0.366080 0.864314 0.000000
vt  0.366080 0.864314 0.000000
vt  0.449256 0.865070 0.000000
vt  0.449256 0.865070 0.000000
vt  0.550941 0.865821 0.000000
vt  0.550941 0.865821 0.000000
vt  0.633972 0.866576 0.000000
vt  0.633972 0.866576 0.000000
vt  0.658730 0.866968 0.000000
vt  0.658730 0.866968 0.000000
vt  0.667105 0.867355 0.000000
vt  0.667105 0.867355 0.000000
vt  0.667105 0.867355 0.000000
vt  0.667105 0.864989 0.000000
vt  0.667105 0.864989 0.000000
vt  0.667105 0.864989 0.000000
vt  0.658546 0.864598 0.000000
vt  0.658546 0.864598 0.000000
vt  0.632757 0.864195 0.000000
vt  0.632757 0.864195 0.000000
vt  0.593639 0.863802 0.000000
vt  0.593639 0.863802 0.000000
vt  0.546343 0.863420 0.000000
vt  0.546343 0.863420 0.000000
vt  0.494017 0.863035 0.000000
vt  0.494017 0.863035 0.000000
vt  0.441590 0.862644 0.000000
vt  0.441590 0.862644 0.000000
vt  0.667105 0.859714 0.000000
vt  0.667105 0.859714 0.000000
vt  0.667105 0.859714 0.000000
vt  0.667105 0.857348 0.000000
vt  0.667105 0.857348 0.000000
vt  0.667105 0.857348 0.000000
vt  0.635332 0.856586 0.000000
vt  0.635332 0.856586 0.000000
vt  0.551637 0.855820 0.000000
vt  0.551637 0.855820 0.000000
vt  0.448961 0.855061 0.000000
vt  0.448961 0.855061 0.000000
vt  0.364959 0.854294 0.000000
vt  0.364959 0.854294 0.000000
vt  0.332895 0.853528 0.000000
vt  0.332895 0.853528 0.000000
vt  0.332895 0.853528 0.000000
vt  0.332895 0.855894 0.000000
vt  0.332895 0.855894 0.000000
vt  0.332895 0.855894 0.000000
vt  0.339885 0.856247 0.000000
vt  0.339885 0.856247 0.000000
vt  0.360270 0.856600 0.000000
vt  0.360270 0.856600 0.000000
vt  0.360270 0.856600 0.000000
vt  0.441590 0.857370 0.000000
vt  0.441590 0.857370 0.000000
vt  0.494017 0.857761 0.000000
vt  0.494017 0.857761 0.000000
vt  0.546343 0.858146 0.000000
vt  0.546343 0.858146 0.000000
vt  0.593639 0.858528 0.000000
vt  0.593639 0.858528 0.000000
vt  0.632757 0.858921 0.000000
vt  0.632757 0.858921 0.000000
vt  0.658546 0.859324 0.000000
vt  0.658546 0.859324 0.000000
vt  0.511404 0.832600 0.000000
vt  0.511404 0.832600 0.000000
vt  0.511404 0.832600 0.000000
vt  0.422656 0.831932 0.000000
vt  0.422656 0.831932 0.000000
vt  0.356888 0.831267 0.000000
vt  0.356888 0.831267 0.000000
vt  0.332895 0.830607 0.000000
vt  0.332895 0.830607 0.000000
vt  0.332895 0.830607 0.000000
vt  0.332895 0.832973 0.000000
vt  0.332895 0.832973 0.000000
vt  0.332895 0.832973 0.000000
vt  0.364856 0.833738 0.000000
vt  0.364856 0.833738 0.000000
vt  0.447739 0.834497 0.000000
vt  0.447739 0.834497 0.000000
vt  0.500973 0.834890 0.000000
vt  0.500973 0.834890 0.000000
vt  0.553458 0.835279 0.000000
vt  0.553458 0.835279 0.000000
vt  0.635648 0.836035 0.000000
vt  0.635648 0.836035 0.000000
vt  0.667105 0.836793 0.000000
vt  0.667105 0.836793 0.000000
vt  0.667105 0.836793 0.000000
vt  0.667105 0.834427 0.000000
vt  0.667105 0.834427 0.000000
vt  0.667105 0.834427 0.000000
vt  0.655662 0.833975 0.000000
vt  0.655662 0.833975 0.000000
vt  0.622138 0.833514 0.000000
vt  0.622138 0.833514 0.000000
vt  0.571829 0.833058 0.000000
vt  0.571829 0.833058 0.000000
vt  0.332895 0.845888 0.000000
vt  0.332895 0.845888 0.000000
vt  0.332895 0.845888 0.000000
vt  0.332895 0.848254 0.000000
vt  0.332895 0.848254 0.000000
vt  0.332895 0.848254 0.000000
vt  0.364959 0.849020 0.000000
vt  0.364959 0.849020 0.000000
vt  0.448961 0.849787 0.000000
vt  0.448961 0.849787 0.000000
vt  0.551637 0.850546 0.000000
vt  0.551637 0.850546 0.000000
vt  0.635332 0.851312 0.000000
vt  0.635332 0.851312 0.000000
vt  0.667105 0.852074 0.000000
vt  0.667105 0.852074 0.000000
vt  0.667105 0.852074 0.000000
vt  0.667105 0.849708 0.000000
vt  0.667105 0.849708 0.000000
vt  0.667105 0.849708 0.000000
vt  0.634954 0.848941 0.000000
vt  0.634954 0.848941 0.000000
vt  0.552382 0.848186 0.000000
vt  0.552382 0.848186 0.000000
vt  0.498882 0.847790 0.000000
vt  0.498882 0.847790 0.000000
vt  0.445822 0.847396 0.000000
vt  0.445822 0.847396 0.000000
vt  0.363991 0.846642 0.000000
vt  0.363991 0.846642 0.000000
vt  0.332895 0.838248 0.000000
vt  0.332895 0.838248 0.000000
vt  0.332895 0.838248 0.000000
vt  0.332895 0.840614 0.000000
vt  0.332895 0.840614 0.000000
vt  0.332895 0.840614 0.000000
vt  0.363991 0.841367 0.000000
vt  0.363991 0.841367 0.000000
vt  0.445822 0.842122 0.000000
vt  0.445822 0.842122 0.000000
vt  0.498882 0.842516 0.000000
vt  0.498882 0.842516 0.000000
vt  0.552382 0.842911 0.000000
vt  0.552382 0.842911 0.000000
vt  0.634954 0.843667 0.000000
vt  0.634954 0.843667 0.000000
vt  0.667105 0.844434 0.000000
vt  0.667105 0.844434 0.000000
vt  0.667105 0.844434 0.000000
vt  0.667105 0.842068 0.000000
vt  0.667105 0.842068 0.000000
vt  0.667105 0.842068 0.000000
vt  0.635648 0.841309 0.000000
vt  0.635648 0.841309 0.000000
vt  0.553458 0.840554 0.000000
vt  0.553458 0.840554 0.000000
vt  0.500973 0.840165 0.000000
vt  0.500973 0.840165 0.000000
vt  0.447739 0.839771 0.000000
vt  0.447739 0.839771 0.000000
vt  0.364856 0.839012 0.000000
vt  0.364856 0.839012 0.000000
vt  0.667105 0.829153 0.000000
vt  0.667105 0.829153 0.000000
vt  0.667105 0.829153 0.000000
vt  0.667105 0.826787 0.000000
vt  0.667105 0.826787 0.000000
vt  0.667105 0.826787 0.000000
vt  0.635256 0.826024 0.000000
vt  0.635256 0.826024 0.000000
vt  0.552077 0.825262 0.000000
vt  0.552077 0.825262 0.000000
vt  0.499045 0.824870 0.000000
vt  0.499045 0.824870 0.000000
vt  0.447009 0.824485 0.000000
vt  0.447009 0.824485 0.000000
vt  0.364522 0.823727 0.000000
vt  0.364522 0.823727 0.000000
vt  0.332895 0.822967 0.000000
vt  0.332895 0.822967 0.000000
vt  0.332895 0.822967 0.000000
vt  0.332895 0.825333 0.000000
vt  0.332895 0.825333 0.000000
vt  0.332895 0.825333 0.000000
vt  0.356888 0.825993 0.000000
vt  0.356888 0.825993 0.000000
vt  0.422656 0.826658 0.000000
vt  0.422656 0.826658 0.000000
vt  0.511404 0.827326 0.000000
vt  0.511404 0.827326 0.000000
vt  0.511404 0.827326 0.000000
vt  0.571829 0.827783 0.000000
vt  0.571829 0.827783 0.000000
vt  0.622138 0.828240 0.000000
vt  0.622138 0.828240 0.000000
vt  0.655662 0.828700 0.000000
vt  0.655662 0.828700 0.000000
vt  0.332895 0.807686 0.000000
vt  0.332895 0.807686 0.000000
vt  0.332895 0.807686 0.000000
vt  0.332895 0.810052 0.000000
vt  0.332895 0.810052 0.000000
vt  0.332895 0.810052 0.000000
vt  0.341340 0.810441 0.000000
vt  0.341340 0.810441 0.000000
vt  0.366062 0.810832 0.000000
vt  0.366062 0.810832 0.000000
vt  0.449699 0.811591 0.000000
vt  0.449699 0.811591 0.000000
vt  0.552556 0.812351 0.000000
vt  0.552556 0.812351 0.000000
vt  0.635470 0.813112 0.000000
vt  0.635470 0.813112 0.000000
vt  0.667105 0.813872 0.000000
vt  0.667105 0.813872 0.000000
vt  0.667105 0.813872 0.000000
vt  0.667105 0.811506 0.000000
vt  0.667105 0.811506 0.000000
vt  0.667105 0.811506 0.000000
vt  0.658989 0.811126 0.000000
vt  0.658989 0.811126 0.000000
vt  0.634576 0.810735 0.000000
vt  0.634576 0.810735 0.000000
vt  0.550354 0.809968 0.000000
vt  0.550354 0.809968 0.000000
vt  0.447577 0.809208 0.000000
vt  0.447577 0.809208 0.000000
vt  0.364341 0.808444 0.000000
vt  0.364341 0.808444 0.000000
vt  0.650909 0.803326 0.000000
vt  0.650909 0.803326 0.000000
vt  0.650909 0.803326 0.000000
vt  0.618839 0.802918 0.000000
vt  0.618839 0.802918 0.000000
vt  0.573577 0.802510 0.000000
vt  0.573577 0.802510 0.000000
vt  0.519781 0.802100 0.000000
vt  0.519781 0.802100 0.000000
vt  0.464281 0.801694 0.000000
vt  0.464281 0.801694 0.000000
vt  0.412959 0.801290 0.000000
vt  0.412959 0.801290 0.000000
vt  0.370424 0.800877 0.000000
vt  0.370424 0.800877 0.000000
vt  0.342272 0.800455 0.000000
vt  0.342272 0.800455 0.000000
vt  0.332895 0.800046 0.000000
vt  0.332895 0.800046 0.000000
vt  0.332895 0.800046 0.000000
vt  0.332895 0.802412 0.000000
vt  0.332895 0.802412 0.000000
vt  0.332895 0.802412 0.000000
vt  0.364341 0.803170 0.000000
vt  0.364341 0.803170 0.000000
vt  0.447577 0.803934 0.000000
vt  0.447577 0.803934 0.000000
vt  0.550354 0.804694 0.000000
vt  0.550354 0.804694 0.000000
vt  0.634576 0.805460 0.000000
vt  0.634576 0.805460 0.000000
vt  0.658989 0.805852 0.000000
vt  0.658989 0.805852 0.000000
vt  0.667105 0.806232 0.000000
vt  0.667105 0.806232 0.000000
vt  0.667105 0.806232 0.000000
vt  0.667105 0.803866 0.000000
vt  0.667105 0.803866 0.000000
vt  0.667105 0.803866 0.000000
vt  0.663004 0.803596 0.000000
vt  0.663004 0.803596 0.000000
vt  0.332895 0.815326 0.000000
vt  0.332895 0.815326 0.000000
vt  0.332895 0.815326 0.000000
vt  0.332895 0.817693 0.000000
vt  0.332895 0.817693 0.000000
vt  0.332895 0.817693 0.000000
vt  0.364522 0.818453 0.000000
vt  0.364522 0.818453 0.000000
vt  0.447009 0.819210 0.000000
vt  0.447009 0.819210 0.000000
vt  0.499045 0.819596 0.000000
vt  0.499045 0.819596 0.000000
vt  0.552077 0.819988 0.000000
vt  0.552077 0.819988 0.000000
vt  0.635256 0.820750 0.000000
vt  0.635256 0.820750 0.000000
vt  0.667105 0.821513 0.000000
vt  0.667105 0.821513 0.000000
vt  0.667105 0.821513 0.000000
vt  0.667105 0.819147 0.000000
vt  0.667105 0.819147 0.000000
vt  0.667105 0.819147 0.000000
vt  0.635470 0.818386 0.000000
vt  0.635470 0.818386 0.000000
vt  0.552556 0.817626 0.000000
vt  0.552556 0.817626 0.000000
vt  0.449699 0.816865 0.000000
vt  0.449699 0.816865 0.000000
vt  0.366062 0.816106 0.000000
vt  0.366062 0.816106 0.000000
vt  0.341340 0.815715 0.000000
vt  0.341340 0.815715 0.000000
vt  0.667105 0.798592 0.000000
vt  0.667105 0.798592 0.000000
vt  0.667105 0.798592 0.000000
vt  0.667105 0.796226 0.000000
vt  0.667105 0.796226 0.000000
vt  0.667105 0.796226 0.000000
vt  0.658611 0.795836 0.000000
vt  0.658611 0.795836 0.000000
vt  0.633672 0.795443 0.000000
vt  0.633672 0.795443 0.000000
vt  0.549778 0.794683 0.000000
vt  0.549778 0.794683 0.000000
vt  0.447005 0.793923 0.000000
vt  0.447005 0.793923 0.000000
vt  0.364405 0.793164 0.000000
vt  0.364405 0.793164 0.000000
vt  0.332895 0.792405 0.000000
vt  0.332895 0.792405 0.000000
vt  0.332895 0.792405 0.000000
vt  0.332895 0.794772 0.000000
vt  0.332895 0.794772 0.000000
vt  0.332895 0.794772 0.000000
vt  0.342272 0.795181 0.000000
vt  0.342272 0.795181 0.000000
vt  0.370424 0.795603 0.000000
vt  0.370424 0.795603 0.000000
vt  0.412959 0.796015 0.000000
vt  0.412959 0.796015 0.000000
vt  0.464281 0.796420 0.000000
vt  0.464281 0.796420 0.000000
vt  0.519781 0.796826 0.000000
vt  0.519781 0.796826 0.000000
vt  0.573577 0.797236 0.000000
vt  0.573577 0.797236 0.000000
vt  0.618839 0.797644 0.000000
vt  0.618839 0.797644 0.000000
vt  0.650909 0.798052 0.000000
vt  0.650909 0.798052 0.000000
vt  0.650909 0.798052 0.000000
vt  0.663004 0.798322 0.000000
vt  0.663004 0.798322 0.000000
vt  0.332895 0.784765 0.000000
vt  0.332895 0.784765 0.000000
vt  0.332895 0.784765 0.000000
vt  0.332895 0.787131 0.000000
vt  0.332895 0.787131 0.000000
vt  0.332895 0.787131 0.000000
vt  0.364405 0.787890 0.000000
vt  0.364405 0.787890 0.000000
vt  0.447005 0.788649 0.000000
vt  0.447005 0.788649 0.000000
vt  0.549778 0.789409 0.000000
vt  0.549778 0.789409 0.000000
vt  0.633672 0.790169 0.000000
vt  0.633672 0.790169 0.000000
vt  0.658611 0.790562 0.000000
vt  0.658611 0.790562 0.000000
vt  0.667105 0.790951 0.000000
vt  0.667105 0.790951 0.000000
vt  0.667105 0.790951 0.000000
vt  0.667105 0.788585 0.000000
vt  0.667105 0.788585 0.000000
vt  0.667105 0.788585 0.000000
vt  0.635425 0.787824 0.000000
vt  0.635425 0.787824 0.000000
vt  0.552756 0.787066 0.000000
vt  0.552756 0.787066 0.000000
vt  0.500976 0.786682 0.000000
vt  0.500976 0.786682 0.000000
vt  0.448094 0.786291 0.000000
vt  0.448094 0.786291 0.000000
vt  0.364703 0.785528 0.000000
vt  0.364703 0.785528 0.000000
vt  0.332895 0.777125 0.000000
vt  0.332895 0.777125 0.000000
vt  0.332895 0.777125 0.000000
vt  0.332895 0.779491 0.000000
vt  0.332895 0.779491 0.000000
vt  0.332895 0.779491 0.000000
vt  0.364703 0.780254 0.000000
vt  0.364703 0.780254 0.000000
vt  0.448094 0.781017 0.000000
vt  0.448094 0.781017 0.000000
vt  0.500976 0.781408 0.000000
vt  0.500976 0.781408 0.000000
vt  0.552756 0.781792 0.000000
vt  0.552756 0.781792 0.000000
vt  0.635425 0.782550 0.000000
vt  0.635425 0.782550 0.000000
vt  0.667105 0.783311 0.000000
vt  0.667105 0.783311 0.000000
vt  0.667105 0.783311 0.000000
vt  0.667105 0.780945 0.000000
vt  0.667105 0.780945 0.000000
vt  0.667105 0.780945 0.000000
vt  0.635926 0.780190 0.000000
vt  0.635926 0.780190 0.000000
vt  0.553473 0.779431 0.000000
vt  0.553473 0.779431 0.000000
vt  0.450386 0.778668 0.000000
vt  0.450386 0.778668 0.000000
vt  0.366010 0.777904 0.000000
vt  0.366010 0.777904 0.000000
vt  0.341130 0.777508 0.000000
vt  0.341130 0.777508 0.000000
vt  0.667105 0.775671 0.000000
vt  0.667105 0.775671 0.000000
vt  0.667105 0.775671 0.000000
vt  0.332895 0.771851 0.000000
vt  0.332895 0.771851 0.000000
vt  0.332895 0.771851 0.000000
vt  0.341130 0.772234 0.000000
vt  0.341130 0.772234 0.000000
vt  0.366010 0.772629 0.000000
vt  0.366010 0.772629 0.000000
vt  0.450386 0.773394 0.000000
vt  0.450386 0.773394 0.000000
vt  0.553473 0.774157 0.000000
vt  0.553473 0.774157 0.000000
vt  0.635926 0.774916 0.000000
vt  0.635926 0.774916 0.000000
vt  0.353841 0.398952 0.000000
vt  0.353841 0.398952 0.000000
vt  0.409202 0.391580 0.000000
vt  0.409202 0.391580 0.000000
vt  0.471238 0.386186 0.000000
vt  0.471238 0.386186 0.000000
vt  0.530902 0.386291 0.000000
vt  0.530902 0.386291 0.000000
vt  0.591213 0.391629 0.000000
vt  0.591213 0.391629 0.000000
vt  0.646010 0.398931 0.000000
vt  0.646010 0.398931 0.000000
vt  0.344260 0.999146 0.000000
vt  0.344260 0.999146 0.000000
vt  0.341997 0.998291 0.000000
vt  0.341997 0.998291 0.000000
vt  0.414567 0.997437 0.000000
vt  0.414567 0.997437 0.000000
vt  0.527593 0.996583 0.000000
vt  0.527593 0.996583 0.000000
vt  0.627551 0.995729 0.000000
vt  0.627551 0.995729 0.000000
vt  0.654913 0.997708 0.000000
vt  0.654913 0.997708 0.000000
vt  0.620408 0.998172 0.000000
vt  0.620408 0.998172 0.000000
vt  0.569753 0.998627 0.000000
vt  0.569753 0.998627 0.000000
vt  0.509065 0.999085 0.000000
vt  0.509065 0.999085 0.000000
vt  0.447066 0.999543 0.000000
vt  0.447066 0.999543 0.000000
vt  0.635479 0.990361 0.000000
vt  0.635479 0.990361 0.000000
vt  0.551939 0.991126 0.000000
vt  0.551939 0.991126 0.000000
vt  0.449236 0.991886 0.000000
vt  0.449236 0.991886 0.000000
vt  0.365149 0.992652 0.000000
vt  0.365149 0.992652 0.000000
vt  0.364891 0.990289 0.000000
vt  0.364891 0.990289 0.000000
vt  0.447725 0.989531 0.000000
vt  0.447725 0.989531 0.000000
vt  0.553632 0.988747 0.000000
vt  0.553632 0.988747 0.000000
vt  0.635720 0.987992 0.000000
vt  0.635720 0.987992 0.000000
vt  0.635720 0.982717 0.000000
vt  0.635720 0.982717 0.000000
vt  0.553632 0.983473 0.000000
vt  0.553632 0.983473 0.000000
vt  0.447725 0.984257 0.000000
vt  0.447725 0.984257 0.000000
vt  0.364891 0.985015 0.000000
vt  0.364891 0.985015 0.000000
vt  0.364083 0.982659 0.000000
vt  0.364083 0.982659 0.000000
vt  0.446004 0.981904 0.000000
vt  0.446004 0.981904 0.000000
vt  0.552391 0.981116 0.000000
vt  0.552391 0.981116 0.000000
vt  0.634998 0.980360 0.000000
vt  0.634998 0.980360 0.000000
vt  0.366273 0.974992 0.000000
vt  0.366273 0.974992 0.000000
vt  0.450593 0.974229 0.000000
vt  0.450593 0.974229 0.000000
vt  0.553874 0.973464 0.000000
vt  0.553874 0.973464 0.000000
vt  0.635984 0.972708 0.000000
vt  0.635984 0.972708 0.000000
vt  0.634998 0.975086 0.000000
vt  0.634998 0.975086 0.000000
vt  0.552391 0.975842 0.000000
vt  0.552391 0.975842 0.000000
vt  0.446004 0.976630 0.000000
vt  0.446004 0.976630 0.000000
vt  0.364083 0.977385 0.000000
vt  0.364083 0.977385 0.000000
vt  0.635984 0.967433 0.000000
vt  0.635984 0.967433 0.000000
vt  0.553874 0.968190 0.000000
vt  0.553874 0.968190 0.000000
vt  0.450593 0.968954 0.000000
vt  0.450593 0.968954 0.000000
vt  0.366273 0.969717 0.000000
vt  0.366273 0.969717 0.000000
vt  0.364007 0.967379 0.000000
vt  0.364007 0.967379 0.000000
vt  0.446055 0.966623 0.000000
vt  0.446055 0.966623 0.000000
vt  0.549360 0.965859 0.000000
vt  0.549360 0.965859 0.000000
vt  0.633709 0.965095 0.000000
vt  0.633709 0.965095 0.000000
vt  0.633709 0.959821 0.000000
vt  0.633709 0.959821 0.000000
vt  0.549360 0.960584 0.000000
vt  0.549360 0.960584 0.000000
vt  0.446055 0.961349 0.000000
vt  0.446055 0.961349 0.000000
vt  0.364007 0.962105 0.000000
vt  0.364007 0.962105 0.000000
vt  0.366254 0.959711 0.000000
vt  0.366254 0.959711 0.000000
vt  0.449705 0.958955 0.000000
vt  0.449705 0.958955 0.000000
vt  0.551382 0.958203 0.000000
vt  0.551382 0.958203 0.000000
vt  0.634149 0.957450 0.000000
vt  0.634149 0.957450 0.000000
vt  0.642778 0.949697 0.000000
vt  0.642778 0.949697 0.000000
vt  0.642778 0.949697 0.000000
vt  0.660909 0.949365 0.000000
vt  0.660909 0.949365 0.000000
vt  0.634149 0.952175 0.000000
vt  0.634149 0.952175 0.000000
vt  0.551382 0.952929 0.000000
vt  0.551382 0.952929 0.000000
vt  0.449705 0.953680 0.000000
vt  0.449705 0.953680 0.000000
vt  0.366254 0.954437 0.000000
vt  0.366254 0.954437 0.000000
vt  0.367936 0.952051 0.000000
vt  0.367936 0.952051 0.000000
vt  0.456216 0.951265 0.000000
vt  0.456216 0.951265 0.000000
vt  0.562126 0.950479 0.000000
vt  0.562126 0.950479 0.000000
vt  0.364502 0.944452 0.000000
vt  0.364502 0.944452 0.000000
vt  0.447984 0.943687 0.000000
vt  0.447984 0.943687 0.000000
vt  0.550689 0.942927 0.000000
vt  0.550689 0.942927 0.000000
vt  0.634829 0.942161 0.000000
vt  0.634829 0.942161 0.000000
vt  0.660909 0.944090 0.000000
vt  0.660909 0.944090 0.000000
vt  0.642778 0.944423 0.000000
vt  0.642778 0.944423 0.000000
vt  0.642778 0.944423 0.000000
vt  0.562126 0.945205 0.000000
vt  0.562126 0.945205 0.000000
vt  0.456216 0.945991 0.000000
vt  0.456216 0.945991 0.000000
vt  0.367936 0.946776 0.000000
vt  0.367936 0.946776 0.000000
vt  0.635385 0.929239 0.000000
vt  0.635385 0.929239 0.000000
vt  0.552352 0.930000 0.000000
vt  0.552352 0.930000 0.000000
vt  0.449437 0.930761 0.000000
vt  0.449437 0.930761 0.000000
vt  0.365902 0.931520 0.000000
vt  0.365902 0.931520 0.000000
vt  0.364443 0.929172 0.000000
vt  0.364443 0.929172 0.000000
vt  0.446772 0.928416 0.000000
vt  0.446772 0.928416 0.000000
vt  0.552188 0.927635 0.000000
vt  0.552188 0.927635 0.000000
vt  0.635199 0.926875 0.000000
vt  0.635199 0.926875 0.000000
vt  0.494295 0.920423 0.000000
vt  0.494295 0.920423 0.000000
vt  0.494295 0.920423 0.000000
vt  0.580543 0.919770 0.000000
vt  0.580543 0.919770 0.000000
vt  0.644087 0.919117 0.000000
vt  0.644087 0.919117 0.000000
vt  0.635199 0.921601 0.000000
vt  0.635199 0.921601 0.000000
vt  0.552188 0.922361 0.000000
vt  0.552188 0.922361 0.000000
vt  0.446772 0.923142 0.000000
vt  0.446772 0.923142 0.000000
vt  0.364443 0.923898 0.000000
vt  0.364443 0.923898 0.000000
vt  0.344865 0.921828 0.000000
vt  0.344865 0.921828 0.000000
vt  0.379725 0.921358 0.000000
vt  0.379725 0.921358 0.000000
vt  0.431886 0.920892 0.000000
vt  0.431886 0.920892 0.000000
vt  0.634829 0.936886 0.000000
vt  0.634829 0.936886 0.000000
vt  0.550689 0.937653 0.000000
vt  0.550689 0.937653 0.000000
vt  0.447984 0.938413 0.000000
vt  0.447984 0.938413 0.000000
vt  0.364502 0.939178 0.000000
vt  0.364502 0.939178 0.000000
vt  0.365902 0.936794 0.000000
vt  0.365902 0.936794 0.000000
vt  0.449437 0.936036 0.000000
vt  0.449437 0.936036 0.000000
vt  0.552352 0.935274 0.000000
vt  0.552352 0.935274 0.000000
vt  0.635385 0.934513 0.000000
vt  0.635385 0.934513 0.000000
vt  0.364794 0.913887 0.000000
vt  0.364794 0.913887 0.000000
vt  0.447841 0.913127 0.000000
vt  0.447841 0.913127 0.000000
vt  0.553228 0.912347 0.000000
vt  0.553228 0.912347 0.000000
vt  0.635555 0.911590 0.000000
vt  0.635555 0.911590 0.000000
vt  0.644087 0.913843 0.000000
vt  0.644087 0.913843 0.000000
vt  0.580543 0.914495 0.000000
vt  0.580543 0.914495 0.000000
vt  0.494295 0.915148 0.000000
vt  0.494295 0.915148 0.000000
vt  0.494295 0.915148 0.000000
vt  0.431886 0.915617 0.000000
vt  0.431886 0.915617 0.000000
vt  0.379725 0.916084 0.000000
vt  0.379725 0.916084 0.000000
vt  0.344865 0.916554 0.000000
vt  0.344865 0.916554 0.000000
vt  0.634096 0.898694 0.000000
vt  0.634096 0.898694 0.000000
vt  0.550553 0.899453 0.000000
vt  0.550553 0.899453 0.000000
vt  0.447641 0.900214 0.000000
vt  0.447641 0.900214 0.000000
vt  0.364612 0.900975 0.000000
vt  0.364612 0.900975 0.000000
vt  0.365207 0.898601 0.000000
vt  0.365207 0.898601 0.000000
vt  0.449327 0.897835 0.000000
vt  0.449327 0.897835 0.000000
vt  0.552042 0.897075 0.000000
vt  0.552042 0.897075 0.000000
vt  0.635520 0.896310 0.000000
vt  0.635520 0.896310 0.000000
vt  0.351630 0.891149 0.000000
vt  0.351630 0.891149 0.000000
vt  0.351630 0.891149 0.000000
vt  0.429983 0.890346 0.000000
vt  0.429983 0.890346 0.000000
vt  0.538288 0.889539 0.000000
vt  0.538288 0.889539 0.000000
vt  0.630278 0.888733 0.000000
vt  0.630278 0.888733 0.000000
vt  0.635520 0.891036 0.000000
vt  0.635520 0.891036 0.000000
vt  0.552042 0.891801 0.000000
vt  0.552042 0.891801 0.000000
vt  0.449327 0.892561 0.000000
vt  0.449327 0.892561 0.000000
vt  0.365207 0.893327 0.000000
vt  0.365207 0.893327 0.000000
vt  0.337648 0.891439 0.000000
vt  0.337648 0.891439 0.000000
vt  0.635555 0.906316 0.000000
vt  0.635555 0.906316 0.000000
vt  0.553228 0.907072 0.000000
vt  0.553228 0.907072 0.000000
vt  0.447841 0.907853 0.000000
vt  0.447841 0.907853 0.000000
vt  0.364794 0.908613 0.000000
vt  0.364794 0.908613 0.000000
vt  0.364612 0.906249 0.000000
vt  0.364612 0.906249 0.000000
vt  0.447641 0.905488 0.000000
vt  0.447641 0.905488 0.000000
vt  0.550553 0.904727 0.000000
vt  0.550553 0.904727 0.000000
vt  0.634096 0.903968 0.000000
vt  0.634096 0.903968 0.000000
vt  0.365857 0.883313 0.000000
vt  0.365857 0.883313 0.000000
vt  0.448594 0.882560 0.000000
vt  0.448594 0.882560 0.000000
vt  0.550271 0.881808 0.000000
vt  0.550271 0.881808 0.000000
vt  0.633759 0.881051 0.000000
vt  0.633759 0.881051 0.000000
vt  0.630278 0.883458 0.000000
vt  0.630278 0.883458 0.000000
vt  0.538288 0.884264 0.000000
vt  0.538288 0.884264 0.000000
vt  0.429983 0.885071 0.000000
vt  0.429983 0.885071 0.000000
vt  0.351630 0.885874 0.000000
vt  0.351630 0.885874 0.000000
vt  0.351630 0.885874 0.000000
vt  0.337648 0.886165 0.000000
vt  0.337648 0.886165 0.000000
vt  0.633759 0.875777 0.000000
vt  0.633759 0.875777 0.000000
vt  0.550271 0.876534 0.000000
vt  0.550271 0.876534 0.000000
vt  0.448594 0.877286 0.000000
vt  0.448594 0.877286 0.000000
vt  0.365857 0.878038 0.000000
vt  0.365857 0.878038 0.000000
vt  0.366332 0.875667 0.000000
vt  0.366332 0.875667 0.000000
vt  0.450642 0.874904 0.000000
vt  0.450642 0.874904 0.000000
vt  0.553973 0.874139 0.000000
vt  0.553973 0.874139 0.000000
vt  0.635994 0.873383 0.000000
vt  0.635994 0.873383 0.000000
vt  0.635994 0.868109 0.000000
vt  0.635994 0.868109 0.000000
vt  0.553973 0.868865 0.000000
vt  0.553973 0.868865 0.000000
vt  0.450642 0.869630 0.000000
vt  0.450642 0.869630 0.000000
vt  0.366332 0.870392 0.000000
vt  0.366332 0.870392 0.000000
vt  0.364018 0.868055 0.000000
vt  0.364018 0.868055 0.000000
vt  0.446155 0.867298 0.000000
vt  0.446155 0.867298 0.000000
vt  0.549409 0.866534 0.000000
vt  0.549409 0.866534 0.000000
vt  0.633768 0.865770 0.000000
vt  0.633768 0.865770 0.000000
vt  0.364996 0.860402 0.000000
vt  0.364996 0.860402 0.000000
vt  0.447644 0.859646 0.000000
vt  0.447644 0.859646 0.000000
vt  0.554014 0.858858 0.000000
vt  0.554014 0.858858 0.000000
vt  0.635914 0.858103 0.000000
vt  0.635914 0.858103 0.000000
vt  0.633768 0.860496 0.000000
vt  0.633768 0.860496 0.000000
vt  0.549409 0.861260 0.000000
vt  0.549409 0.861260 0.000000
vt  0.446155 0.862024 0.000000
vt  0.446155 0.862024 0.000000
vt  0.364018 0.862780 0.000000
vt  0.364018 0.862780 0.000000
vt  0.635914 0.852829 0.000000
vt  0.635914 0.852829 0.000000
vt  0.554014 0.853584 0.000000
vt  0.554014 0.853584 0.000000
vt  0.447644 0.854372 0.000000
vt  0.447644 0.854372 0.000000
vt  0.364996 0.855128 0.000000
vt  0.364996 0.855128 0.000000
vt  0.364278 0.852771 0.000000
vt  0.364278 0.852771 0.000000
vt  0.446376 0.852015 0.000000
vt  0.446376 0.852015 0.000000
vt  0.552307 0.851231 0.000000
vt  0.552307 0.851231 0.000000
vt  0.635102 0.850473 0.000000
vt  0.635102 0.850473 0.000000
vt  0.635102 0.845199 0.000000
vt  0.635102 0.845199 0.000000
vt  0.552307 0.845957 0.000000
vt  0.552307 0.845957 0.000000
vt  0.446376 0.846741 0.000000
vt  0.446376 0.846741 0.000000
vt  0.364278 0.847497 0.000000
vt  0.364278 0.847497 0.000000
vt  0.364544 0.845127 0.000000
vt  0.364544 0.845127 0.000000
vt  0.448086 0.844362 0.000000
vt  0.448086 0.844362 0.000000
vt  0.550780 0.843602 0.000000
vt  0.550780 0.843602 0.000000
vt  0.634887 0.842835 0.000000
vt  0.634887 0.842835 0.000000
vt  0.634887 0.837561 0.000000
vt  0.634887 0.837561 0.000000
vt  0.550780 0.838328 0.000000
vt  0.550780 0.838328 0.000000
vt  0.448086 0.839088 0.000000
vt  0.448086 0.839088 0.000000
vt  0.364544 0.839853 0.000000
vt  0.364544 0.839853 0.000000
vt  0.365862 0.837471 0.000000
vt  0.365862 0.837471 0.000000
vt  0.449385 0.836712 0.000000
vt  0.449385 0.836712 0.000000
vt  0.552315 0.835950 0.000000
vt  0.552315 0.835950 0.000000
vt  0.635365 0.835189 0.000000
vt  0.635365 0.835189 0.000000
vt  0.364464 0.829847 0.000000
vt  0.364464 0.829847 0.000000
vt  0.447212 0.829088 0.000000
vt  0.447212 0.829088 0.000000
vt  0.550027 0.828327 0.000000
vt  0.550027 0.828327 0.000000
vt  0.633800 0.827568 0.000000
vt  0.633800 0.827568 0.000000
vt  0.635365 0.829915 0.000000
vt  0.635365 0.829915 0.000000
vt  0.552315 0.830676 0.000000
vt  0.552315 0.830676 0.000000
vt  0.449385 0.831437 0.000000
vt  0.449385 0.831437 0.000000
vt  0.365862 0.832196 0.000000
vt  0.365862 0.832196 0.000000
vt  0.633800 0.822294 0.000000
vt  0.633800 0.822294 0.000000
vt  0.550027 0.823053 0.000000
vt  0.550027 0.823053 0.000000
vt  0.447212 0.823814 0.000000
vt  0.447212 0.823814 0.000000
vt  0.364464 0.824573 0.000000
vt  0.364464 0.824573 0.000000
vt  0.365584 0.822193 0.000000
vt  0.365584 0.822193 0.000000
vt  0.449860 0.821427 0.000000
vt  0.449860 0.821427 0.000000
vt  0.552701 0.820667 0.000000
vt  0.552701 0.820667 0.000000
vt  0.635747 0.819904 0.000000
vt  0.635747 0.819904 0.000000
vt  0.635747 0.814630 0.000000
vt  0.635747 0.814630 0.000000
vt  0.552701 0.815392 0.000000
vt  0.552701 0.815392 0.000000
vt  0.449860 0.816153 0.000000
vt  0.449860 0.816153 0.000000
vt  0.365584 0.816919 0.000000
vt  0.365584 0.816919 0.000000
vt  0.364780 0.814563 0.000000
vt  0.364780 0.814563 0.000000
vt  0.447862 0.813802 0.000000
vt  0.447862 0.813802 0.000000
vt  0.553165 0.813023 0.000000
vt  0.553165 0.813023 0.000000
vt  0.635533 0.812266 0.000000
vt  0.635533 0.812266 0.000000
vt  0.635533 0.806992 0.000000
vt  0.635533 0.806992 0.000000
vt  0.553165 0.807748 0.000000
vt  0.553165 0.807748 0.000000
vt  0.447862 0.808528 0.000000
vt  0.447862 0.808528 0.000000
vt  0.364780 0.809289 0.000000
vt  0.364780 0.809289 0.000000
vt  0.364592 0.806925 0.000000
vt  0.364592 0.806925 0.000000
vt  0.447602 0.806164 0.000000
vt  0.447602 0.806164 0.000000
vt  0.550501 0.805403 0.000000
vt  0.550501 0.805403 0.000000
vt  0.634057 0.804644 0.000000
vt  0.634057 0.804644 0.000000
vt  0.364555 0.799285 0.000000
vt  0.364555 0.799285 0.000000
vt  0.447133 0.798527 0.000000
vt  0.447133 0.798527 0.000000
vt  0.552022 0.797751 0.000000
vt  0.552022 0.797751 0.000000
vt  0.635276 0.796989 0.000000
vt  0.635276 0.796989 0.000000
vt  0.634057 0.799370 0.000000
vt  0.634057 0.799370 0.000000
vt  0.550501 0.800129 0.000000
vt  0.550501 0.800129 0.000000
vt  0.447602 0.800890 0.000000
vt  0.447602 0.800890 0.000000
vt  0.364592 0.801651 0.000000
vt  0.364592 0.801651 0.000000
vt  0.636520 0.774052 0.000000
vt  0.636520 0.774052 0.000000
vt  0.636520 0.774052 0.000000
vt  0.636520 0.768778 0.000000
vt  0.636520 0.768778 0.000000
vt  0.636520 0.768778 0.000000
vt  0.554648 0.769535 0.000000
vt  0.554648 0.769535 0.000000
vt  0.451094 0.770302 0.000000
vt  0.451094 0.770302 0.000000
vt  0.366552 0.771065 0.000000
vt  0.366552 0.771065 0.000000
vt  0.633701 0.776453 0.000000
vt  0.633701 0.776453 0.000000
vt  0.550095 0.777211 0.000000
vt  0.550095 0.777211 0.000000
vt  0.448425 0.777962 0.000000
vt  0.448425 0.777962 0.000000
vt  0.365792 0.778715 0.000000
vt  0.365792 0.778715 0.000000
vt  0.366552 0.776339 0.000000
vt  0.366552 0.776339 0.000000
vt  0.451094 0.775576 0.000000
vt  0.451094 0.775576 0.000000
vt  0.554648 0.774810 0.000000
vt  0.554648 0.774810 0.000000
vt  0.635276 0.791714 0.000000
vt  0.635276 0.791714 0.000000
vt  0.552022 0.792477 0.000000
vt  0.552022 0.792477 0.000000
vt  0.447133 0.793253 0.000000
vt  0.447133 0.793253 0.000000
vt  0.364555 0.794011 0.000000
vt  0.364555 0.794011 0.000000
vt  0.364129 0.791650 0.000000
vt  0.364129 0.791650 0.000000
vt  0.446801 0.790889 0.000000
vt  0.446801 0.790889 0.000000
vt  0.549783 0.790128 0.000000
vt  0.549783 0.790128 0.000000
vt  0.634151 0.789362 0.000000
vt  0.634151 0.789362 0.000000
vt  0.634151 0.784088 0.000000
vt  0.634151 0.784088 0.000000
vt  0.549783 0.784853 0.000000
vt  0.549783 0.784853 0.000000
vt  0.446801 0.785615 0.000000
vt  0.446801 0.785615 0.000000
vt  0.364129 0.786376 0.000000
vt  0.364129 0.786376 0.000000
vt  0.365792 0.783989 0.000000
vt  0.365792 0.783989 0.000000
vt  0.448425 0.783237 0.000000
vt  0.448425 0.783237 0.000000
vt  0.550095 0.782485 0.000000
vt  0.550095 0.782485 0.000000
vt  0.633701 0.781727 0.000000
vt  0.633701 0.781727 0.000000
vt  0.326730 0.399712 0.000000
vt  0.326730 0.399712 0.000000
vt  0.326730 0.399712 0.000000
vt  0.326730 0.399712 0.000000
vt  0.339376 0.397738 0.000000
vt  0.373164 0.392876 0.000000
vt  0.673265 0.399711 0.000000
vt  0.673265 0.399711 0.000000
vt  0.673265 0.399711 0.000000
vt  0.673265 0.399711 0.000000
vt  0.660653 0.397743 0.000000
vt  0.626934 0.392890 0.000000
vt  0.660532 0.397724 0.000000
vt  0.626566 0.392840 0.000000
vt  0.339412 0.397732 0.000000
vt  0.373236 0.392866 0.000000
vt  0.631785 0.999507 0.000000
vt  0.631785 0.999507 0.000000
vt  0.604739 0.999014 0.000000
vt  0.604739 0.999014 0.000000
vt  0.560708 0.998521 0.000000
vt  0.560708 0.998521 0.000000
vt  0.506833 0.998028 0.000000
vt  0.506833 0.998028 0.000000
vt  0.451850 0.997535 0.000000
vt  0.451850 0.997535 0.000000
vt  0.404675 0.997042 0.000000
vt  0.404675 0.997042 0.000000
vt  0.372958 0.996549 0.000000
vt  0.372958 0.996549 0.000000
vt  0.361842 0.996056 0.000000
vt  0.361842 0.996056 0.000000
vt  0.373131 0.995563 0.000000
vt  0.373131 0.995563 0.000000
vt  0.404992 0.995070 0.000000
vt  0.404992 0.995070 0.000000
vt  0.452260 0.994577 0.000000
vt  0.452260 0.994577 0.000000
vt  0.507270 0.994083 0.000000
vt  0.507270 0.994083 0.000000
vt  0.561101 0.993590 0.000000
vt  0.561101 0.993590 0.000000
vt  0.605024 0.993097 0.000000
vt  0.605024 0.993097 0.000000
vt  0.631915 0.992604 0.000000
vt  0.631915 0.992604 0.000000
vt  0.637416 0.992111 0.000000
vt  0.637416 0.992111 0.000000
vt  0.620632 0.991618 0.000000
vt  0.620632 0.991618 0.000000
vt  0.584287 0.991125 0.000000
vt  0.584287 0.991125 0.000000
vt  0.534274 0.990632 0.000000
vt  0.534274 0.990632 0.000000
vt  0.478703 0.990139 0.000000
vt  0.478703 0.990139 0.000000
vt  0.426585 0.989646 0.000000
vt  0.426585 0.989646 0.000000
vt  0.386372 0.989153 0.000000
vt  0.386372 0.989153 0.000000
vt  0.364586 0.988660 0.000000
vt  0.364586 0.988660 0.000000
vt  0.364758 0.988167 0.000000
vt  0.364758 0.988167 0.000000
vt  0.386862 0.987674 0.000000
vt  0.386862 0.987674 0.000000
vt  0.427312 0.987181 0.000000
vt  0.427312 0.987181 0.000000
vt  0.479549 0.986688 0.000000
vt  0.479549 0.986688 0.000000
vt  0.535103 0.986195 0.000000
vt  0.535103 0.986195 0.000000
vt  0.584964 0.985702 0.000000
vt  0.584964 0.985702 0.000000
vt  0.621048 0.985209 0.000000
vt  0.621048 0.985209 0.000000
vt  0.637502 0.984716 0.000000
vt  0.637502 0.984716 0.000000
vt  0.631658 0.984223 0.000000
vt  0.631658 0.984223 0.000000
vt  0.604465 0.983730 0.000000
vt  0.604465 0.983730 0.000000
vt  0.560331 0.983236 0.000000
vt  0.560331 0.983236 0.000000
vt  0.506414 0.982743 0.000000
vt  0.506414 0.982743 0.000000
vt  0.451457 0.982250 0.000000
vt  0.451457 0.982250 0.000000
vt  0.404372 0.981757 0.000000
vt  0.404372 0.981757 0.000000
vt  0.372794 0.981264 0.000000
vt  0.372794 0.981264 0.000000
vt  0.361844 0.980771 0.000000
vt  0.361844 0.980771 0.000000
vt  0.373297 0.980278 0.000000
vt  0.373297 0.980278 0.000000
vt  0.405297 0.979785 0.000000
vt  0.405297 0.979785 0.000000
vt  0.452654 0.979292 0.000000
vt  0.452654 0.979292 0.000000
vt  0.507689 0.978799 0.000000
vt  0.507689 0.978799 0.000000
vt  0.561477 0.978306 0.000000
vt  0.561477 0.978306 0.000000
vt  0.605296 0.977813 0.000000
vt  0.605296 0.977813 0.000000
vt  0.632040 0.977320 0.000000
vt  0.632040 0.977320 0.000000
vt  0.637371 0.976827 0.000000
vt  0.637371 0.976827 0.000000
vt  0.620427 0.976334 0.000000
vt  0.620427 0.976334 0.000000
vt  0.620427 0.976334 0.000000
vt  0.620427 0.976334 0.000000
vt  0.582895 0.975829 0.000000
vt  0.582895 0.975829 0.000000
vt  0.531286 0.975324 0.000000
vt  0.531286 0.975324 0.000000
vt  0.474364 0.974820 0.000000
vt  0.474364 0.974820 0.000000
vt  0.421795 0.974315 0.000000
vt  0.421795 0.974315 0.000000
vt  0.382508 0.973810 0.000000
vt  0.382508 0.973810 0.000000
vt  0.363174 0.973306 0.000000
vt  0.363174 0.973306 0.000000
vt  0.367076 0.972801 0.000000
vt  0.367076 0.972801 0.000000
vt  0.393552 0.972296 0.000000
vt  0.393552 0.972296 0.000000
vt  0.438106 0.971791 0.000000
vt  0.438106 0.971791 0.000000
vt  0.493171 0.971287 0.000000
vt  0.493171 0.971287 0.000000
vt  0.549395 0.970782 0.000000
vt  0.549395 0.970782 0.000000
vt  0.597232 0.970277 0.000000
vt  0.597232 0.970277 0.000000
vt  0.628555 0.969772 0.000000
vt  0.628555 0.969772 0.000000
vt  0.638047 0.969268 0.000000
vt  0.638047 0.969268 0.000000
vt  0.624095 0.968763 0.000000
vt  0.624095 0.968763 0.000000
vt  0.589069 0.968258 0.000000
vt  0.589069 0.968258 0.000000
vt  0.538916 0.967754 0.000000
vt  0.538916 0.967754 0.000000
vt  0.482154 0.967249 0.000000
vt  0.482154 0.967249 0.000000
vt  0.428424 0.966744 0.000000
vt  0.428424 0.966744 0.000000
vt  0.386848 0.966239 0.000000
vt  0.386848 0.966239 0.000000
vt  0.364489 0.965735 0.000000
vt  0.364489 0.965735 0.000000
vt  0.365143 0.965230 0.000000
vt  0.365143 0.965230 0.000000
vt  0.388699 0.964725 0.000000
vt  0.388699 0.964725 0.000000
vt  0.431156 0.964220 0.000000
vt  0.431156 0.964220 0.000000
vt  0.485305 0.963716 0.000000
vt  0.485305 0.963716 0.000000
vt  0.541950 0.963211 0.000000
vt  0.541950 0.963211 0.000000
vt  0.591470 0.962706 0.000000
vt  0.591470 0.962706 0.000000
vt  0.625457 0.962202 0.000000
vt  0.625457 0.962202 0.000000
vt  0.638138 0.961697 0.000000
vt  0.638138 0.961697 0.000000
vt  0.627359 0.961192 0.000000
vt  0.627359 0.961192 0.000000
vt  0.594952 0.960687 0.000000
vt  0.594952 0.960687 0.000000
vt  0.546420 0.960183 0.000000
vt  0.546420 0.960183 0.000000
vt  0.490004 0.959678 0.000000
vt  0.490004 0.959678 0.000000
vt  0.435286 0.959173 0.000000
vt  0.435286 0.959173 0.000000
vt  0.391558 0.958668 0.000000
vt  0.391558 0.958668 0.000000
vt  0.366246 0.958164 0.000000
vt  0.366246 0.958164 0.000000
vt  0.363649 0.957659 0.000000
vt  0.363649 0.957659 0.000000
vt  0.384208 0.957154 0.000000
vt  0.384208 0.957154 0.000000
vt  0.424431 0.956650 0.000000
vt  0.424431 0.956650 0.000000
vt  0.477488 0.956145 0.000000
vt  0.477488 0.956145 0.000000
vt  0.534367 0.955640 0.000000
vt  0.534367 0.955640 0.000000
vt  0.585411 0.955135 0.000000
vt  0.585411 0.955135 0.000000
vt  0.621949 0.954631 0.000000
vt  0.621949 0.954631 0.000000
vt  0.637778 0.954126 0.000000
vt  0.637778 0.954126 0.000000
vt  0.630208 0.953621 0.000000
vt  0.630208 0.953621 0.000000
vt  0.600526 0.953116 0.000000
vt  0.600526 0.953116 0.000000
vt  0.553772 0.952612 0.000000
vt  0.553772 0.952612 0.000000
vt  0.497886 0.952107 0.000000
vt  0.497886 0.952107 0.000000
vt  0.442359 0.951602 0.000000
vt  0.442359 0.951602 0.000000
vt  0.396621 0.951098 0.000000
vt  0.396621 0.951098 0.000000
vt  0.368439 0.950593 0.000000
vt  0.368439 0.950593 0.000000
vt  0.362600 0.950088 0.000000
vt  0.362600 0.950088 0.000000
vt  0.380095 0.949583 0.000000
vt  0.380095 0.949583 0.000000
vt  0.417953 0.949079 0.000000
vt  0.417953 0.949079 0.000000
vt  0.469744 0.948574 0.000000
vt  0.469744 0.948574 0.000000
vt  0.526674 0.948069 0.000000
vt  0.526674 0.948069 0.000000
vt  0.579074 0.947564 0.000000
vt  0.579074 0.947564 0.000000
vt  0.618045 0.947060 0.000000
vt  0.618045 0.947060 0.000000
vt  0.618045 0.947060 0.000000
vt  0.618045 0.947060 0.000000
vt  0.636969 0.946555 0.000000
vt  0.636969 0.946555 0.000000
vt  0.632632 0.946050 0.000000
vt  0.632632 0.946050 0.000000
vt  0.605771 0.945546 0.000000
vt  0.605771 0.945546 0.000000
vt  0.560947 0.945041 0.000000
vt  0.560947 0.945041 0.000000
vt  0.505773 0.944536 0.000000
vt  0.505773 0.944536 0.000000
vt  0.449619 0.944031 0.000000
vt  0.449619 0.944031 0.000000
vt  0.402020 0.943527 0.000000
vt  0.402020 0.943527 0.000000
vt  0.371061 0.943022 0.000000
vt  0.371061 0.943022 0.000000
vt  0.361999 0.942517 0.000000
vt  0.361999 0.942517 0.000000
vt  0.376373 0.942012 0.000000
vt  0.376373 0.942012 0.000000
vt  0.411742 0.941508 0.000000
vt  0.411742 0.941508 0.000000
vt  0.462100 0.941003 0.000000
vt  0.462100 0.941003 0.000000
vt  0.518894 0.940498 0.000000
vt  0.518894 0.940498 0.000000
vt  0.572479 0.939994 0.000000
vt  0.572479 0.939994 0.000000
vt  0.613755 0.939489 0.000000
vt  0.613755 0.939489 0.000000
vt  0.635713 0.938984 0.000000
vt  0.635713 0.938984 0.000000
vt  0.634624 0.938479 0.000000
vt  0.634624 0.938479 0.000000
vt  0.610672 0.937975 0.000000
vt  0.610672 0.937975 0.000000
vt  0.567925 0.937470 0.000000
vt  0.567925 0.937470 0.000000
vt  0.513643 0.936965 0.000000
vt  0.513643 0.936965 0.000000
vt  0.457044 0.936460 0.000000
vt  0.457044 0.936460 0.000000
vt  0.407740 0.935956 0.000000
vt  0.407740 0.935956 0.000000
vt  0.374104 0.935451 0.000000
vt  0.374104 0.935451 0.000000
vt  0.361848 0.934946 0.000000
vt  0.361848 0.934946 0.000000
vt  0.373054 0.934442 0.000000
vt  0.373054 0.934442 0.000000
vt  0.405819 0.933937 0.000000
vt  0.405819 0.933937 0.000000
vt  0.454578 0.933432 0.000000
vt  0.454578 0.933432 0.000000
vt  0.511051 0.932927 0.000000
vt  0.511051 0.932927 0.000000
vt  0.565647 0.932423 0.000000
vt  0.565647 0.932423 0.000000
vt  0.609094 0.931918 0.000000
vt  0.609094 0.931918 0.000000
vt  0.634015 0.931413 0.000000
vt  0.634015 0.931413 0.000000
vt  0.636177 0.930908 0.000000
vt  0.636177 0.930908 0.000000
vt  0.615212 0.930404 0.000000
vt  0.615212 0.930404 0.000000
vt  0.574682 0.929899 0.000000
vt  0.574682 0.929899 0.000000
vt  0.521468 0.929394 0.000000
vt  0.521468 0.929394 0.000000
vt  0.464609 0.928890 0.000000
vt  0.464609 0.928890 0.000000
vt  0.413760 0.928385 0.000000
vt  0.413760 0.928385 0.000000
vt  0.377557 0.927880 0.000000
vt  0.377557 0.927880 0.000000
vt  0.362148 0.927375 0.000000
vt  0.362148 0.927375 0.000000
vt  0.370149 0.926871 0.000000
vt  0.370149 0.926871 0.000000
vt  0.400202 0.926366 0.000000
vt  0.400202 0.926366 0.000000
vt  0.447204 0.925861 0.000000
vt  0.447204 0.925861 0.000000
vt  0.503171 0.925356 0.000000
vt  0.503171 0.925356 0.000000
vt  0.558600 0.924852 0.000000
vt  0.558600 0.924852 0.000000
vt  0.604078 0.924347 0.000000
vt  0.604078 0.924347 0.000000
vt  0.631880 0.923842 0.000000
vt  0.631880 0.923842 0.000000
vt  0.637285 0.923338 0.000000
vt  0.637285 0.923338 0.000000
vt  0.619376 0.922833 0.000000
vt  0.619376 0.922833 0.000000
vt  0.581194 0.922328 0.000000
vt  0.581194 0.922328 0.000000
vt  0.529224 0.921823 0.000000
vt  0.529224 0.921823 0.000000
vt  0.472290 0.921319 0.000000
vt  0.472290 0.921319 0.000000
vt  0.420062 0.920814 0.000000
vt  0.420062 0.920814 0.000000
vt  0.381409 0.920309 0.000000
vt  0.381409 0.920309 0.000000
vt  0.362897 0.919804 0.000000
vt  0.362897 0.919804 0.000000
vt  0.367668 0.919300 0.000000
vt  0.367668 0.919300 0.000000
vt  0.394912 0.918795 0.000000
vt  0.394912 0.918795 0.000000
vt  0.440003 0.918290 0.000000
vt  0.440003 0.918290 0.000000
vt  0.495283 0.917786 0.000000
vt  0.495283 0.917786 0.000000
vt  0.495283 0.917786 0.000000
vt  0.495283 0.917786 0.000000
vt  0.551364 0.917281 0.000000
vt  0.551364 0.917281 0.000000
vt  0.598722 0.916776 0.000000
vt  0.598722 0.916776 0.000000
vt  0.629315 0.916271 0.000000
vt  0.629315 0.916271 0.000000
vt  0.637946 0.915767 0.000000
vt  0.637946 0.915767 0.000000
vt  0.623151 0.915262 0.000000
vt  0.623151 0.915262 0.000000
vt  0.587442 0.914757 0.000000
vt  0.587442 0.914757 0.000000
vt  0.536882 0.914253 0.000000
vt  0.536882 0.914253 0.000000
vt  0.480059 0.913748 0.000000
vt  0.480059 0.913748 0.000000
vt  0.426623 0.913243 0.000000
vt  0.426623 0.913243 0.000000
vt  0.385648 0.912738 0.000000
vt  0.385648 0.912738 0.000000
vt  0.364093 0.912234 0.000000
vt  0.364093 0.912234 0.000000
vt  0.365618 0.911729 0.000000
vt  0.365618 0.911729 0.000000
vt  0.389965 0.911224 0.000000
vt  0.389965 0.911224 0.000000
vt  0.432998 0.910719 0.000000
vt  0.432998 0.910719 0.000000
vt  0.487410 0.910215 0.000000
vt  0.487410 0.910215 0.000000
vt  0.543960 0.909710 0.000000
vt  0.543960 0.909710 0.000000
vt  0.593045 0.909205 0.000000
vt  0.593045 0.909205 0.000000
vt  0.626328 0.908701 0.000000
vt  0.626328 0.908701 0.000000
vt  0.638158 0.908196 0.000000
vt  0.638158 0.908196 0.000000
vt  0.626525 0.907691 0.000000
vt  0.626525 0.907691 0.000000
vt  0.593404 0.907186 0.000000
vt  0.593404 0.907186 0.000000
vt  0.544422 0.906682 0.000000
vt  0.544422 0.906682 0.000000
vt  0.487895 0.906177 0.000000
vt  0.487895 0.906177 0.000000
vt  0.433425 0.905672 0.000000
vt  0.433425 0.905672 0.000000
vt  0.390260 0.905167 0.000000
vt  0.390260 0.905167 0.000000
vt  0.365732 0.904663 0.000000
vt  0.365732 0.904663 0.000000
vt  0.364006 0.904158 0.000000
vt  0.364006 0.904158 0.000000
vt  0.385375 0.903653 0.000000
vt  0.385375 0.903653 0.000000
vt  0.426210 0.903149 0.000000
vt  0.426210 0.903149 0.000000
vt  0.479577 0.902644 0.000000
vt  0.479577 0.902644 0.000000
vt  0.536412 0.902139 0.000000
vt  0.536412 0.902139 0.000000
vt  0.587063 0.901634 0.000000
vt  0.587063 0.901634 0.000000
vt  0.622929 0.901130 0.000000
vt  0.622929 0.901130 0.000000
vt  0.637918 0.900625 0.000000
vt  0.637918 0.900625 0.000000
vt  0.629486 0.900120 0.000000
vt  0.629486 0.900120 0.000000
vt  0.599063 0.899615 0.000000
vt  0.599063 0.899615 0.000000
vt  0.551817 0.899111 0.000000
vt  0.551817 0.899111 0.000000
vt  0.495771 0.898606 0.000000
vt  0.495771 0.898606 0.000000
vt  0.440444 0.898101 0.000000
vt  0.440444 0.898101 0.000000
vt  0.395230 0.897597 0.000000
vt  0.395230 0.897597 0.000000
vt  0.367809 0.897092 0.000000
vt  0.367809 0.897092 0.000000
vt  0.362837 0.896587 0.000000
vt  0.362837 0.896587 0.000000
vt  0.381159 0.896082 0.000000
vt  0.381159 0.896082 0.000000
vt  0.419663 0.895578 0.000000
vt  0.419663 0.895578 0.000000
vt  0.471811 0.895073 0.000000
vt  0.471811 0.895073 0.000000
vt  0.528745 0.894568 0.000000
vt  0.528745 0.894568 0.000000
vt  0.580798 0.894063 0.000000
vt  0.580798 0.894063 0.000000
vt  0.619129 0.893559 0.000000
vt  0.619129 0.893559 0.000000
vt  0.637230 0.893054 0.000000
vt  0.637230 0.893054 0.000000
vt  0.632025 0.892549 0.000000
vt  0.632025 0.892549 0.000000
vt  0.604399 0.892045 0.000000
vt  0.604399 0.892045 0.000000
vt  0.559043 0.891540 0.000000
vt  0.559043 0.891540 0.000000
vt  0.503660 0.891035 0.000000
vt  0.503660 0.891035 0.000000
vt  0.447656 0.890530 0.000000
vt  0.447656 0.890530 0.000000
vt  0.400541 0.890026 0.000000
vt  0.400541 0.890026 0.000000
vt  0.370317 0.889521 0.000000
vt  0.370317 0.889521 0.000000
vt  0.362116 0.889016 0.000000
vt  0.362116 0.889016 0.000000
vt  0.377332 0.888511 0.000000
vt  0.377332 0.888511 0.000000
vt  0.377332 0.888511 0.000000
vt  0.377332 0.888511 0.000000
vt  0.413379 0.888007 0.000000
vt  0.413379 0.888007 0.000000
vt  0.464138 0.887502 0.000000
vt  0.464138 0.887502 0.000000
vt  0.520986 0.886997 0.000000
vt  0.520986 0.886997 0.000000
vt  0.574271 0.886493 0.000000
vt  0.574271 0.886493 0.000000
vt  0.614942 0.885988 0.000000
vt  0.614942 0.885988 0.000000
vt  0.636093 0.885483 0.000000
vt  0.636093 0.885483 0.000000
vt  0.634133 0.884978 0.000000
vt  0.634133 0.884978 0.000000
vt  0.609393 0.884474 0.000000
vt  0.609393 0.884474 0.000000
vt  0.566075 0.883969 0.000000
vt  0.566075 0.883969 0.000000
vt  0.511536 0.883464 0.000000
vt  0.511536 0.883464 0.000000
vt  0.455038 0.882959 0.000000
vt  0.455038 0.882959 0.000000
vt  0.406176 0.882455 0.000000
vt  0.406176 0.882455 0.000000
vt  0.373247 0.881950 0.000000
vt  0.373247 0.881950 0.000000
vt  0.361845 0.881445 0.000000
vt  0.361845 0.881445 0.000000
vt  0.373904 0.880941 0.000000
vt  0.373904 0.880941 0.000000
vt  0.407378 0.880436 0.000000
vt  0.407378 0.880436 0.000000
vt  0.456581 0.879931 0.000000
vt  0.456581 0.879931 0.000000
vt  0.513158 0.879426 0.000000
vt  0.513158 0.879426 0.000000
vt  0.567500 0.878922 0.000000
vt  0.567500 0.878922 0.000000
vt  0.610379 0.878417 0.000000
vt  0.610379 0.878417 0.000000
vt  0.634513 0.877912 0.000000
vt  0.634513 0.877912 0.000000
vt  0.635804 0.877407 0.000000
vt  0.635804 0.877407 0.000000
vt  0.614031 0.876903 0.000000
vt  0.614031 0.876903 0.000000
vt  0.572893 0.876398 0.000000
vt  0.572893 0.876398 0.000000
vt  0.519376 0.875893 0.000000
vt  0.519376 0.875893 0.000000
vt  0.462569 0.875389 0.000000
vt  0.462569 0.875389 0.000000
vt  0.412118 0.874884 0.000000
vt  0.412118 0.874884 0.000000
vt  0.376592 0.874379 0.000000
vt  0.376592 0.874379 0.000000
vt  0.362023 0.873874 0.000000
vt  0.362023 0.873874 0.000000
vt  0.370887 0.873370 0.000000
vt  0.370887 0.873370 0.000000
vt  0.401677 0.872865 0.000000
vt  0.401677 0.872865 0.000000
vt  0.449165 0.872360 0.000000
vt  0.449165 0.872360 0.000000
vt  0.505286 0.871855 0.000000
vt  0.505286 0.871855 0.000000
vt  0.560509 0.871351 0.000000
vt  0.560509 0.871351 0.000000
vt  0.605456 0.870846 0.000000
vt  0.605456 0.870846 0.000000
vt  0.632495 0.870341 0.000000
vt  0.632495 0.870341 0.000000
vt  0.637032 0.869837 0.000000
vt  0.637032 0.869837 0.000000
vt  0.618298 0.869332 0.000000
vt  0.618298 0.869332 0.000000
vt  0.579474 0.868827 0.000000
vt  0.579474 0.868827 0.000000
vt  0.527153 0.868322 0.000000
vt  0.527153 0.868322 0.000000
vt  0.470221 0.867818 0.000000
vt  0.470221 0.867818 0.000000
vt  0.418346 0.867313 0.000000
vt  0.418346 0.867313 0.000000
vt  0.380338 0.866808 0.000000
vt  0.380338 0.866808 0.000000
vt  0.362652 0.866303 0.000000
vt  0.362652 0.866303 0.000000
vt  0.368291 0.865799 0.000000
vt  0.368291 0.865799 0.000000
vt  0.396297 0.865294 0.000000
vt  0.396297 0.865294 0.000000
vt  0.441915 0.864789 0.000000
vt  0.441915 0.864789 0.000000
vt  0.497397 0.864285 0.000000
vt  0.497397 0.864285 0.000000
vt  0.553321 0.863780 0.000000
vt  0.553321 0.863780 0.000000
vt  0.600190 0.863275 0.000000
vt  0.600190 0.863275 0.000000
vt  0.630044 0.862770 0.000000
vt  0.630044 0.862770 0.000000
vt  0.637813 0.862266 0.000000
vt  0.637813 0.862266 0.000000
vt  0.622178 0.861761 0.000000
vt  0.622178 0.861761 0.000000
vt  0.585795 0.861256 0.000000
vt  0.585795 0.861256 0.000000
vt  0.534841 0.860752 0.000000
vt  0.534841 0.860752 0.000000
vt  0.477970 0.860247 0.000000
vt  0.477970 0.860247 0.000000
vt  0.424840 0.859742 0.000000
vt  0.424840 0.859742 0.000000
vt  0.384475 0.859237 0.000000
vt  0.384475 0.859237 0.000000
vt  0.384475 0.859237 0.000000
vt  0.384475 0.859237 0.000000
vt  0.363728 0.858733 0.000000
vt  0.363728 0.858733 0.000000
vt  0.366125 0.858228 0.000000
vt  0.366125 0.858228 0.000000
vt  0.391256 0.857723 0.000000
vt  0.391256 0.857723 0.000000
vt  0.434855 0.857218 0.000000
vt  0.434855 0.857218 0.000000
vt  0.489518 0.856714 0.000000
vt  0.489518 0.856714 0.000000
vt  0.545960 0.856209 0.000000
vt  0.545960 0.856209 0.000000
vt  0.594597 0.855704 0.000000
vt  0.594597 0.855704 0.000000
vt  0.627170 0.855200 0.000000
vt  0.627170 0.855200 0.000000
vt  0.638145 0.854695 0.000000
vt  0.638145 0.854695 0.000000
vt  0.625660 0.854190 0.000000
vt  0.625660 0.854190 0.000000
vt  0.591835 0.853685 0.000000
vt  0.591835 0.853685 0.000000
vt  0.542414 0.853181 0.000000
vt  0.542414 0.853181 0.000000
vt  0.485790 0.852676 0.000000
vt  0.485790 0.852676 0.000000
vt  0.431579 0.852171 0.000000
vt  0.431579 0.852171 0.000000
vt  0.388988 0.851666 0.000000
vt  0.388988 0.851666 0.000000
vt  0.365249 0.851162 0.000000
vt  0.365249 0.851162 0.000000
vt  0.364395 0.850657 0.000000
vt  0.364395 0.850657 0.000000
vt  0.386569 0.850152 0.000000
vt  0.386569 0.850152 0.000000
vt  0.428007 0.849648 0.000000
vt  0.428007 0.849648 0.000000
vt  0.481672 0.849143 0.000000
vt  0.481672 0.849143 0.000000
vt  0.538448 0.848638 0.000000
vt  0.538448 0.848638 0.000000
vt  0.588696 0.848133 0.000000
vt  0.588696 0.848133 0.000000
vt  0.623880 0.847629 0.000000
vt  0.623880 0.847629 0.000000
vt  0.638027 0.847124 0.000000
vt  0.638027 0.847124 0.000000
vt  0.628733 0.846619 0.000000
vt  0.628733 0.846619 0.000000
vt  0.597577 0.846114 0.000000
vt  0.597577 0.846114 0.000000
vt  0.549850 0.845610 0.000000
vt  0.549850 0.845610 0.000000
vt  0.493658 0.845105 0.000000
vt  0.493658 0.845105 0.000000
vt  0.438542 0.844600 0.000000
vt  0.438542 0.844600 0.000000
vt  0.393863 0.844096 0.000000
vt  0.393863 0.844096 0.000000
vt  0.367210 0.843591 0.000000
vt  0.367210 0.843591 0.000000
vt  0.363107 0.843086 0.000000
vt  0.363107 0.843086 0.000000
vt  0.382252 0.842581 0.000000
vt  0.382252 0.842581 0.000000
vt  0.421394 0.842077 0.000000
vt  0.421394 0.842077 0.000000
vt  0.473885 0.841572 0.000000
vt  0.473885 0.841572 0.000000
vt  0.530811 0.841067 0.000000
vt  0.530811 0.841067 0.000000
vt  0.582504 0.840562 0.000000
vt  0.582504 0.840562 0.000000
vt  0.620187 0.840058 0.000000
vt  0.620187 0.840058 0.000000
vt  0.637458 0.839553 0.000000
vt  0.637458 0.839553 0.000000
vt  0.631386 0.839048 0.000000
vt  0.631386 0.839048 0.000000
vt  0.603001 0.838544 0.000000
vt  0.603001 0.838544 0.000000
vt  0.557124 0.838039 0.000000
vt  0.557124 0.838039 0.000000
vt  0.501546 0.837534 0.000000
vt  0.501546 0.837534 0.000000
vt  0.445705 0.837029 0.000000
vt  0.445705 0.837029 0.000000
vt  0.399085 0.836525 0.000000
vt  0.399085 0.836525 0.000000
vt  0.369603 0.836020 0.000000
vt  0.369603 0.836020 0.000000
vt  0.362265 0.835515 0.000000
vt  0.362265 0.835515 0.000000
vt  0.378319 0.835010 0.000000
vt  0.378319 0.835010 0.000000
vt  0.415037 0.834506 0.000000
vt  0.415037 0.834506 0.000000
vt  0.466183 0.834001 0.000000
vt  0.466183 0.834001 0.000000
vt  0.523073 0.833496 0.000000
vt  0.523073 0.833496 0.000000
vt  0.576044 0.832992 0.000000
vt  0.576044 0.832992 0.000000
vt  0.616101 0.832487 0.000000
vt  0.616101 0.832487 0.000000
vt  0.636442 0.831982 0.000000
vt  0.636442 0.831982 0.000000
vt  0.633610 0.831477 0.000000
vt  0.633610 0.831477 0.000000
vt  0.608089 0.830973 0.000000
vt  0.608089 0.830973 0.000000
vt  0.564211 0.830468 0.000000
vt  0.564211 0.830468 0.000000
vt  0.509428 0.829963 0.000000
vt  0.509428 0.829963 0.000000
vt  0.509428 0.829963 0.000000
vt  0.509428 0.829963 0.000000
vt  0.453044 0.829458 0.000000
vt  0.453044 0.829458 0.000000
vt  0.404635 0.828954 0.000000
vt  0.404635 0.828954 0.000000
vt  0.372421 0.828449 0.000000
vt  0.372421 0.828449 0.000000
vt  0.361873 0.827944 0.000000
vt  0.361873 0.827944 0.000000
vt  0.374783 0.827440 0.000000
vt  0.374783 0.827440 0.000000
vt  0.408957 0.826935 0.000000
vt  0.408957 0.826935 0.000000
vt  0.458594 0.826430 0.000000
vt  0.458594 0.826430 0.000000
vt  0.515261 0.825925 0.000000
vt  0.515261 0.825925 0.000000
vt  0.569338 0.825421 0.000000
vt  0.569338 0.825421 0.000000
vt  0.611638 0.824916 0.000000
vt  0.611638 0.824916 0.000000
vt  0.634980 0.824411 0.000000
vt  0.634980 0.824411 0.000000
vt  0.635399 0.823906 0.000000
vt  0.635399 0.823906 0.000000
vt  0.612824 0.823402 0.000000
vt  0.612824 0.823402 0.000000
vt  0.571088 0.822897 0.000000
vt  0.571088 0.822897 0.000000
vt  0.517280 0.822392 0.000000
vt  0.517280 0.822392 0.000000
vt  0.460537 0.821888 0.000000
vt  0.460537 0.821888 0.000000
vt  0.410496 0.821383 0.000000
vt  0.410496 0.821383 0.000000
vt  0.375655 0.820878 0.000000
vt  0.375655 0.820878 0.000000
vt  0.361931 0.820373 0.000000
vt  0.361931 0.820373 0.000000
vt  0.371655 0.819869 0.000000
vt  0.371655 0.819869 0.000000
vt  0.403174 0.819364 0.000000
vt  0.403174 0.819364 0.000000
vt  0.451138 0.818859 0.000000
vt  0.451138 0.818859 0.000000
vt  0.507399 0.818354 0.000000
vt  0.507399 0.818354 0.000000
vt  0.562404 0.817850 0.000000
vt  0.562404 0.817850 0.000000
vt  0.606811 0.817345 0.000000
vt  0.606811 0.817345 0.000000
vt  0.633078 0.816840 0.000000
vt  0.633078 0.816840 0.000000
vt  0.636746 0.816336 0.000000
vt  0.636746 0.816336 0.000000
vt  0.617191 0.815831 0.000000
vt  0.617191 0.815831 0.000000
vt  0.577734 0.815326 0.000000
vt  0.577734 0.815326 0.000000
vt  0.525076 0.814821 0.000000
vt  0.525076 0.814821 0.000000
vt  0.468159 0.814317 0.000000
vt  0.468159 0.814317 0.000000
vt  0.416650 0.813812 0.000000
vt  0.416650 0.813812 0.000000
vt  0.379295 0.813307 0.000000
vt  0.379295 0.813307 0.000000
vt  0.362439 0.812802 0.000000
vt  0.362439 0.812802 0.000000
vt  0.368945 0.812298 0.000000
vt  0.368945 0.812298 0.000000
vt  0.397707 0.811793 0.000000
vt  0.397707 0.811793 0.000000
vt  0.443840 0.811288 0.000000
vt  0.443840 0.811288 0.000000
vt  0.499512 0.810784 0.000000
vt  0.499512 0.810784 0.000000
vt  0.555266 0.810279 0.000000
vt  0.555266 0.810279 0.000000
vt  0.601634 0.809774 0.000000
vt  0.601634 0.809774 0.000000
vt  0.630743 0.809269 0.000000
vt  0.630743 0.809269 0.000000
vt  0.637648 0.808765 0.000000
vt  0.637648 0.808765 0.000000
vt  0.621177 0.808260 0.000000
vt  0.621177 0.808260 0.000000
vt  0.584127 0.807755 0.000000
vt  0.584127 0.807755 0.000000
vt  0.532790 0.807251 0.000000
vt  0.532790 0.807251 0.000000
vt  0.475885 0.806746 0.000000
vt  0.475885 0.806746 0.000000
vt  0.423075 0.806241 0.000000
vt  0.423075 0.806241 0.000000
vt  0.383329 0.805736 0.000000
vt  0.383329 0.805736 0.000000
vt  0.363396 0.805232 0.000000
vt  0.363396 0.805232 0.000000
vt  0.366663 0.804727 0.000000
vt  0.366663 0.804727 0.000000
vt  0.392573 0.804222 0.000000
vt  0.392573 0.804222 0.000000
vt  0.436727 0.803717 0.000000
vt  0.436727 0.803717 0.000000
vt  0.491627 0.803213 0.000000
vt  0.491627 0.803213 0.000000
vt  0.547948 0.802708 0.000000
vt  0.547948 0.802708 0.000000
vt  0.596127 0.802203 0.000000
vt  0.596127 0.802203 0.000000
vt  0.627981 0.801699 0.000000
vt  0.627981 0.801699 0.000000
vt  0.638100 0.801194 0.000000
vt  0.638100 0.801194 0.000000
vt  0.624767 0.800689 0.000000
vt  0.624767 0.800689 0.000000
vt  0.624767 0.800689 0.000000
vt  0.624767 0.800689 0.000000
vt  0.612871 0.771415 0.000000
vt  0.612871 0.771415 0.000000
vt  0.612871 0.771415 0.000000
vt  0.590245 0.800184 0.000000
vt  0.590245 0.800184 0.000000
vt  0.540397 0.799680 0.000000
vt  0.540397 0.799680 0.000000
vt  0.483688 0.799175 0.000000
vt  0.483688 0.799175 0.000000
vt  0.429750 0.798670 0.000000
vt  0.429750 0.798670 0.000000
vt  0.387742 0.798165 0.000000
vt  0.387742 0.798165 0.000000
vt  0.364798 0.797661 0.000000
vt  0.364798 0.797661 0.000000
vt  0.364815 0.797156 0.000000
vt  0.364815 0.797156 0.000000
vt  0.387790 0.796651 0.000000
vt  0.387790 0.796651 0.000000
vt  0.429821 0.796147 0.000000
vt  0.429821 0.796147 0.000000
vt  0.483770 0.795642 0.000000
vt  0.483770 0.795642 0.000000
vt  0.540475 0.795137 0.000000
vt  0.540475 0.795137 0.000000
vt  0.590307 0.794632 0.000000
vt  0.590307 0.794632 0.000000
vt  0.624802 0.794128 0.000000
vt  0.624802 0.794128 0.000000
vt  0.638103 0.793623 0.000000
vt  0.638103 0.793623 0.000000
vt  0.627950 0.793118 0.000000
vt  0.627950 0.793118 0.000000
vt  0.596068 0.792613 0.000000
vt  0.596068 0.792613 0.000000
vt  0.547872 0.792109 0.000000
vt  0.547872 0.792109 0.000000
vt  0.491545 0.791604 0.000000
vt  0.491545 0.791604 0.000000
vt  0.436655 0.791099 0.000000
vt  0.436655 0.791099 0.000000
vt  0.392522 0.790595 0.000000
vt  0.392522 0.790595 0.000000
vt  0.366641 0.790090 0.000000
vt  0.366641 0.790090 0.000000
vt  0.363408 0.789585 0.000000
vt  0.363408 0.789585 0.000000
vt  0.383372 0.789080 0.000000
vt  0.383372 0.789080 0.000000
vt  0.423142 0.788576 0.000000
vt  0.423142 0.788576 0.000000
vt  0.475965 0.788071 0.000000
vt  0.475965 0.788071 0.000000
vt  0.532869 0.787566 0.000000
vt  0.532869 0.787566 0.000000
vt  0.584191 0.787061 0.000000
vt  0.584191 0.787061 0.000000
vt  0.621216 0.786557 0.000000
vt  0.621216 0.786557 0.000000
vt  0.637655 0.786052 0.000000
vt  0.637655 0.786052 0.000000
vt  0.630717 0.785547 0.000000
vt  0.630717 0.785547 0.000000
vt  0.601579 0.785043 0.000000
vt  0.601579 0.785043 0.000000
vt  0.555192 0.784538 0.000000
vt  0.555192 0.784538 0.000000
vt  0.499431 0.784033 0.000000
vt  0.499431 0.784033 0.000000
vt  0.443767 0.783528 0.000000
vt  0.443767 0.783528 0.000000
vt  0.397652 0.783024 0.000000
vt  0.397652 0.783024 0.000000
vt  0.368919 0.782519 0.000000
vt  0.368919 0.782519 0.000000
vt  0.362447 0.782014 0.000000
vt  0.362447 0.782014 0.000000
vt  0.379335 0.781509 0.000000
vt  0.379335 0.781509 0.000000
vt  0.416714 0.781005 0.000000
vt  0.416714 0.781005 0.000000
vt  0.468238 0.780500 0.000000
vt  0.468238 0.780500 0.000000
vt  0.525155 0.779995 0.000000
vt  0.525155 0.779995 0.000000
vt  0.577801 0.779491 0.000000
vt  0.577801 0.779491 0.000000
vt  0.617234 0.778986 0.000000
vt  0.617234 0.778986 0.000000
vt  0.636758 0.778481 0.000000
vt  0.636758 0.778481 0.000000
vt  0.633057 0.777976 0.000000
vt  0.633057 0.777976 0.000000
vt  0.606759 0.777472 0.000000
vt  0.606759 0.777472 0.000000
vt  0.562331 0.776967 0.000000
vt  0.562331 0.776967 0.000000
vt  0.507318 0.776462 0.000000
vt  0.507318 0.776462 0.000000
vt  0.451062 0.775957 0.000000
vt  0.451062 0.775957 0.000000
vt  0.403117 0.775453 0.000000
vt  0.403117 0.775453 0.000000
vt  0.371625 0.774948 0.000000
vt  0.371625 0.774948 0.000000
vt  0.361934 0.774443 0.000000
vt  0.361934 0.774443 0.000000
vt  0.375691 0.773939 0.000000
vt  0.375691 0.773939 0.000000
vt  0.410558 0.773434 0.000000
vt  0.410558 0.773434 0.000000
vt  0.460615 0.772929 0.000000
vt  0.460615 0.772929 0.000000
vt  0.517361 0.772424 0.000000
vt  0.517361 0.772424 0.000000
vt  0.571158 0.771920 0.000000
vt  0.571158 0.771920 0.000000

vn  0.994541 0.104348 0.000000
vn  0.104348 -0.994541 0.000000
vn  0.104348 -0.994541 0.000000
vn  0.994541 0.104348 0.000000
vn  0.085215 -0.812183 0.577145
vn  0.085215 -0.812183 0.577145
vn  0.994541 0.104348 0.000000
vn  0.034832 -0.331985 0.942641
vn  0.034832 -0.331985 0.942641
vn  0.994541 0.104348 0.000000
vn  0.034832 -0.331985 0.942641
vn  0.034832 -0.331985 0.942641
vn  0.994541 0.104348 0.000000
vn  0.085215 -0.812183 0.577145
vn  0.085215 -0.812183 0.577145
vn  0.994541 0.104348 0.000000
vn  0.104348 -0.994541 0.000000
vn  0.104348 -0.994541 0.000000
vn  0.994541 0.104348 0.000000
vn  0.104348 -0.994541 -0.000000
vn  0.104348 -0.994541 0.000000
vn  0.994541 0.104348 0.000000
vn  0.085215 -0.812183 -0.577145
vn  0.085215 -0.812183 -0.577145
vn  0.994541 0.104348 0.000000
vn  0.034832 -0.331985 -0.942641
vn  0.034832 -0.331985 -0.942641
vn  0.994541 0.104348 0.000000
vn  0.034832 -0.331985 -0.942641
vn  0.034832 -0.331985 -0.942641
vn  0.994541 0.104348 0.000000
vn  0.085215 -0.812183 -0.577145
vn  0.085215 -0.812183 -0.577145
vn  0.994541 0.104348 0.000000
vn  0.104348 -0.994541 0.000000
vn  0.104348 -0.994541 0.000000
vn  0.994541 0.104348 0.000000
vn  0.000000 0.000000 1.000000
vn  0.104348 -0.994541 0.000000
vn  0.994541 0.104348 0.000000
vn  -0.104348 0.994541 0.000000
vn  0.000000 0.000000 1.000000
vn  0.994541 0.104348 0.000000
vn  -0.104348 0.994541 -0.000000
vn  -0.104348 0.994541 0.000000
vn  0.994541 0.104348 0.000000
vn  -0.085215 0.812183 0.577145
vn  -0.085215 0.812183 0.577145
vn  0.994541 0.104348 0.000000
vn  -0.034832 0.331985 0.942641
vn  -0.034832 0.331985 0.942641
vn  0.994541 0.104348 0.000000
vn  -0.034832 0.331985 0.942641
vn  -0.034832 0.331985 0.942641
vn  0.994541 0.104348 0.000000
vn  -0.085215 0.812183 0.577145
vn  -0.085215 0.812183 0.577145
vn  0.994541 0.104348 0.000000
vn  -0.104348 0.994541 0.000000
vn  -0.104348 0.994541 0.000000
vn  0.994541 0.104348 0.000000
vn  -0.104348 0.994541 -0.000000
vn  -0.104348 0.994541 0.000000
vn  0.994541 0.104348 0.000000
vn  -0.085215 0.812183 -0.577145
vn  -0.085215 0.812183 -0.577145
vn  0.994541 0.104348 0.000000
vn  -0.034832 0.331985 -0.942641
vn  -0.034832 0.331985 -0.942641
vn  0.994541 0.104348 0.000000
vn  -0.034832 0.331985 -0.942641
vn  -0.034832 0.331985 -0.942641
vn  0.994541 0.104348 0.000000
vn  -0.085215 0.812183 -0.577145
vn  -0.085215 0.812183 -0.577145
vn  0.994541 0.104348 0.000000
vn  -0.104348 0.994541 0.000000
vn  -0.104348 0.994541 -0.000000
vn  0.994541 0.104348 0.000000
vn  0.000000 0.000000 -1.000000
vn  -0.104348 0.994541 0.000000
vn  0.994541 0.104348 0.000000
vn  0.104348 -0.994541 0.000000
vn  0.000000 0.000000 -1.000000
vn  0.383688 -0.923463 0.000000
vn  0.000000 0.000000 -1.000000
vn  0.631149 -0.775662 0.000000
vn  0.000000 0.000000 -1.000000
vn  0.826172 -0.563418 0.000000
vn  0.000000 0.000000 -1.000000
vn  0.952555 -0.304366 0.000000
vn  0.000000 0.000000 -1.000000
vn  0.999799 -0.020028 0.000000
vn  0.000000 0.000000 -1.000000
vn  0.963981 0.265972 0.000000
vn  0.000000 0.000000 -1.000000
vn  0.848075 0.529876 0.000000
vn  0.000000 0.000000 -1.000000
vn  0.661713 0.749757 0.000000
vn  0.000000 0.000000 -1.000000
vn  0.420377 0.907350 0.000000
vn  0.000000 0.000000 -1.000000
vn  0.144117 0.989561 0.000000
vn  0.000000 0.000000 -1.000000
vn  -0.144117 0.989561 0.000000
vn  0.000000 0.000000 -1.000000
vn  -0.420377 0.907350 0.000000
vn  0.000000 0.000000 -1.000000
vn  -0.661713 0.749757 0.000000
vn  0.000000 0.000000 -1.000000
vn  -0.848075 0.529876 0.000000
vn  0.000000 0.000000 -1.000000
vn  -0.963981 0.265972 0.000000
vn  0.000000 0.000000 -1.000000
vn  -0.999799 -0.020028 0.000000
vn  0.000000 0.000000 -1.000000
vn  -0.952555 -0.304366 0.000000
vn  0.000000 0.000000 -1.000000
vn  -0.826172 -0.563418 0.000000
vn  0.000000 0.000000 -1.000000
vn  -0.631149 -0.775662 0.000000
vn  0.000000 0.000000 -1.000000
vn  -0.383688 -0.923463 0.000000
vn  0.000000 0.000000 -1.000000
vn  -0.104348 -0.994541 0.000000
vn  0.000000 0.000000 -1.000000
vn  -0.994541 0.104348 0.000000
vn  -0.104348 -0.994541 0.000000
vn  -0.104348 -0.994541 0.000000
vn  -0.994541 0.104348 0.000000
vn  -0.383683 -0.923465 0.000000
vn  -0.383683 -0.923465 0.000000
vn  -0.631142 -0.775667 0.000000
vn  -0.631142 -0.775667 0.000000
vn  -0.826166 -0.563427 0.000000
vn  -0.826166 -0.563427 0.000000
vn  -0.952551 -0.304378 0.000000
vn  -0.952551 -0.304378 0.000000
vn  -0.999799 -0.020040 0.000000
vn  -0.999799 -0.020040 0.000000
vn  -0.963984 0.265962 0.000000
vn  -0.963984 0.265962 0.000000
vn  -0.848080 0.529868 0.000000
vn  -0.848080 0.529868 0.000000
vn  -0.661718 0.749753 0.000000
vn  -0.661718 0.749753 0.000000
vn  -0.420381 0.907348 0.000000
vn  -0.420381 0.907348 0.000000
vn  -0.144118 0.989561 0.000000
vn  -0.144118 0.989561 0.000000
vn  0.144118 0.989561 0.000000
vn  0.144118 0.989561 0.000000
vn  0.420381 0.907348 0.000000
vn  0.420381 0.907348 0.000000
vn  0.661718 0.749753 0.000000
vn  0.661718 0.749753 0.000000
vn  0.848080 0.529868 0.000000
vn  0.848080 0.529868 0.000000
vn  0.963984 0.265962 0.000000
vn  0.963984 0.265962 0.000000
vn  0.999799 -0.020040 0.000000
vn  0.999799 -0.020040 0.000000
vn  0.952551 -0.304378 0.000000
vn  0.952551 -0.304378 0.000000
vn  0.826166 -0.563427 0.000000
vn  0.826166 -0.563427 0.000000
vn  0.631142 -0.775667 0.000000
vn  0.631142 -0.775667 0.000000
vn  0.383683 -0.923465 0.000000
vn  0.383683 -0.923465 0.000000
vn  0.000000 0.000000 -1.000000
vn  -0.383691 0.923461 0.000000
vn  0.000000 0.000000 -1.000000
vn  -0.631151 0.775660 0.000000
vn  0.000000 0.000000 -1.000000
vn  -0.826172 0.563418 0.000000
vn  0.000000 0.000000 -1.000000
vn  -0.952554 0.304371 0.000000
vn  0.000000 0.000000 -1.000000
vn  -0.999799 0.020039 0.000000
vn  0.000000 0.000000 -1.000000
vn  -0.963985 -0.265958 0.000000
vn  0.000000 0.000000 -1.000000
vn  -0.848085 -0.529860 0.000000
vn  0.000000 0.000000 -1.000000
vn  -0.661727 -0.749745 0.000000
vn  0.000000 0.000000 -1.000000
vn  -0.420391 -0.907343 0.000000
vn  0.000000 0.000000 -1.000000
vn  -0.144123 -0.989560 0.000000
vn  0.000000 0.000000 -1.000000
vn  0.144123 -0.989560 0.000000
vn  0.000000 0.000000 -1.000000
vn  0.420391 -0.907343 0.000000
vn  0.000000 0.000000 -1.000000
vn  0.661727 -0.749745 0.000000
vn  0.000000 0.000000 -1.000000
vn  0.848085 -0.529860 0.000000
vn  0.000000 0.000000 -1.000000
vn  0.963985 -0.265958 0.000000
vn  0.000000 0.000000 -1.000000
vn  0.999799 0.020039 0.000000
vn  0.000000 0.000000 -1.000000
vn  0.952554 0.304371 0.000000
vn  0.000000 0.000000 -1.000000
vn  0.826172 0.563418 0.000000
vn  0.000000 0.000000 -1.000000
vn  0.631151 0.775660 0.000000
vn  0.000000 0.000000 -1.000000
vn  0.383691 0.923461 0.000000
vn  0.000000 0.000000 -1.000000
vn  0.104348 0.994541 0.000000
vn  -0.994541 0.104348 0.000000
vn  -0.383683 0.923465 0.000000
vn  -0.383683 0.923465 -0.000000
vn  -0.631142 0.775667 0.000000
vn  -0.631142 0.775667 -0.000000
vn  -0.826166 0.563427 0.000000
vn  -0.826166 0.563427 -0.000000
vn  -0.952551 0.304378 0.000000
vn  -0.952551 0.304378 -0.000000
vn  -0.999799 0.020040 0.000000
vn  -0.999799 0.020040 -0.000000
vn  -0.963984 -0.265962 0.000000
vn  -0.963984 -0.265962 -0.000000
vn  -0.848080 -0.529868 0.000000
vn  -0.848080 -0.529868 -0.000000
vn  -0.661718 -0.749753 0.000000
vn  -0.661718 -0.749753 -0.000000
vn  -0.420381 -0.907348 0.000000
vn  -0.420381 -0.907348 -0.000000
vn  -0.144118 -0.989561 0.000000
vn  -0.144118 -0.989561 -0.000000
vn  0.144118 -0.989561 0.000000
vn  0.144118 -0.989561 -0.000000
vn  0.420381 -0.907348 0.000000
vn  0.420381 -0.907348 -0.000000
vn  0.661718 -0.749753 0.000000
vn  0.661718 -0.749753 -0.000000
vn  0.848080 -0.529868 0.000000
vn  0.848080 -0.529868 -0.000000
vn  0.963984 -0.265962 0.000000
vn  0.963984 -0.265962 -0.000000
vn  0.999799 0.020040 0.000000
vn  0.999799 0.020040 -0.000000
vn  0.952551 0.304378 0.000000
vn  0.952551 0.304378 -0.000000
vn  0.826166 0.563427 0.000000
vn  0.826166 0.563427 -0.000000
vn  0.631142 0.775667 0.000000
vn  0.631142 0.775667 -0.000000
vn  0.383683 0.923465 0.000000
vn  0.383683 0.923465 -0.000000
vn  0.104348 0.994541 0.000000
vn  0.104348 0.994541 -0.000000
vn  -0.994541 0.104348 0.000000
vn  -0.128076 0.308259 -0.942641
vn  -0.128076 0.308259 -0.942641
vn  -0.210680 0.258923 -0.942641
vn  -0.210680 0.258923 -0.942641
vn  -0.275780 0.188076 -0.942641
vn  -0.275780 0.188076 -0.942641
vn  -0.317968 0.101603 -0.942641
vn  -0.317968 0.101603 -0.942641
vn  -0.333740 0.006690 -0.942641
vn  -0.333740 0.006690 -0.942641
vn  -0.321784 -0.088780 -0.942641
vn  -0.321784 -0.088780 -0.942641
vn  -0.283095 -0.176874 -0.942641
vn  -0.283095 -0.176874 -0.942641
vn  -0.220886 -0.250273 -0.942641
vn  -0.220886 -0.250273 -0.942641
vn  -0.140326 -0.302879 -0.942641
vn  -0.140326 -0.302879 -0.942641
vn  -0.048108 -0.330322 -0.942641
vn  -0.048108 -0.330322 -0.942641
vn  0.048108 -0.330322 -0.942641
vn  0.048108 -0.330322 -0.942641
vn  0.140326 -0.302879 -0.942641
vn  0.140326 -0.302879 -0.942641
vn  0.220886 -0.250273 -0.942641
vn  0.220886 -0.250273 -0.942641
vn  0.283095 -0.176874 -0.942641
vn  0.283095 -0.176874 -0.942641
vn  0.321784 -0.088780 -0.942641
vn  0.321784 -0.088780 -0.942641
vn  0.333740 0.006690 -0.942641
vn  0.333740 0.006690 -0.942641
vn  0.317968 0.101603 -0.942641
vn  0.317968 0.101603 -0.942641
vn  0.275780 0.188076 -0.942641
vn  0.275780 0.188076 -0.942641
vn  0.210680 0.258923 -0.942641
vn  0.210680 0.258923 -0.942641
vn  0.128076 0.308259 -0.942641
vn  0.128076 0.308259 -0.942641
vn  0.034832 0.331985 -0.942641
vn  0.034832 0.331985 -0.942641
vn  -0.994541 0.104348 0.000000
vn  0.085215 0.812183 -0.577145
vn  0.085215 0.812183 -0.577145
vn  -0.994541 0.104348 0.000000
vn  0.303390 0.758194 -0.577145
vn  0.498584 0.646774 -0.577145
vn  0.656013 0.486364 -0.577145
vn  0.763752 0.289114 -0.577145
vn  0.813639 0.069965 -0.577145
vn  0.801897 -0.154484 -0.577145
vn  0.729414 -0.367232 -0.577145
vn  0.601681 -0.552163 -0.577145
vn  0.428373 -0.695270 -0.577145
vn  0.222618 -0.785713 -0.577145
vn  -0.000000 -0.816642 -0.577145
vn  -0.222618 -0.785713 -0.577145
vn  -0.428373 -0.695270 -0.577145
vn  -0.601681 -0.552163 -0.577145
vn  -0.729414 -0.367232 -0.577145
vn  -0.801897 -0.154484 -0.577145
vn  -0.813639 0.069965 -0.577145
vn  -0.763752 0.289114 -0.577145
vn  -0.656013 0.486364 -0.577145
vn  -0.498584 0.646774 -0.577145
vn  -0.303390 0.758194 -0.577145
vn  -0.082313 0.323499 -0.942641
vn  -0.082313 0.323499 -0.942641
vn  -0.128076 0.308259 -0.942641
vn  -0.128076 0.308259 -0.942641
vn  -0.171165 0.286583 -0.942641
vn  -0.171165 0.286583 -0.942641
vn  -0.210680 0.258923 -0.942641
vn  -0.210680 0.258923 -0.942641
vn  -0.245796 0.225857 -0.942641
vn  -0.245796 0.225857 -0.942641
vn  -0.275780 0.188076 -0.942641
vn  -0.275780 0.188076 -0.942641
vn  -0.300006 0.146368 -0.942641
vn  -0.300006 0.146368 -0.942641
vn  -0.317968 0.101603 -0.942641
vn  -0.317968 0.101603 -0.942641
vn  -0.329292 0.054718 -0.942641
vn  -0.329292 0.054718 -0.942641
vn  -0.333740 0.006690 -0.942641
vn  -0.333740 0.006690 -0.942641
vn  -0.331220 -0.041478 -0.942641
vn  -0.331220 -0.041478 -0.942641
vn  -0.321784 -0.088780 -0.942641
vn  -0.321784 -0.088780 -0.942641
vn  -0.305630 -0.134228 -0.942641
vn  -0.305630 -0.134228 -0.942641
vn  -0.283095 -0.176874 -0.942641
vn  -0.283095 -0.176874 -0.942641
vn  -0.254649 -0.215826 -0.942641
vn  -0.254649 -0.215826 -0.942641
vn  -0.220886 -0.250273 -0.942641
vn  -0.220886 -0.250273 -0.942641
vn  -0.182511 -0.279494 -0.942641
vn  -0.182511 -0.279494 -0.942641
vn  -0.140326 -0.302879 -0.942641
vn  -0.140326 -0.302879 -0.942641
vn  -0.095211 -0.319941 -0.942641
vn  -0.095211 -0.319941 -0.942641
vn  -0.048108 -0.330322 -0.942641
vn  -0.048108 -0.330322 -0.942641
vn  0.000000 -0.333807 -0.942641
vn  0.000000 -0.333807 -0.942641
vn  0.048108 -0.330322 -0.942641
vn  0.048108 -0.330322 -0.942641
vn  0.095211 -0.319941 -0.942641
vn  0.095211 -0.319941 -0.942641
vn  0.140326 -0.302879 -0.942641
vn  0.140326 -0.302879 -0.942641
vn  0.182511 -0.279494 -0.942641
vn  0.182511 -0.279494 -0.942641
vn  0.220886 -0.250273 -0.942641
vn  0.220886 -0.250273 -0.942641
vn  0.254649 -0.215826 -0.942641
vn  0.254649 -0.215826 -0.942641
vn  0.283095 -0.176874 -0.942641
vn  0.283095 -0.176874 -0.942641
vn  0.305630 -0.134228 -0.942641
vn  0.305630 -0.134228 -0.942641
vn  0.321784 -0.088780 -0.942641
vn  0.321784 -0.088780 -0.942641
vn  0.331220 -0.041478 -0.942641
vn  0.331220 -0.041478 -0.942641
vn  0.333740 0.006690 -0.942641
vn  0.333740 0.006690 -0.942641
vn  0.329292 0.054718 -0.942641
vn  0.329292 0.054718 -0.942641
vn  0.317968 0.101603 -0.942641
vn  0.317968 0.101603 -0.942641
vn  0.300006 0.146368 -0.942641
vn  0.300006 0.146368 -0.942641
vn  0.275780 0.188076 -0.942641
vn  0.275780 0.188076 -0.942641
vn  0.245796 0.225857 -0.942641
vn  0.245796 0.225857 -0.942641
vn  0.210680 0.258923 -0.942641
vn  0.210680 0.258923 -0.942641
vn  0.171165 0.286583 -0.942641
vn  0.171165 0.286583 -0.942641
vn  0.128076 0.308259 -0.942641
vn  0.128076 0.308259 -0.942641
vn  0.082313 0.323499 -0.942641
vn  0.082313 0.323499 -0.942641
vn  0.034832 0.331985 -0.942641
vn  0.034832 0.331985 -0.942641
vn  -0.994541 0.104348 0.000000
vn  0.917351 0.398079 -0.000000
vn  0.917351 0.398079 0.000000
vn  -0.917351 -0.398079 0.000000
vn  0.484646 -0.868068 -0.107594
vn  0.800138 0.599816 -0.000000
vn  -0.800138 -0.599816 0.000000
vn  0.639368 0.768901 -0.000000
vn  -0.639368 -0.768901 0.000000
vn  0.443793 0.896129 -0.000000
vn  -0.443793 -0.896129 0.000000
vn  0.224059 0.974576 -0.000000
vn  0.224059 0.974576 0.000000
vn  -0.224059 -0.974576 0.000000
vn  -0.224059 -0.974576 0.000000
vn  0.164507 0.986376 -0.000000
vn  0.164507 0.986376 0.000000
vn  0.104348 0.994541 -0.000000
vn  0.104348 0.994541 0.000000
vn  -0.994541 0.104348 0.000000
vn  0.085215 0.812183 -0.577145
vn  0.085215 0.812183 -0.577145
vn  -0.994541 0.104348 0.000000
vn  0.294267 0.761781 -0.577145
vn  0.482914 0.658557 -0.577145
vn  0.638076 0.509669 -0.577145
vn  0.748994 0.325440 -0.577145
vn  0.807977 0.118645 -0.577145
vn  0.810935 -0.096377 -0.577145
vn  0.757662 -0.304716 -0.577145
vn  0.651853 -0.491926 -0.577145
vn  0.500845 -0.645026 -0.577145
vn  0.315108 -0.753399 -0.577145
vn  0.107521 -0.809532 -0.577145
vn  -0.107521 -0.809532 -0.577145
vn  -0.315108 -0.753399 -0.577145
vn  -0.500845 -0.645026 -0.577145
vn  -0.651853 -0.491926 -0.577145
vn  -0.757662 -0.304716 -0.577145
vn  -0.810935 -0.096377 -0.577145
vn  -0.807977 0.118645 -0.577145
vn  -0.748994 0.325440 -0.577145
vn  -0.638076 0.509669 -0.577145
vn  -0.482914 0.658557 -0.577145
vn  -0.294267 0.761781 -0.577145
vn  -0.164507 0.986376 -0.000000
vn  -0.164507 0.986376 0.000000
vn  -0.224059 0.974576 -0.000000
vn  -0.224059 0.974576 0.000000
vn  0.224059 -0.974576 0.000000
vn  0.224059 -0.974576 0.000000
vn  -0.443793 0.896129 -0.000000
vn  0.443793 -0.896129 0.000000
vn  -0.639368 0.768901 -0.000000
vn  0.639368 -0.768901 0.000000
vn  -0.800138 0.599816 -0.000000
vn  0.800138 -0.599816 0.000000
vn  -0.917351 0.398079 -0.000000
vn  -0.917351 0.398079 0.000000
vn  0.917351 -0.398079 0.000000
vn  -0.484646 -0.868068 -0.107594
vn  -0.964308 0.264783 -0.000000
vn  -0.964308 0.264783 0.000000
vn  -0.992005 0.126198 -0.000000
vn  -0.992005 0.126198 0.000000
vn  -0.999889 -0.014907 -0.000000
vn  -0.999889 -0.014907 0.000000
vn  -0.987802 -0.155715 -0.000000
vn  -0.987802 -0.155715 0.000000
vn  -0.955986 -0.293413 -0.000000
vn  -0.955986 -0.293413 0.000000
vn  -0.905076 -0.425250 -0.000000
vn  -0.905076 -0.425250 0.000000
vn  -0.836089 -0.548594 -0.000000
vn  -0.836089 -0.548594 0.000000
vn  -0.750403 -0.660980 -0.000000
vn  -0.750403 -0.660980 0.000000
vn  -0.649730 -0.760165 0.000000
vn  -0.649730 -0.760165 0.000000
vn  -0.536079 -0.844168 -0.000000
vn  -0.536079 -0.844168 0.000000
vn  -0.411721 -0.911310 -0.000000
vn  -0.411721 -0.911310 0.000000
vn  -0.279140 -0.960250 -0.000000
vn  -0.279140 -0.960250 0.000000
vn  -0.140984 -0.990012 -0.000000
vn  -0.140984 -0.990012 0.000000
vn  -0.000012 -1.000000 -0.000000
vn  -0.000012 -1.000000 0.000000
vn  0.140960 -0.990015 -0.000000
vn  0.140960 -0.990015 0.000000
vn  0.279117 -0.960257 -0.000000
vn  0.279117 -0.960257 0.000000
vn  0.411699 -0.911320 -0.000000
vn  0.411699 -0.911320 0.000000
vn  0.536058 -0.844181 -0.000000
vn  0.536058 -0.844181 0.000000
vn  0.649711 -0.760181 -0.000000
vn  0.649711 -0.760181 0.000000
vn  0.750387 -0.660999 -0.000000
vn  0.750387 -0.660999 0.000000
vn  0.836076 -0.548614 -0.000000
vn  0.836076 -0.548614 0.000000
vn  0.905066 -0.425272 -0.000000
vn  0.905066 -0.425272 0.000000
vn  0.955979 -0.293435 -0.000000
vn  0.955979 -0.293435 0.000000
vn  0.987798 -0.155740 -0.000000
vn  0.987798 -0.155740 0.000000
vn  0.999889 -0.014929 -0.000000
vn  0.999889 -0.014929 0.000000
vn  0.992009 0.126169 -0.000000
vn  0.992009 0.126169 0.000000
vn  0.964313 0.264765 -0.000000
vn  0.964313 0.264765 0.000000
vn  -0.224059 0.974576 0.000000
vn  -0.224059 0.974576 0.000000
vn  0.224059 -0.974576 0.000000
vn  0.224059 -0.974576 0.000000
vn  -0.164507 0.986376 0.000000
vn  -0.164507 0.986376 0.000000
vn  0.224059 0.974576 0.000000
vn  0.224059 0.974576 0.000000
vn  -0.224059 -0.974576 0.000000
vn  -0.224059 -0.974576 0.000000
vn  0.164507 0.986376 0.000000
vn  0.164507 0.986376 0.000000
vn  0.104348 0.994541 0.000000
vn  0.104348 0.994541 0.000000
vn  -0.994541 0.104348 0.000000
vn  -0.917351 0.398079 0.000000
vn  -0.917351 0.398079 0.000000
vn  0.917351 -0.398079 0.000000
vn  -0.484646 -0.868068 0.107594
vn  -0.964308 0.264783 0.000000
vn  -0.964308 0.264783 0.000000
vn  -0.992005 0.126198 0.000000
vn  -0.992005 0.126198 0.000000
vn  -0.999889 -0.014907 0.000000
vn  -0.999889 -0.014907 0.000000
vn  -0.987802 -0.155715 0.000000
vn  -0.987802 -0.155715 0.000000
vn  -0.955986 -0.293413 0.000000
vn  -0.955986 -0.293413 0.000000
vn  -0.905076 -0.425250 0.000000
vn  -0.905076 -0.425250 0.000000
vn  -0.836089 -0.548594 0.000000
vn  -0.836089 -0.548594 0.000000
vn  -0.750403 -0.660980 0.000000
vn  -0.750403 -0.660980 0.000000
vn  -0.649730 -0.760165 0.000000
vn  -0.649730 -0.760165 0.000000
vn  -0.536079 -0.844168 0.000000
vn  -0.536079 -0.844168 0.000000
vn  -0.411721 -0.911310 0.000000
vn  -0.411721 -0.911310 0.000000
vn  -0.279140 -0.960250 0.000000
vn  -0.279140 -0.960250 0.000000
vn  -0.140984 -0.990012 0.000000
vn  -0.140984 -0.990012 0.000000
vn  -0.000012 -1.000000 0.000000
vn  -0.000012 -1.000000 0.000000
vn  0.140960 -0.990015 0.000000
vn  0.140960 -0.990015 0.000000
vn  0.279117 -0.960257 0.000000
vn  0.279117 -0.960257 0.000000
vn  0.411699 -0.911320 0.000000
vn  0.411699 -0.911320 0.000000
vn  0.536058 -0.844181 0.000000
vn  0.536058 -0.844181 0.000000
vn  0.649711 -0.760181 0.000000
vn  0.649711 -0.760181 0.000000
vn  0.750387 -0.660999 0.000000
vn  0.750387 -0.660999 0.000000
vn  0.836076 -0.548614 0.000000
vn  0.836076 -0.548614 0.000000
vn  0.905066 -0.425272 0.000000
vn  0.905066 -0.425272 0.000000
vn  0.955979 -0.293435 0.000000
vn  0.955979 -0.293435 0.000000
vn  0.987798 -0.155740 0.000000
vn  0.987798 -0.155740 0.000000
vn  0.999889 -0.014929 0.000000
vn  0.999889 -0.014929 0.000000
vn  0.992009 0.126169 0.000000
vn  0.992009 0.126169 0.000000
vn  0.964313 0.264765 0.000000
vn  0.964313 0.264765 0.000000
vn  0.917351 0.398079 0.000000
vn  0.917351 0.398079 0.000000
vn  -0.917351 -0.398079 0.000000
vn  0.484646 -0.868068 0.107594
vn  0.918376 0.395708 0.000000
vn  0.487476 -0.873136 0.000000
vn  -0.918376 0.395708 0.000000
vn  -0.487476 -0.873136 -0.000000
vn  -0.800138 0.599816 -0.000000
vn  0.800138 -0.599816 0.000000
vn  -0.639368 0.768901 -0.000000
vn  0.639368 -0.768901 0.000000
vn  -0.443793 0.896129 0.000000
vn  0.443793 -0.896129 0.000000
vn  -0.294267 0.761781 0.577145
vn  -0.482914 0.658557 0.577145
vn  -0.638076 0.509669 0.577145
vn  -0.748994 0.325440 0.577145
vn  -0.807977 0.118645 0.577145
vn  -0.810935 -0.096377 0.577145
vn  -0.757662 -0.304716 0.577145
vn  -0.651853 -0.491926 0.577145
vn  -0.500845 -0.645026 0.577145
vn  -0.315108 -0.753399 0.577145
vn  -0.107521 -0.809532 0.577145
vn  0.107521 -0.809532 0.577145
vn  0.315108 -0.753399 0.577145
vn  0.500845 -0.645026 0.577145
vn  0.651853 -0.491926 0.577145
vn  0.757662 -0.304716 0.577145
vn  0.810935 -0.096377 0.577145
vn  0.807977 0.118645 0.577145
vn  0.748994 0.325440 0.577145
vn  0.638076 0.509669 0.577145
vn  0.482914 0.658557 0.577145
vn  0.294267 0.761781 0.577145
vn  0.085215 0.812183 0.577145
vn  0.085215 0.812183 0.577145
vn  -0.994541 0.104348 0.000000
vn  0.443793 0.896129 0.000000
vn  -0.443793 -0.896129 0.000000
vn  0.639368 0.768901 0.000000
vn  -0.639368 -0.768901 0.000000
vn  0.800138 0.599816 0.000000
vn  -0.800138 -0.599816 0.000000
vn  -0.082313 0.323499 0.942641
vn  -0.082313 0.323499 0.942641
vn  -0.128076 0.308259 0.942641
vn  -0.128076 0.308259 0.942641
vn  -0.171165 0.286583 0.942641
vn  -0.171165 0.286583 0.942641
vn  -0.210680 0.258923 0.942641
vn  -0.210680 0.258923 0.942641
vn  -0.245796 0.225857 0.942641
vn  -0.245796 0.225857 0.942641
vn  -0.275780 0.188076 0.942641
vn  -0.275780 0.188076 0.942641
vn  -0.300006 0.146368 0.942641
vn  -0.300006 0.146368 0.942641
vn  -0.317968 0.101603 0.942641
vn  -0.317968 0.101603 0.942641
vn  -0.329292 0.054718 0.942641
vn  -0.329292 0.054718 0.942641
vn  -0.333740 0.006690 0.942641
vn  -0.333740 0.006690 0.942641
vn  -0.331220 -0.041478 0.942641
vn  -0.331220 -0.041478 0.942641
vn  -0.321784 -0.088780 0.942641
vn  -0.321784 -0.088780 0.942641
vn  -0.305630 -0.134228 0.942641
vn  -0.305630 -0.134228 0.942641
vn  -0.283095 -0.176874 0.942641
vn  -0.283095 -0.176874 0.942641
vn  -0.254649 -0.215826 0.942641
vn  -0.254649 -0.215826 0.942641
vn  -0.220886 -0.250273 0.942641
vn  -0.220886 -0.250273 0.942641
vn  -0.182511 -0.279494 0.942641
vn  -0.182511 -0.279494 0.942641
vn  -0.140326 -0.302879 0.942641
vn  -0.140326 -0.302879 0.942641
vn  -0.095211 -0.319941 0.942641
vn  -0.095211 -0.319941 0.942641
vn  -0.048108 -0.330322 0.942641
vn  -0.048108 -0.330322 0.942641
vn  0.000000 -0.333807 0.942641
vn  0.000000 -0.333807 0.942641
vn  0.048108 -0.330322 0.942641
vn  0.048108 -0.330322 0.942641
vn  0.095211 -0.319941 0.942641
vn  0.095211 -0.319941 0.942641
vn  0.140326 -0.302879 0.942641
vn  0.140326 -0.302879 0.942641
vn  0.182511 -0.279494 0.942641
vn  0.182511 -0.279494 0.942641
vn  0.220886 -0.250273 0.942641
vn  0.220886 -0.250273 0.942641
vn  0.254649 -0.215826 0.942641
vn  0.254649 -0.215826 0.942641
vn  0.283095 -0.176874 0.942641
vn  0.283095 -0.176874 0.942641
vn  0.305630 -0.134228 0.942641
vn  0.305630 -0.134228 0.942641
vn  0.321784 -0.088780 0.942641
vn  0.321784 -0.088780 0.942641
vn  0.331220 -0.041478 0.942641
vn  0.331220 -0.041478 0.942641
vn  0.333740 0.006690 0.942641
vn  0.333740 0.006690 0.942641
vn  0.329292 0.054718 0.942641
vn  0.329292 0.054718 0.942641
vn  0.317968 0.101603 0.942641
vn  0.317968 0.101603 0.942641
vn  0.300006 0.146368 0.942641
vn  0.300006 0.146368 0.942641
vn  0.275780 0.188076 0.942641
vn  0.275780 0.188076 0.942641
vn  0.245796 0.225857 0.942641
vn  0.245796 0.225857 0.942641
vn  0.210680 0.258923 0.942641
vn  0.210680 0.258923 0.942641
vn  0.171165 0.286583 0.942641
vn  0.171165 0.286583 0.942641
vn  0.128076 0.308259 0.942641
vn  0.128076 0.308259 0.942641
vn  0.082313 0.323499 0.942641
vn  0.082313 0.323499 0.942641
vn  0.034832 0.331985 0.942641
vn  0.034832 0.331985 0.942641
vn  -0.994541 0.104348 0.000000
vn  -0.128076 0.308259 0.942641
vn  -0.128076 0.308259 0.942641
vn  -0.210680 0.258923 0.942641
vn  -0.210680 0.258923 0.942641
vn  -0.275780 0.188076 0.942641
vn  -0.275780 0.188076 0.942641
vn  -0.317968 0.101603 0.942641
vn  -0.317968 0.101603 0.942641
vn  -0.333740 0.006690 0.942641
vn  -0.333740 0.006690 0.942641
vn  -0.321784 -0.088780 0.942641
vn  -0.321784 -0.088780 0.942641
vn  -0.283095 -0.176874 0.942641
vn  -0.283095 -0.176874 0.942641
vn  -0.220886 -0.250273 0.942641
vn  -0.220886 -0.250273 0.942641
vn  -0.140326 -0.302879 0.942641
vn  -0.140326 -0.302879 0.942641
vn  -0.048108 -0.330322 0.942641
vn  -0.048108 -0.330322 0.942641
vn  0.048108 -0.330322 0.942641
vn  0.048108 -0.330322 0.942641
vn  0.140326 -0.302879 0.942641
vn  0.140326 -0.302879 0.942641
vn  0.220886 -0.250273 0.942641
vn  0.220886 -0.250273 0.942641
vn  0.283095 -0.176874 0.942641
vn  0.283095 -0.176874 0.942641
vn  0.321784 -0.088780 0.942641
vn  0.321784 -0.088780 0.942641
vn  0.333740 0.006690 0.942641
vn  0.333740 0.006690 0.942641
vn  0.317968 0.101603 0.942641
vn  0.317968 0.101603 0.942641
vn  0.275780 0.188076 0.942641
vn  0.275780 0.188076 0.942641
vn  0.210680 0.258923 0.942641
vn  0.210680 0.258923 0.942641
vn  0.128076 0.308259 0.942641
vn  0.128076 0.308259 0.942641
vn  0.034832 0.331985 0.942641
vn  0.034832 0.331985 0.942641
vn  -0.994541 0.104348 0.000000
vn  -0.383683 0.923465 -0.000000
vn  -0.383683 0.923465 0.000000
vn  -0.631142 0.775667 -0.000000
vn  -0.631142 0.775667 0.000000
vn  -0.826166 0.563427 -0.000000
vn  -0.826166 0.563427 0.000000
vn  -0.952551 0.304378 -0.000000
vn  -0.952551 0.304378 0.000000
vn  -0.999799 0.020040 -0.000000
vn  -0.999799 0.020040 0.000000
vn  -0.963984 -0.265962 -0.000000
vn  -0.963984 -0.265962 0.000000
vn  -0.848080 -0.529868 -0.000000
vn  -0.848080 -0.529868 0.000000
vn  -0.661718 -0.749753 -0.000000
vn  -0.661718 -0.749753 0.000000
vn  -0.420381 -0.907348 -0.000000
vn  -0.420381 -0.907348 0.000000
vn  -0.144118 -0.989561 -0.000000
vn  -0.144118 -0.989561 0.000000
vn  0.144118 -0.989561 -0.000000
vn  0.144118 -0.989561 0.000000
vn  0.420381 -0.907348 -0.000000
vn  0.420381 -0.907348 0.000000
vn  0.661718 -0.749753 -0.000000
vn  0.661718 -0.749753 0.000000
vn  0.848080 -0.529868 -0.000000
vn  0.848080 -0.529868 0.000000
vn  0.963984 -0.265962 -0.000000
vn  0.963984 -0.265962 0.000000
vn  0.999799 0.020040 -0.000000
vn  0.999799 0.020040 0.000000
vn  0.952551 0.304378 -0.000000
vn  0.952551 0.304378 0.000000
vn  0.826166 0.563427 -0.000000
vn  0.826166 0.563427 0.000000
vn  0.631142 0.775667 -0.000000
vn  0.631142 0.775667 0.000000
vn  0.383683 0.923465 -0.000000
vn  0.383683 0.923465 0.000000
vn  0.104348 0.994541 -0.000000
vn  0.104348 0.994541 0.000000
vn  -0.994541 0.104348 0.000000
vn  0.085215 0.812183 0.577145
vn  0.085215 0.812183 0.577145
vn  -0.994541 0.104348 0.000000
vn  0.303390 0.758194 0.577145
vn  0.498584 0.646774 0.577145
vn  0.656013 0.486364 0.577145
vn  0.763752 0.289114 0.577145
vn  0.813639 0.069965 0.577145
vn  0.801897 -0.154484 0.577145
vn  0.729414 -0.367232 0.577145
vn  0.601681 -0.552163 0.577145
vn  0.428373 -0.695270 0.577145
vn  0.222618 -0.785713 0.577145
vn  -0.000000 -0.816642 0.577145
vn  -0.222618 -0.785713 0.577145
vn  -0.428373 -0.695270 0.577145
vn  -0.601681 -0.552163 0.577145
vn  -0.729414 -0.367232 0.577145
vn  -0.801897 -0.154484 0.577145
vn  -0.813639 0.069965 0.577145
vn  -0.763752 0.289114 0.577145
vn  -0.656013 0.486364 0.577145
vn  -0.498584 0.646774 0.577145
vn  -0.303390 0.758194 0.577145
vn  -0.383691 0.923461 0.000000
vn  0.000000 0.000000 1.000000
vn  -0.631151 0.775660 0.000000
vn  0.000000 0.000000 1.000000
vn  -0.826172 0.563418 0.000000
vn  0.000000 0.000000 1.000000
vn  -0.952554 0.304371 0.000000
vn  0.000000 0.000000 1.000000
vn  -0.999799 0.020039 0.000000
vn  0.000000 0.000000 1.000000
vn  -0.963985 -0.265958 0.000000
vn  0.000000 0.000000 1.000000
vn  -0.848085 -0.529860 0.000000
vn  0.000000 0.000000 1.000000
vn  -0.661727 -0.749745 0.000000
vn  0.000000 0.000000 1.000000
vn  -0.420391 -0.907343 0.000000
vn  0.000000 0.000000 1.000000
vn  -0.144123 -0.989560 0.000000
vn  0.000000 0.000000 1.000000
vn  0.144123 -0.989560 0.000000
vn  0.000000 0.000000 1.000000
vn  0.420391 -0.907343 0.000000
vn  0.000000 0.000000 1.000000
vn  0.661727 -0.749745 0.000000
vn  0.000000 0.000000 1.000000
vn  0.848085 -0.529860 0.000000
vn  0.000000 0.000000 1.000000
vn  0.963985 -0.265958 0.000000
vn  0.000000 0.000000 1.000000
vn  0.999799 0.020039 0.000000
vn  0.000000 0.000000 1.000000
vn  0.952554 0.304371 0.000000
vn  0.000000 0.000000 1.000000
vn  0.826172 0.563418 0.000000
vn  0.000000 0.000000 1.000000
vn  0.631151 0.775660 0.000000
vn  0.000000 0.000000 1.000000
vn  0.383691 0.923461 0.000000
vn  0.000000 0.000000 1.000000
vn  0.104348 0.994541 0.000000
vn  0.000000 0.000000 1.000000
vn  -0.994541 0.104348 0.000000
vn  0.000000 0.000000 1.000000
vn  -0.104348 -0.994541 0.000000
vn  -0.994541 0.104348 0.000000
vn  0.000000 0.000000 1.000000
vn  0.383688 -0.923463 0.000000
vn  0.000000 0.000000 1.000000
vn  0.631149 -0.775662 0.000000
vn  0.000000 0.000000 1.000000
vn  0.826172 -0.563418 0.000000
vn  0.000000 0.000000 1.000000
vn  0.952555 -0.304366 0.000000
vn  0.000000 0.000000 1.000000
vn  0.999799 -0.020028 0.000000
vn  0.000000 0.000000 1.000000
vn  0.963981 0.265972 0.000000
vn  0.000000 0.000000 1.000000
vn  0.848075 0.529876 0.000000
vn  0.000000 0.000000 1.000000
vn  0.661713 0.749757 0.000000
vn  0.000000 0.000000 1.000000
vn  0.420377 0.907350 0.000000
vn  0.000000 0.000000 1.000000
vn  0.144117 0.989561 0.000000
vn  0.000000 0.000000 1.000000
vn  -0.144117 0.989561 0.000000
vn  0.000000 0.000000 1.000000
vn  -0.420377 0.907350 0.000000
vn  0.000000 0.000000 1.000000
vn  -0.661713 0.749757 0.000000
vn  0.000000 0.000000 1.000000
vn  -0.848075 0.529876 0.000000
vn  0.000000 0.000000 1.000000
vn  -0.963981 0.265972 0.000000
vn  0.000000 0.000000 1.000000
vn  -0.999799 -0.020028 0.000000
vn  0.000000 0.000000 1.000000
vn  -0.952555 -0.304366 0.000000
vn  0.000000 0.000000 1.000000
vn  -0.826172 -0.563418 0.000000
vn  0.000000 0.000000 1.000000
vn  -0.631149 -0.775662 0.000000
vn  0.000000 0.000000 1.000000
vn  -0.383688 -0.923463 0.000000
vn  0.383683 -0.923465 0.000000
vn  0.383683 -0.923465 0.000000
vn  0.631142 -0.775667 0.000000
vn  0.631142 -0.775667 0.000000
vn  0.826166 -0.563427 0.000000
vn  0.826166 -0.563427 0.000000
vn  0.952551 -0.304378 0.000000
vn  0.952551 -0.304378 0.000000
vn  0.999799 -0.020040 0.000000
vn  0.999799 -0.020040 0.000000
vn  0.963984 0.265962 0.000000
vn  0.963984 0.265962 0.000000
vn  0.848080 0.529868 0.000000
vn  0.848080 0.529868 0.000000
vn  0.661718 0.749753 0.000000
vn  0.661718 0.749753 0.000000
vn  0.420381 0.907348 0.000000
vn  0.420381 0.907348 0.000000
vn  0.144118 0.989561 0.000000
vn  0.144118 0.989561 0.000000
vn  -0.144118 0.989561 0.000000
vn  -0.144118 0.989561 0.000000
vn  -0.420381 0.907348 0.000000
vn  -0.420381 0.907348 0.000000
vn  -0.661718 0.749753 0.000000
vn  -0.661718 0.749753 0.000000
vn  -0.848080 0.529868 0.000000
vn  -0.848080 0.529868 0.000000
vn  -0.963984 0.265962 0.000000
vn  -0.963984 0.265962 0.000000
vn  -0.999799 -0.020040 0.000000
vn  -0.999799 -0.020040 0.000000
vn  -0.952551 -0.304378 0.000000
vn  -0.952551 -0.304378 0.000000
vn  -0.826166 -0.563427 0.000000
vn  -0.826166 -0.563427 0.000000
vn  -0.631142 -0.775667 0.000000
vn  -0.631142 -0.775667 0.000000
vn  -0.383683 -0.923465 0.000000
vn  -0.383683 -0.923465 0.000000
vn  -0.104348 -0.994541 0.000000
vn  -0.104348 -0.994541 -0.000000
vn  -0.994541 0.104348 0.000000
vn  0.128076 -0.308259 -0.942641
vn  0.128076 -0.308259 -0.942641
vn  0.210680 -0.258923 -0.942641
vn  0.210680 -0.258923 -0.942641
vn  0.275780 -0.188076 -0.942641
vn  0.275780 -0.188076 -0.942641
vn  0.317968 -0.101603 -0.942641
vn  0.317968 -0.101603 -0.942641
vn  0.333740 -0.006690 -0.942641
vn  0.333740 -0.006690 -0.942641
vn  0.321784 0.088780 -0.942641
vn  0.321784 0.088780 -0.942641
vn  0.283095 0.176874 -0.942641
vn  0.283095 0.176874 -0.942641
vn  0.220886 0.250273 -0.942641
vn  0.220886 0.250273 -0.942641
vn  0.140326 0.302879 -0.942641
vn  0.140326 0.302879 -0.942641
vn  0.048108 0.330322 -0.942641
vn  0.048108 0.330322 -0.942641
vn  -0.048108 0.330322 -0.942641
vn  -0.048108 0.330322 -0.942641
vn  -0.140326 0.302879 -0.942641
vn  -0.140326 0.302879 -0.942641
vn  -0.220886 0.250273 -0.942641
vn  -0.220886 0.250273 -0.942641
vn  -0.283095 0.176874 -0.942641
vn  -0.283095 0.176874 -0.942641
vn  -0.321784 0.088780 -0.942641
vn  -0.321784 0.088780 -0.942641
vn  -0.333740 -0.006690 -0.942641
vn  -0.333740 -0.006690 -0.942641
vn  -0.317968 -0.101603 -0.942641
vn  -0.317968 -0.101603 -0.942641
vn  -0.275780 -0.188076 -0.942641
vn  -0.275780 -0.188076 -0.942641
vn  -0.210680 -0.258923 -0.942641
vn  -0.210680 -0.258923 -0.942641
vn  -0.128076 -0.308259 -0.942641
vn  -0.128076 -0.308259 -0.942641
vn  -0.034832 -0.331985 -0.942641
vn  -0.034832 -0.331985 -0.942641
vn  -0.994541 0.104348 0.000000
vn  -0.085215 -0.812183 -0.577145
vn  -0.085215 -0.812183 -0.577145
vn  -0.994541 0.104348 0.000000
vn  -0.303390 -0.758194 -0.577145
vn  -0.498584 -0.646774 -0.577145
vn  -0.656013 -0.486364 -0.577145
vn  -0.763752 -0.289114 -0.577145
vn  -0.813639 -0.069965 -0.577145
vn  -0.801897 0.154484 -0.577145
vn  -0.729414 0.367232 -0.577145
vn  -0.601681 0.552163 -0.577145
vn  -0.428373 0.695270 -0.577145
vn  -0.222618 0.785713 -0.577145
vn  0.000000 0.816642 -0.577145
vn  0.222618 0.785713 -0.577145
vn  0.428373 0.695270 -0.577145
vn  0.601681 0.552163 -0.577145
vn  0.729414 0.367232 -0.577145
vn  0.801897 0.154484 -0.577145
vn  0.813639 -0.069965 -0.577145
vn  0.763752 -0.289114 -0.577145
vn  0.656013 -0.486364 -0.577145
vn  0.498584 -0.646774 -0.577145
vn  0.303390 -0.758194 -0.577145
vn  0.128076 -0.308259 -0.942641
vn  0.128076 -0.308259 -0.942641
vn  0.210680 -0.258923 -0.942641
vn  0.210680 -0.258923 -0.942641
vn  0.275780 -0.188076 -0.942641
vn  0.275780 -0.188076 -0.942641
vn  0.317968 -0.101603 -0.942641
vn  0.317968 -0.101603 -0.942641
vn  0.333740 -0.006690 -0.942641
vn  0.333740 -0.006690 -0.942641
vn  0.321784 0.088780 -0.942641
vn  0.321784 0.088780 -0.942641
vn  0.283095 0.176874 -0.942641
vn  0.283095 0.176874 -0.942641
vn  0.220886 0.250273 -0.942641
vn  0.220886 0.250273 -0.942641
vn  0.140326 0.302879 -0.942641
vn  0.140326 0.302879 -0.942641
vn  0.048108 0.330322 -0.942641
vn  0.048108 0.330322 -0.942641
vn  -0.048108 0.330322 -0.942641
vn  -0.048108 0.330322 -0.942641
vn  -0.140326 0.302879 -0.942641
vn  -0.140326 0.302879 -0.942641
vn  -0.220886 0.250273 -0.942641
vn  -0.220886 0.250273 -0.942641
vn  -0.283095 0.176874 -0.942641
vn  -0.283095 0.176874 -0.942641
vn  -0.321784 0.088780 -0.942641
vn  -0.321784 0.088780 -0.942641
vn  -0.333740 -0.006690 -0.942641
vn  -0.333740 -0.006690 -0.942641
vn  -0.317968 -0.101603 -0.942641
vn  -0.317968 -0.101603 -0.942641
vn  -0.275780 -0.188076 -0.942641
vn  -0.275780 -0.188076 -0.942641
vn  -0.210680 -0.258923 -0.942641
vn  -0.210680 -0.258923 -0.942641
vn  -0.128076 -0.308259 -0.942641
vn  -0.128076 -0.308259 -0.942641
vn  -0.034832 -0.331985 -0.942641
vn  -0.034832 -0.331985 -0.942641
vn  -0.994541 0.104348 0.000000
vn  0.383683 -0.923465 0.000000
vn  0.383683 -0.923465 0.000000
vn  0.631142 -0.775667 0.000000
vn  0.631142 -0.775667 0.000000
vn  0.826166 -0.563427 0.000000
vn  0.826166 -0.563427 0.000000
vn  0.952551 -0.304378 0.000000
vn  0.952551 -0.304378 0.000000
vn  0.999799 -0.020040 0.000000
vn  0.999799 -0.020040 0.000000
vn  0.963984 0.265962 0.000000
vn  0.963984 0.265962 0.000000
vn  0.848080 0.529868 0.000000
vn  0.848080 0.529868 0.000000
vn  0.661718 0.749753 0.000000
vn  0.661718 0.749753 0.000000
vn  0.420381 0.907348 0.000000
vn  0.420381 0.907348 0.000000
vn  0.144118 0.989561 0.000000
vn  0.144118 0.989561 0.000000
vn  -0.144118 0.989561 0.000000
vn  -0.144118 0.989561 0.000000
vn  -0.420381 0.907348 0.000000
vn  -0.420381 0.907348 0.000000
vn  -0.661718 0.749753 0.000000
vn  -0.661718 0.749753 0.000000
vn  -0.848080 0.529868 0.000000
vn  -0.848080 0.529868 0.000000
vn  -0.963984 0.265962 0.000000
vn  -0.963984 0.265962 0.000000
vn  -0.999799 -0.020040 0.000000
vn  -0.999799 -0.020040 0.000000
vn  -0.952551 -0.304378 0.000000
vn  -0.952551 -0.304378 0.000000
vn  -0.826166 -0.563427 0.000000
vn  -0.826166 -0.563427 0.000000
vn  -0.631142 -0.775667 0.000000
vn  -0.631142 -0.775667 0.000000
vn  -0.383683 -0.923465 0.000000
vn  -0.383683 -0.923465 0.000000
vn  -0.104348 -0.994541 -0.000000
vn  -0.104348 -0.994541 0.000000
vn  -0.994541 0.104348 0.000000
vn  -0.085215 -0.812183 -0.577145
vn  -0.085215 -0.812183 -0.577145
vn  -0.994541 0.104348 0.000000
vn  -0.303390 -0.758194 -0.577145
vn  -0.498584 -0.646774 -0.577145
vn  -0.656013 -0.486364 -0.577145
vn  -0.763752 -0.289114 -0.577145
vn  -0.813639 -0.069965 -0.577145
vn  -0.801897 0.154484 -0.577145
vn  -0.729414 0.367232 -0.577145
vn  -0.601681 0.552163 -0.577145
vn  -0.428373 0.695270 -0.577145
vn  -0.222618 0.785713 -0.577145
vn  0.000000 0.816642 -0.577145
vn  0.222618 0.785713 -0.577145
vn  0.428373 0.695270 -0.577145
vn  0.601681 0.552163 -0.577145
vn  0.729414 0.367232 -0.577145
vn  0.801897 0.154484 -0.577145
vn  0.813639 -0.069965 -0.577145
vn  0.763752 -0.289114 -0.577145
vn  0.656013 -0.486364 -0.577145
vn  0.498584 -0.646774 -0.577145
vn  0.303390 -0.758194 -0.577145
vn  0.383683 -0.923465 0.000000
vn  0.383683 -0.923465 0.000000
vn  0.631142 -0.775667 0.000000
vn  0.631142 -0.775667 0.000000
vn  0.826166 -0.563427 0.000000
vn  0.826166 -0.563427 0.000000
vn  0.952551 -0.304378 0.000000
vn  0.952551 -0.304378 0.000000
vn  0.999799 -0.020040 0.000000
vn  0.999799 -0.020040 0.000000
vn  0.963984 0.265962 0.000000
vn  0.963984 0.265962 0.000000
vn  0.848080 0.529868 0.000000
vn  0.848080 0.529868 0.000000
vn  0.661718 0.749753 0.000000
vn  0.661718 0.749753 0.000000
vn  0.420381 0.907348 0.000000
vn  0.420381 0.907348 0.000000
vn  0.144118 0.989561 0.000000
vn  0.144118 0.989561 0.000000
vn  -0.144118 0.989561 0.000000
vn  -0.144118 0.989561 0.000000
vn  -0.420381 0.907348 0.000000
vn  -0.420381 0.907348 0.000000
vn  -0.661718 0.749753 0.000000
vn  -0.661718 0.749753 0.000000
vn  -0.848080 0.529868 0.000000
vn  -0.848080 0.529868 0.000000
vn  -0.963984 0.265962 0.000000
vn  -0.963984 0.265962 0.000000
vn  -0.999799 -0.020040 0.000000
vn  -0.999799 -0.020040 0.000000
vn  -0.952551 -0.304378 0.000000
vn  -0.952551 -0.304378 0.000000
vn  -0.826166 -0.563427 0.000000
vn  -0.826166 -0.563427 0.000000
vn  -0.631142 -0.775667 0.000000
vn  -0.631142 -0.775667 0.000000
vn  -0.383683 -0.923465 0.000000
vn  -0.383683 -0.923465 0.000000
vn  -0.104348 -0.994541 0.000000
vn  -0.104348 -0.994541 0.000000
vn  -0.994541 0.104348 0.000000
vn  0.128076 -0.308259 0.942641
vn  0.128076 -0.308259 0.942641
vn  0.210680 -0.258923 0.942641
vn  0.210680 -0.258923 0.942641
vn  0.275780 -0.188076 0.942641
vn  0.275780 -0.188076 0.942641
vn  0.317968 -0.101603 0.942641
vn  0.317968 -0.101603 0.942641
vn  0.333740 -0.006690 0.942641
vn  0.333740 -0.006690 0.942641
vn  0.321784 0.088780 0.942641
vn  0.321784 0.088780 0.942641
vn  0.283095 0.176874 0.942641
vn  0.283095 0.176874 0.942641
vn  0.220886 0.250273 0.942641
vn  0.220886 0.250273 0.942641
vn  0.140326 0.302879 0.942641
vn  0.140326 0.302879 0.942641
vn  0.048108 0.330322 0.942641
vn  0.048108 0.330322 0.942641
vn  -0.048108 0.330322 0.942641
vn  -0.048108 0.330322 0.942641
vn  -0.140326 0.302879 0.942641
vn  -0.140326 0.302879 0.942641
vn  -0.220886 0.250273 0.942641
vn  -0.220886 0.250273 0.942641
vn  -0.283095 0.176874 0.942641
vn  -0.283095 0.176874 0.942641
vn  -0.321784 0.088780 0.942641
vn  -0.321784 0.088780 0.942641
vn  -0.333740 -0.006690 0.942641
vn  -0.333740 -0.006690 0.942641
vn  -0.317968 -0.101603 0.942641
vn  -0.317968 -0.101603 0.942641
vn  -0.275780 -0.188076 0.942641
vn  -0.275780 -0.188076 0.942641
vn  -0.210680 -0.258923 0.942641
vn  -0.210680 -0.258923 0.942641
vn  -0.128076 -0.308259 0.942641
vn  -0.128076 -0.308259 0.942641
vn  -0.034832 -0.331985 0.942641
vn  -0.034832 -0.331985 0.942641
vn  -0.994541 0.104348 0.000000
vn  -0.085215 -0.812183 0.577145
vn  -0.085215 -0.812183 0.577145
vn  -0.994541 0.104348 0.000000
vn  -0.303390 -0.758194 0.577145
vn  -0.498584 -0.646774 0.577145
vn  -0.656013 -0.486364 0.577145
vn  -0.763752 -0.289114 0.577145
vn  -0.813639 -0.069965 0.577145
vn  -0.801897 0.154484 0.577145
vn  -0.729414 0.367232 0.577145
vn  -0.601681 0.552163 0.577145
vn  -0.428373 0.695270 0.577145
vn  -0.222618 0.785713 0.577145
vn  0.000000 0.816642 0.577145
vn  0.222618 0.785713 0.577145
vn  0.428373 0.695270 0.577145
vn  0.601681 0.552163 0.577145
vn  0.729414 0.367232 0.577145
vn  0.801897 0.154484 0.577145
vn  0.813639 -0.069965 0.577145
vn  0.763752 -0.289114 0.577145
vn  0.656013 -0.486364 0.577145
vn  0.498584 -0.646774 0.577145
vn  0.303390 -0.758194 0.577145
vn  0.128076 -0.308259 0.942641
vn  0.128076 -0.308259 0.942641
vn  0.210680 -0.258923 0.942641
vn  0.210680 -0.258923 0.942641
vn  0.275780 -0.188076 0.942641
vn  0.275780 -0.188076 0.942641
vn  0.317968 -0.101603 0.942641
vn  0.317968 -0.101603 0.942641
vn  0.333740 -0.006690 0.942641
vn  0.333740 -0.006690 0.942641
vn  0.321784 0.088780 0.942641
vn  0.321784 0.088780 0.942641
vn  0.283095 0.176874 0.942641
vn  0.283095 0.176874 0.942641
vn  0.220886 0.250273 0.942641
vn  0.220886 0.250273 0.942641
vn  0.140326 0.302879 0.942641
vn  0.140326 0.302879 0.942641
vn  0.048108 0.330322 0.942641
vn  0.048108 0.330322 0.942641
vn  -0.048108 0.330322 0.942641
vn  -0.048108 0.330322 0.942641
vn  -0.140326 0.302879 0.942641
vn  -0.140326 0.302879 0.942641
vn  -0.220886 0.250273 0.942641
vn  -0.220886 0.250273 0.942641
vn  -0.283095 0.176874 0.942641
vn  -0.283095 0.176874 0.942641
vn  -0.321784 0.088780 0.942641
vn  -0.321784 0.088780 0.942641
vn  -0.333740 -0.006690 0.942641
vn  -0.333740 -0.006690 0.942641
vn  -0.317968 -0.101603 0.942641
vn  -0.317968 -0.101603 0.942641
vn  -0.275780 -0.188076 0.942641
vn  -0.275780 -0.188076 0.942641
vn  -0.210680 -0.258923 0.942641
vn  -0.210680 -0.258923 0.942641
vn  -0.128076 -0.308259 0.942641
vn  -0.128076 -0.308259 0.942641
vn  -0.034832 -0.331985 0.942641
vn  -0.034832 -0.331985 0.942641
vn  -0.994541 0.104348 0.000000
vn  -0.085215 -0.812183 0.577145
vn  -0.085215 -0.812183 0.577145
vn  -0.994541 0.104348 0.000000
vn  -0.303390 -0.758194 0.577145
vn  -0.498584 -0.646774 0.577145
vn  -0.656013 -0.486364 0.577145
vn  -0.763752 -0.289114 0.577145
vn  -0.813639 -0.069965 0.577145
vn  -0.801897 0.154484 0.577145
vn  -0.729414 0.367232 0.577145
vn  -0.601681 0.552163 0.577145
vn  -0.428373 0.695270 0.577145
vn  -0.222618 0.785713 0.577145
vn  0.000000 0.816642 0.577145
vn  0.222618 0.785713 0.577145
vn  0.428373 0.695270 0.577145
vn  0.601681 0.552163 0.577145
vn  0.729414 0.367232 0.577145
vn  0.801897 0.154484 0.577145
vn  0.813639 -0.069965 0.577145
vn  0.763752 -0.289114 0.577145
vn  0.656013 -0.486364 0.577145
vn  0.498584 -0.646774 0.577145
vn  0.303390 -0.758194 0.577145
vn  -0.640816 0.298924 0.707107
vn  0.640816 -0.298924 0.707107
vn  -0.456643 -0.817910 0.350000
vn  -0.563073 0.427725 0.707107
vn  0.563073 -0.427725 0.707107
vn  -0.459842 0.537164 0.707107
vn  -0.650315 0.759665 0.000000
vn  0.459842 -0.537164 0.707107
vn  0.650315 -0.759665 0.000000
vn  0.459842 -0.537164 0.707107
vn  -0.391933 0.588548 0.707107
vn  -0.554277 0.832333 0.000000
vn  -0.318339 0.631396 0.707107
vn  -0.450199 0.892928 0.000000
vn  -0.240128 0.665085 0.707107
vn  -0.339592 0.940573 0.000000
vn  -0.158434 0.689129 0.707107
vn  -0.224059 0.974576 0.000000
vn  -0.158434 0.689129 0.707107
vn  0.224059 -0.974576 0.000000
vn  -0.158434 0.689129 0.707107
vn  0.000000 0.000000 1.000000
vn  -0.158434 0.689129 0.707107
vn  -0.309238 0.635902 0.707107
vn  0.000000 0.000000 1.000000
vn  -0.444200 0.550169 0.707107
vn  0.000000 0.000000 1.000000
vn  -0.556442 0.436317 0.707107
vn  0.000000 0.000000 1.000000
vn  -0.640189 0.300263 0.707107
vn  0.000000 0.000000 1.000000
vn  -0.453770 -0.812765 0.365385
vn  -0.640507 0.299584 0.707107
vn  -0.455218 -0.815358 0.357726
vn  0.000000 0.000000 1.000000
vn  0.640340 -0.299941 0.707107
vn  -0.453770 -0.812765 0.365385
vn  0.000000 0.000000 1.000000
vn  -0.533156 0.464483 0.707107
vn  0.000000 0.000000 1.000000
vn  -0.704332 0.062577 0.707107
vn  0.000000 0.000000 1.000000
vn  -0.606709 -0.363187 0.707107
vn  0.000000 0.000000 1.000000
vn  -0.277559 -0.650355 0.707107
vn  0.000000 0.000000 1.000000
vn  0.157542 -0.689333 0.707107
vn  0.000000 0.000000 1.000000
vn  0.532557 -0.465170 0.707107
vn  0.532557 -0.465170 0.707107
vn  0.000000 0.000000 1.000000
vn  0.497503 -0.502484 0.707107
vn  0.000000 0.000000 1.000000
vn  0.459842 -0.537164 0.707107
vn  0.459842 -0.537164 0.707107
vn  0.000000 0.000000 1.000000
vn  0.562458 -0.428533 0.707107
vn  0.000000 0.000000 1.000000
vn  0.639907 -0.300863 0.707107
vn  -0.453770 -0.812765 0.365385
vn  0.000000 0.000000 1.000000
vn  -0.639762 0.301172 0.707107
vn  -0.453770 -0.812765 0.365385
vn  0.000000 0.000000 1.000000
vn  -0.562355 0.428669 0.707107
vn  0.000000 0.000000 1.000000
vn  -0.459842 0.537164 0.707107
vn  -0.459842 0.537164 0.707107
vn  0.000000 0.000000 1.000000
vn  -0.497503 0.502484 0.707107
vn  0.000000 0.000000 1.000000
vn  -0.532557 0.465170 0.707107
vn  -0.532557 0.465170 0.707107
vn  0.000000 0.000000 1.000000
vn  -0.157542 0.689333 0.707107
vn  0.000000 0.000000 1.000000
vn  0.277559 0.650355 0.707107
vn  0.000000 0.000000 1.000000
vn  0.606709 0.363187 0.707107
vn  0.000000 0.000000 1.000000
vn  0.704332 -0.062577 0.707107
vn  0.000000 0.000000 1.000000
vn  0.533156 -0.464483 0.707107
vn  0.000000 0.000000 1.000000
vn  0.158434 -0.689129 0.707107
vn  0.158434 -0.689129 0.707107
vn  0.000000 0.000000 1.000000
vn  0.309318 -0.635863 0.707107
vn  0.000000 0.000000 1.000000
vn  0.444339 -0.550057 0.707107
vn  0.000000 0.000000 1.000000
vn  0.556607 -0.436106 0.707107
vn  0.158434 -0.689129 0.707107
vn  0.224059 -0.974576 0.000000
vn  0.158434 -0.689129 0.707107
vn  0.224059 -0.974576 0.000000
vn  0.309758 -0.635649 0.707107
vn  0.438064 -0.898944 0.000000
vn  0.445124 -0.549422 0.707107
vn  0.629500 -0.777000 0.000000
vn  0.557558 -0.434890 0.707107
vn  0.788506 -0.615027 0.000000
vn  0.641267 -0.297953 0.707107
vn  0.906889 -0.421369 0.000000
vn  -0.456643 -0.817910 0.350000
vn  0.640807 -0.298943 0.707107
vn  -0.455221 -0.815362 0.357714
vn  0.913558 -0.406708 0.000000
vn  -0.474316 -0.849564 0.230794
vn  0.224059 -0.974576 0.000000
vn  0.158434 -0.689129 -0.707107
vn  0.224059 -0.974576 0.000000
vn  0.158434 -0.689129 -0.707107
vn  0.438064 -0.898944 0.000000
vn  0.309758 -0.635649 -0.707107
vn  0.629500 -0.777000 0.000000
vn  0.445124 -0.549422 -0.707107
vn  0.788506 -0.615027 0.000000
vn  0.557558 -0.434890 -0.707107
vn  0.906889 -0.421369 0.000000
vn  0.641267 -0.297953 -0.707107
vn  -0.456643 -0.817910 -0.350000
vn  0.913557 -0.406710 0.000000
vn  -0.474314 -0.849561 -0.230809
vn  0.158434 -0.689129 -0.707107
vn  0.000000 0.000000 -1.000000
vn  0.158434 -0.689129 -0.707107
vn  0.309318 -0.635863 -0.707107
vn  0.000000 0.000000 -1.000000
vn  0.444339 -0.550057 -0.707107
vn  0.000000 0.000000 -1.000000
vn  0.556607 -0.436106 -0.707107
vn  0.000000 0.000000 -1.000000
vn  0.640340 -0.299941 -0.707107
vn  0.000000 0.000000 -1.000000
vn  -0.453770 -0.812765 -0.365385
vn  0.640807 -0.298943 -0.707107
vn  -0.455221 -0.815362 -0.357714
vn  0.000000 0.000000 -1.000000
vn  0.533156 -0.464483 -0.707107
vn  0.000000 0.000000 -1.000000
vn  0.704332 -0.062577 -0.707107
vn  0.000000 0.000000 -1.000000
vn  0.606709 0.363187 -0.707107
vn  0.000000 0.000000 -1.000000
vn  0.277559 0.650355 -0.707107
vn  0.000000 0.000000 -1.000000
vn  -0.157542 0.689333 -0.707107
vn  0.000000 0.000000 -1.000000
vn  -0.532557 0.465170 -0.707107
vn  -0.532557 0.465170 -0.707107
vn  0.000000 0.000000 -1.000000
vn  -0.497503 0.502484 -0.707107
vn  0.000000 0.000000 -1.000000
vn  -0.459842 0.537164 -0.707107
vn  -0.459842 0.537164 -0.707107
vn  0.000000 0.000000 -1.000000
vn  -0.562355 0.428669 -0.707107
vn  0.000000 0.000000 -1.000000
vn  -0.639762 0.301172 -0.707107
vn  -0.453770 -0.812765 -0.365385
vn  0.000000 0.000000 -1.000000
vn  0.639907 -0.300863 -0.707107
vn  -0.453770 -0.812765 -0.365385
vn  0.000000 0.000000 -1.000000
vn  0.562458 -0.428533 -0.707107
vn  0.000000 0.000000 -1.000000
vn  0.459842 -0.537164 -0.707107
vn  0.459842 -0.537164 -0.707107
vn  0.000000 0.000000 -1.000000
vn  0.497503 -0.502484 -0.707107
vn  0.000000 0.000000 -1.000000
vn  0.532557 -0.465170 -0.707107
vn  0.532557 -0.465170 -0.707107
vn  0.000000 0.000000 -1.000000
vn  0.157542 -0.689333 -0.707107
vn  0.000000 0.000000 -1.000000
vn  -0.277559 -0.650355 -0.707107
vn  0.000000 0.000000 -1.000000
vn  -0.606709 -0.363187 -0.707107
vn  0.000000 0.000000 -1.000000
vn  -0.704332 0.062577 -0.707107
vn  0.000000 0.000000 -1.000000
vn  -0.533156 0.464483 -0.707107
vn  0.000000 0.000000 -1.000000
vn  -0.158434 0.689129 -0.707107
vn  -0.158434 0.689129 -0.707107
vn  0.000000 0.000000 -1.000000
vn  -0.309238 0.635902 -0.707107
vn  0.000000 0.000000 -1.000000
vn  -0.444200 0.550169 -0.707107
vn  0.000000 0.000000 -1.000000
vn  -0.556442 0.436317 -0.707107
vn  0.000000 0.000000 -1.000000
vn  -0.640189 0.300263 -0.707107
vn  -0.453770 -0.812765 -0.365385
vn  -0.158434 0.689129 -0.707107
vn  -0.224059 0.974576 0.000000
vn  -0.158434 0.689129 -0.707107
vn  0.224059 -0.974576 0.000000
vn  -0.240128 0.665085 -0.707107
vn  -0.339592 0.940573 0.000000
vn  -0.318339 0.631396 -0.707107
vn  -0.450199 0.892928 0.000000
vn  -0.391933 0.588548 -0.707107
vn  -0.554277 0.832333 0.000000
vn  -0.459842 0.537164 -0.707107
vn  -0.650315 0.759665 0.000000
vn  0.459842 -0.537164 -0.707107
vn  0.650315 -0.759665 0.000000
vn  0.459842 -0.537164 -0.707107
vn  -0.563073 0.427725 -0.707107
vn  0.563073 -0.427725 -0.707107
vn  -0.640816 0.298924 -0.707107
vn  0.640816 -0.298924 -0.707107
vn  -0.456643 -0.817910 -0.350000
vn  -0.640507 0.299584 -0.707107
vn  -0.455218 -0.815358 -0.357726
vn  -0.583228 0.812308 0.000000
vn  -0.831316 -0.555800 -0.000000
vn  -0.831316 -0.555800 -0.000000
vn  -0.575281 0.817956 0.000000
vn  -0.588653 -0.393560 0.706115
vn  -0.555804 0.831313 0.000000
vn  -0.000136 -0.000091 1.000000
vn  -0.536021 0.844205 0.000000
vn  0.588229 0.393277 0.706626
vn  -0.527752 0.849399 0.000000
vn  0.831316 0.555800 0.000000
vn  0.831316 0.555800 0.000000
vn  -0.536008 0.844213 0.000000
vn  0.588653 0.393560 -0.706115
vn  -0.555795 0.831319 0.000000
vn  0.000136 0.000091 -1.000000
vn  -0.575269 0.817964 0.000000
vn  -0.588229 -0.393277 -0.706626
vn  -0.650315 0.759665 0.000000
vn  0.650315 -0.759665 0.000000
vn  0.650315 -0.759665 0.000000
vn  0.759665 0.650315 0.000000
vn  -0.533122 0.464522 0.707107
vn  0.753949 -0.656933 0.000000
vn  -0.704329 0.062616 0.707107
vn  0.996072 -0.088552 0.000000
vn  -0.606707 -0.363189 0.707107
vn  0.858014 0.513627 0.000000
vn  -0.277518 -0.650372 0.707107
vn  0.392469 0.919765 0.000000
vn  0.157595 -0.689321 0.707107
vn  -0.222873 0.974847 0.000000
vn  0.532557 -0.465170 0.707107
vn  0.532557 -0.465170 0.707107
vn  0.753149 -0.657850 0.000000
vn  -0.753149 0.657850 0.000000
vn  -0.532557 0.465170 0.707107
vn  -0.753149 0.657850 0.000000
vn  -0.532557 0.465170 0.707107
vn  -0.753149 0.657850 0.000000
vn  -0.157553 0.689331 0.707107
vn  -0.222813 0.974861 0.000000
vn  0.277480 0.650388 0.707107
vn  0.392416 0.919788 0.000000
vn  0.606710 0.363185 0.707107
vn  0.858017 0.513621 0.000000
vn  0.704325 -0.062662 0.707107
vn  0.996066 -0.088617 0.000000
vn  0.533149 -0.464491 0.707107
vn  0.753987 -0.656890 0.000000
vn  0.993012 0.118015 0.000000
vn  0.000000 0.000000 -1.000000
vn  0.000000 0.000000 -1.000000
vn  0.957653 -0.287926 0.000000
vn  0.000000 0.458635 -0.888625
vn  0.792926 -0.609318 0.000000
vn  0.000000 0.821597 -0.570069
vn  0.660719 -0.750634 0.000000
vn  0.000000 0.981210 -0.192944
vn  0.661188 -0.750220 0.000000
vn  0.000000 0.980764 0.195196
vn  0.797089 -0.603862 0.000000
vn  0.000000 0.815448 0.578830
vn  0.961630 -0.274350 0.000000
vn  0.000000 0.443314 0.896366
vn  0.993012 0.118015 0.000000
vn  0.000000 0.000000 1.000000
vn  0.000000 -0.000000 1.000000
vn  0.768383 0.639990 0.000000
vn  0.000000 0.000000 1.000000
vn  0.295577 0.955319 0.000000
vn  0.000000 0.000000 1.000000
vn  -0.272803 0.962070 0.000000
vn  0.000000 0.000000 1.000000
vn  -0.753149 0.657850 0.000000
vn  -0.753149 0.657850 0.000000
vn  0.000000 0.000000 1.000000
vn  -0.753149 0.657850 0.000000
vn  -0.532557 0.465170 -0.707107
vn  -0.753149 0.657850 0.000000
vn  -0.532557 0.465170 -0.707107
vn  -0.222813 0.974861 0.000000
vn  -0.157553 0.689331 -0.707107
vn  0.392416 0.919788 0.000000
vn  0.277480 0.650388 -0.707107
vn  0.858017 0.513621 0.000000
vn  0.606710 0.363185 -0.707107
vn  0.996066 -0.088617 0.000000
vn  0.704325 -0.062662 -0.707107
vn  0.753987 -0.656890 0.000000
vn  0.533149 -0.464491 -0.707107
vn  -0.753149 0.657850 0.000000
vn  -0.753149 0.657850 0.000000
vn  0.000000 0.000000 -1.000000
vn  -0.272803 0.962070 0.000000
vn  0.000000 0.000000 -1.000000
vn  0.295577 0.955319 0.000000
vn  0.000000 0.000000 -1.000000
vn  0.768383 0.639990 0.000000
vn  0.000000 0.000000 -1.000000
vn  0.532557 -0.465170 -0.707107
vn  0.532557 -0.465170 -0.707107
vn  0.753149 -0.657850 0.000000
vn  -0.753149 0.657850 0.000000
vn  0.157595 -0.689321 -0.707107
vn  -0.222873 0.974847 0.000000
vn  -0.277518 -0.650372 -0.707107
vn  0.392469 0.919765 0.000000
vn  -0.606707 -0.363189 -0.707107
vn  0.858014 0.513627 0.000000
vn  -0.704329 0.062616 -0.707107
vn  0.996072 -0.088552 0.000000
vn  -0.533122 0.464522 -0.707107
vn  0.753949 -0.656933 0.000000
vn  0.497503 -0.502484 0.707107
vn  0.703576 -0.710620 0.000000
vn  -0.459842 0.537164 0.707107
vn  -0.650315 0.759665 0.000000
vn  -0.459842 0.537164 0.707107
vn  -0.650315 0.759665 0.000000
vn  -0.497503 0.502484 0.707107
vn  -0.703576 0.710620 0.000000
vn  -0.670064 0.742303 0.000000
vn  0.000000 0.000000 -1.000000
vn  0.000000 0.000000 -1.000000
vn  -0.712858 0.701308 0.000000
vn  0.000000 0.000000 -1.000000
vn  -0.650315 0.759665 0.000000
vn  -0.650315 0.759665 0.000000
vn  -0.650315 0.759665 0.000000
vn  0.759665 0.650315 0.000000
vn  -0.652993 0.757364 0.000000
vn  0.657662 0.562995 -0.500518
vn  -0.660217 0.751075 0.000000
vn  0.381067 0.326215 -0.865085
vn  -0.650315 0.759665 0.000000
vn  -0.459842 0.537164 -0.707107
vn  -0.650315 0.759665 0.000000
vn  -0.459842 0.537164 -0.707107
vn  -0.703576 0.710620 0.000000
vn  -0.497503 0.502484 -0.707107
vn  -0.712858 0.701308 0.000000
vn  0.000000 0.000000 1.000000
vn  -0.670064 0.742303 0.000000
vn  0.000000 0.000000 1.000000
vn  0.000000 0.000000 1.000000
vn  -0.660218 0.751074 0.000000
vn  0.381004 0.326160 0.865133
vn  -0.652998 0.757360 0.000000
vn  0.657459 0.562821 0.500980
vn  0.497503 -0.502484 -0.707107
vn  0.703576 -0.710620 0.000000
vn  0.753149 -0.657850 0.000000
vn  0.000000 0.000000 -1.000000
vn  -0.753149 0.657850 0.000000
vn  0.712803 -0.701364 0.000000
vn  0.000000 0.000000 -1.000000
vn  0.669947 -0.742409 0.000000
vn  0.000000 0.000000 -1.000000
vn  0.000000 0.000000 -1.000000
vn  0.660157 -0.751127 0.000000
vn  0.381067 0.326214 -0.865085
vn  0.652977 -0.757378 0.000000
vn  0.657662 0.562995 -0.500518
vn  0.753149 -0.657850 0.000000
vn  0.000000 0.000000 1.000000
vn  -0.753149 0.657850 0.000000
vn  0.652982 -0.757373 0.000000
vn  0.657459 0.562821 0.500980
vn  0.660159 -0.751126 0.000000
vn  0.381003 0.326160 0.865134
vn  0.669947 -0.742409 0.000000
vn  0.000000 0.000000 1.000000
vn  0.000000 0.000000 1.000000
vn  0.712803 -0.701364 0.000000
vn  0.000000 0.000000 1.000000
vn  0.640364 -0.299889 0.707107
vn  -0.455221 -0.815362 0.357714
vn  -0.640381 0.299854 0.707107
vn  -0.905635 0.424058 0.000000
vn  -0.456643 -0.817910 0.350000
vn  -0.562762 0.428134 0.707107
vn  -0.795866 0.605473 0.000000
vn  -0.640076 0.300504 0.707107
vn  -0.455218 -0.815358 0.357726
vn  -0.738007 0.674793 0.000000
vn  -0.698566 -0.715546 -0.000000
vn  -0.698566 -0.715546 -0.000000
vn  -0.731526 0.681814 0.000000
vn  -0.494653 -0.506676 0.706114
vn  -0.715549 0.698562 0.000000
vn  -0.000115 -0.000117 1.000000
vn  -0.699193 0.714933 0.000000
vn  0.494297 0.506311 0.706626
vn  -0.692319 0.721592 0.000000
vn  0.698566 0.715546 0.000000
vn  0.698566 0.715546 0.000000
vn  -0.699182 0.714944 0.000000
vn  0.494653 0.506676 -0.706114
vn  -0.715542 0.698570 0.000000
vn  0.000115 0.000117 -1.000000
vn  -0.731515 0.681825 0.000000
vn  -0.494297 -0.506311 -0.706626
vn  -0.888610 0.458663 0.000000
vn  -0.487476 -0.873136 -0.000000
vn  -0.487476 -0.873136 -0.000000
vn  -0.884187 0.467132 0.000000
vn  -0.345181 -0.618266 0.706114
vn  -0.873139 0.487471 0.000000
vn  -0.000080 -0.000143 1.000000
vn  -0.861625 0.507546 0.000000
vn  0.344932 0.617820 0.706626
vn  -0.856728 0.515768 0.000000
vn  0.487476 0.873136 0.000000
vn  0.487476 0.873136 0.000000
vn  -0.861617 0.507559 0.000000
vn  0.345181 0.618266 -0.706114
vn  -0.873134 0.487481 0.000000
vn  0.000080 0.000143 -1.000000
vn  -0.884180 0.467146 0.000000
vn  -0.344932 -0.617820 -0.706626
vn  -0.905635 0.424058 0.000000
vn  -0.640381 0.299854 -0.707107
vn  -0.456643 -0.817910 -0.350000
vn  -0.795866 0.605473 0.000000
vn  -0.562762 0.428134 -0.707107
vn  -0.916749 0.399464 0.000000
vn  -0.487476 -0.873136 0.000029
vn  -0.640076 0.300504 -0.707107
vn  -0.455218 -0.815358 -0.357726
vn  0.640364 -0.299889 -0.707107
vn  -0.455221 -0.815362 -0.357713
vn  0.640189 0.300263 0.707107
vn  0.000000 0.000000 1.000000
vn  0.453770 -0.812765 0.365385
vn  0.556442 0.436317 0.707107
vn  0.000000 0.000000 1.000000
vn  0.444200 0.550169 0.707107
vn  0.000000 0.000000 1.000000
vn  0.309238 0.635902 0.707107
vn  0.000000 0.000000 1.000000
vn  0.158434 0.689129 0.707107
vn  0.000000 0.000000 1.000000
vn  0.158434 0.689129 0.707107
vn  0.158434 0.689129 0.707107
vn  0.224059 0.974576 0.000000
vn  0.158434 0.689129 0.707107
vn  -0.224059 -0.974576 0.000000
vn  0.240128 0.665085 0.707107
vn  0.339592 0.940573 0.000000
vn  0.318339 0.631396 0.707107
vn  0.450199 0.892928 0.000000
vn  0.391933 0.588548 0.707107
vn  0.554277 0.832333 0.000000
vn  0.459842 0.537164 0.707107
vn  0.650315 0.759665 0.000000
vn  -0.459842 -0.537164 0.707107
vn  -0.650315 -0.759665 0.000000
vn  -0.459842 -0.537164 0.707107
vn  0.563073 0.427725 0.707107
vn  -0.563073 -0.427725 0.707107
vn  0.640816 0.298924 0.707107
vn  -0.640816 -0.298924 0.707107
vn  0.456643 -0.817910 0.350000
vn  0.640507 0.299584 0.707107
vn  0.455218 -0.815358 0.357726
vn  0.000000 0.000000 1.000000
vn  -0.640340 -0.299941 0.707107
vn  0.453770 -0.812765 0.365385
vn  0.000000 0.000000 1.000000
vn  -0.556607 -0.436106 0.707107
vn  0.000000 0.000000 1.000000
vn  -0.444339 -0.550057 0.707107
vn  0.000000 0.000000 1.000000
vn  -0.309318 -0.635863 0.707107
vn  0.000000 0.000000 1.000000
vn  -0.158434 -0.689129 0.707107
vn  -0.158434 -0.689129 0.707107
vn  0.000000 0.000000 1.000000
vn  -0.533156 -0.464483 0.707107
vn  0.000000 0.000000 1.000000
vn  -0.704332 -0.062577 0.707107
vn  0.000000 0.000000 1.000000
vn  -0.606709 0.363187 0.707107
vn  0.000000 0.000000 1.000000
vn  -0.277559 0.650355 0.707107
vn  0.000000 0.000000 1.000000
vn  0.157542 0.689333 0.707107
vn  0.000000 0.000000 1.000000
vn  0.532557 0.465170 0.707107
vn  0.532557 0.465170 0.707107
vn  0.000000 0.000000 1.000000
vn  0.497503 0.502484 0.707107
vn  0.000000 0.000000 1.000000
vn  0.459842 0.537164 0.707107
vn  0.459842 0.537164 0.707107
vn  0.000000 0.000000 1.000000
vn  0.562355 0.428669 0.707107
vn  0.000000 0.000000 1.000000
vn  0.639762 0.301172 0.707107
vn  0.453770 -0.812765 0.365385
vn  0.000000 0.000000 1.000000
vn  -0.639907 -0.300863 0.707107
vn  0.453770 -0.812765 0.365385
vn  0.000000 0.000000 1.000000
vn  -0.562458 -0.428533 0.707107
vn  0.000000 0.000000 1.000000
vn  -0.459842 -0.537164 0.707107
vn  -0.459842 -0.537164 0.707107
vn  0.000000 0.000000 1.000000
vn  -0.497503 -0.502484 0.707107
vn  0.000000 0.000000 1.000000
vn  -0.532557 -0.465170 0.707107
vn  -0.532557 -0.465170 0.707107
vn  0.000000 0.000000 1.000000
vn  -0.157542 -0.689333 0.707107
vn  0.000000 0.000000 1.000000
vn  0.277559 -0.650355 0.707107
vn  0.000000 0.000000 1.000000
vn  0.606709 -0.363187 0.707107
vn  0.000000 0.000000 1.000000
vn  0.704332 0.062577 0.707107
vn  0.000000 0.000000 1.000000
vn  0.533156 0.464483 0.707107
vn  -0.641267 -0.297953 0.707107
vn  -0.906889 -0.421369 0.000000
vn  0.456643 -0.817910 0.350000
vn  -0.557558 -0.434890 0.707107
vn  -0.788506 -0.615027 0.000000
vn  -0.445124 -0.549422 0.707107
vn  -0.629500 -0.777000 0.000000
vn  -0.309758 -0.635649 0.707107
vn  -0.438064 -0.898944 0.000000
vn  -0.158434 -0.689129 0.707107
vn  -0.224059 -0.974576 0.000000
vn  -0.158434 -0.689129 0.707107
vn  -0.224059 -0.974576 0.000000
vn  -0.640807 -0.298943 0.707107
vn  0.455221 -0.815362 0.357714
vn  -0.906889 -0.421369 0.000000
vn  -0.641267 -0.297953 -0.707107
vn  0.456643 -0.817910 -0.350000
vn  -0.788506 -0.615027 0.000000
vn  -0.557558 -0.434890 -0.707107
vn  -0.629500 -0.777000 0.000000
vn  -0.445124 -0.549422 -0.707107
vn  -0.438064 -0.898944 0.000000
vn  -0.309758 -0.635649 -0.707107
vn  -0.224059 -0.974576 0.000000
vn  -0.158434 -0.689129 -0.707107
vn  -0.224059 -0.974576 0.000000
vn  -0.158434 -0.689129 -0.707107
vn  -0.913558 -0.406708 0.000000
vn  0.474316 -0.849564 -0.230794
vn  -0.913557 -0.406710 0.000000
vn  0.474314 -0.849561 0.230809
vn  -0.640340 -0.299941 -0.707107
vn  0.000000 0.000000 -1.000000
vn  0.453770 -0.812765 -0.365385
vn  -0.556607 -0.436106 -0.707107
vn  0.000000 0.000000 -1.000000
vn  -0.444339 -0.550057 -0.707107
vn  0.000000 0.000000 -1.000000
vn  -0.309318 -0.635863 -0.707107
vn  0.000000 0.000000 -1.000000
vn  -0.158434 -0.689129 -0.707107
vn  0.000000 0.000000 -1.000000
vn  -0.158434 -0.689129 -0.707107
vn  -0.640807 -0.298943 -0.707107
vn  0.455221 -0.815362 -0.357714
vn  0.000000 0.000000 -1.000000
vn  0.640189 0.300263 -0.707107
vn  0.453770 -0.812765 -0.365385
vn  0.000000 0.000000 -1.000000
vn  0.556442 0.436317 -0.707107
vn  0.000000 0.000000 -1.000000
vn  0.444200 0.550169 -0.707107
vn  0.000000 0.000000 -1.000000
vn  0.309238 0.635902 -0.707107
vn  0.000000 0.000000 -1.000000
vn  0.158434 0.689129 -0.707107
vn  0.158434 0.689129 -0.707107
vn  0.000000 0.000000 -1.000000
vn  0.533156 0.464483 -0.707107
vn  0.000000 0.000000 -1.000000
vn  0.704332 0.062577 -0.707107
vn  0.000000 0.000000 -1.000000
vn  0.606709 -0.363187 -0.707107
vn  0.000000 0.000000 -1.000000
vn  0.277559 -0.650355 -0.707107
vn  0.000000 0.000000 -1.000000
vn  -0.157542 -0.689333 -0.707107
vn  0.000000 0.000000 -1.000000
vn  -0.532557 -0.465170 -0.707107
vn  -0.532557 -0.465170 -0.707107
vn  0.000000 0.000000 -1.000000
vn  -0.497503 -0.502484 -0.707107
vn  0.000000 0.000000 -1.000000
vn  -0.459842 -0.537164 -0.707107
vn  -0.459842 -0.537164 -0.707107
vn  0.000000 0.000000 -1.000000
vn  -0.562458 -0.428533 -0.707107
vn  0.000000 0.000000 -1.000000
vn  -0.639907 -0.300863 -0.707107
vn  0.453770 -0.812765 -0.365385
vn  0.000000 0.000000 -1.000000
vn  0.639762 0.301172 -0.707107
vn  0.453770 -0.812765 -0.365385
vn  0.000000 0.000000 -1.000000
vn  0.562355 0.428669 -0.707107
vn  0.000000 0.000000 -1.000000
vn  0.459842 0.537164 -0.707107
vn  0.459842 0.537164 -0.707107
vn  0.000000 0.000000 -1.000000
vn  0.497503 0.502484 -0.707107
vn  0.000000 0.000000 -1.000000
vn  0.532557 0.465170 -0.707107
vn  0.532557 0.465170 -0.707107
vn  0.000000 0.000000 -1.000000
vn  0.157542 0.689333 -0.707107
vn  0.000000 0.000000 -1.000000
vn  -0.277559 0.650355 -0.707107
vn  0.000000 0.000000 -1.000000
vn  -0.606709 0.363187 -0.707107
vn  0.000000 0.000000 -1.000000
vn  -0.704332 -0.062577 -0.707107
vn  0.000000 0.000000 -1.000000
vn  -0.533156 -0.464483 -0.707107
vn  0.640816 0.298924 -0.707107
vn  -0.640816 -0.298924 -0.707107
vn  0.456643 -0.817910 -0.350000
vn  0.563073 0.427725 -0.707107
vn  -0.563073 -0.427725 -0.707107
vn  0.459842 0.537164 -0.707107
vn  0.650315 0.759665 0.000000
vn  -0.459842 -0.537164 -0.707107
vn  -0.650315 -0.759665 0.000000
vn  -0.459842 -0.537164 -0.707107
vn  0.391933 0.588548 -0.707107
vn  0.554277 0.832333 0.000000
vn  0.318339 0.631396 -0.707107
vn  0.450199 0.892928 0.000000
vn  0.240128 0.665085 -0.707107
vn  0.339592 0.940573 0.000000
vn  0.158434 0.689129 -0.707107
vn  0.224059 0.974576 0.000000
vn  0.158434 0.689129 -0.707107
vn  -0.224059 -0.974576 0.000000
vn  0.640507 0.299584 -0.707107
vn  0.455218 -0.815358 -0.357726
vn  0.527752 0.849399 0.000000
vn  -0.831316 0.555800 -0.000000
vn  -0.831316 0.555800 -0.000000
vn  0.536008 0.844213 0.000000
vn  -0.588653 0.393560 0.706115
vn  0.555795 0.831319 0.000000
vn  -0.000136 0.000091 1.000000
vn  0.575269 0.817964 0.000000
vn  0.588229 -0.393277 0.706626
vn  0.583228 0.812308 0.000000
vn  0.831316 -0.555800 0.000000
vn  0.831316 -0.555800 0.000000
vn  0.575281 0.817956 0.000000
vn  0.588653 -0.393560 -0.706115
vn  0.555804 0.831313 0.000000
vn  0.000136 -0.000091 -1.000000
vn  0.536021 0.844205 0.000000
vn  -0.588229 0.393277 -0.706626
vn  0.650315 0.759665 0.000000
vn  -0.650315 -0.759665 0.000000
vn  -0.650315 -0.759665 0.000000
vn  -0.759665 0.650315 -0.000000
vn  -0.532557 -0.465170 0.707107
vn  -0.532557 -0.465170 0.707107
vn  -0.753149 -0.657850 0.000000
vn  0.753149 0.657850 0.000000
vn  -0.157595 -0.689321 0.707107
vn  0.222873 0.974847 0.000000
vn  0.277518 -0.650372 0.707107
vn  -0.392469 0.919765 0.000000
vn  0.606707 -0.363189 0.707107
vn  -0.858014 0.513627 0.000000
vn  0.704329 0.062616 0.707107
vn  -0.996072 -0.088552 0.000000
vn  0.533122 0.464522 0.707107
vn  -0.753949 -0.656933 0.000000
vn  0.532557 0.465170 0.707107
vn  0.753149 0.657850 0.000000
vn  0.532557 0.465170 0.707107
vn  0.753149 0.657850 0.000000
vn  -0.533149 -0.464491 0.707107
vn  -0.753987 -0.656890 0.000000
vn  -0.704325 -0.062662 0.707107
vn  -0.996066 -0.088617 0.000000
vn  -0.606710 0.363185 0.707107
vn  -0.858017 0.513621 0.000000
vn  -0.277480 0.650388 0.707107
vn  -0.392416 0.919788 0.000000
vn  0.157553 0.689331 0.707107
vn  0.222813 0.974861 0.000000
vn  -0.993012 0.118015 0.000000
vn  0.000000 0.000000 -1.000000
vn  0.000000 0.000000 -1.000000
vn  -0.768383 0.639990 0.000000
vn  0.000000 0.000000 -1.000000
vn  -0.295577 0.955319 0.000000
vn  0.000000 0.000000 -1.000000
vn  0.272803 0.962070 0.000000
vn  0.000000 0.000000 -1.000000
vn  0.753149 0.657850 0.000000
vn  0.753149 0.657850 0.000000
vn  0.000000 0.000000 -1.000000
vn  -0.753987 -0.656890 0.000000
vn  -0.533149 -0.464491 -0.707107
vn  -0.996066 -0.088617 0.000000
vn  -0.704325 -0.062662 -0.707107
vn  -0.858017 0.513621 0.000000
vn  -0.606710 0.363185 -0.707107
vn  -0.392416 0.919788 0.000000
vn  -0.277480 0.650388 -0.707107
vn  0.222813 0.974861 0.000000
vn  0.157553 0.689331 -0.707107
vn  0.753149 0.657850 0.000000
vn  0.532557 0.465170 -0.707107
vn  0.753149 0.657850 0.000000
vn  0.532557 0.465170 -0.707107
vn  0.753149 0.657850 0.000000
vn  0.753149 0.657850 0.000000
vn  0.000000 0.000000 1.000000
vn  0.272803 0.962070 0.000000
vn  0.000000 0.000000 1.000000
vn  -0.295577 0.955319 0.000000
vn  0.000000 0.000000 1.000000
vn  -0.768383 0.639990 0.000000
vn  0.000000 0.000000 1.000000
vn  -0.993012 0.118015 0.000000
vn  0.000000 0.000000 1.000000
vn  0.000000 -0.000000 1.000000
vn  -0.961630 -0.274350 0.000000
vn  0.000000 0.443314 0.896366
vn  -0.797089 -0.603862 0.000000
vn  0.000000 0.815448 0.578830
vn  -0.661188 -0.750220 0.000000
vn  0.000000 0.980764 0.195196
vn  -0.660719 -0.750634 0.000000
vn  0.000000 0.981210 -0.192944
vn  -0.792926 -0.609318 0.000000
vn  0.000000 0.821597 -0.570069
vn  -0.957653 -0.287926 0.000000
vn  0.000000 0.458635 -0.888625
vn  -0.532557 -0.465170 -0.707107
vn  -0.532557 -0.465170 -0.707107
vn  -0.753149 -0.657850 0.000000
vn  0.753149 0.657850 0.000000
vn  0.533122 0.464522 -0.707107
vn  -0.753949 -0.656933 0.000000
vn  0.704329 0.062616 -0.707107
vn  -0.996072 -0.088552 0.000000
vn  0.606707 -0.363189 -0.707107
vn  -0.858014 0.513627 0.000000
vn  0.277518 -0.650372 -0.707107
vn  -0.392469 0.919765 0.000000
vn  -0.157595 -0.689321 -0.707107
vn  0.222873 0.974847 0.000000
vn  -0.497503 -0.502484 0.707107
vn  -0.703576 -0.710620 0.000000
vn  0.497503 0.502484 0.707107
vn  0.703576 0.710620 0.000000
vn  0.459842 0.537164 0.707107
vn  0.650315 0.759665 0.000000
vn  0.459842 0.537164 0.707107
vn  0.650315 0.759665 0.000000
vn  0.670064 0.742303 0.000000
vn  0.000000 0.000000 1.000000
vn  -0.000000 0.000000 1.000000
vn  0.712858 0.701308 0.000000
vn  0.000000 0.000000 1.000000
vn  0.703576 0.710620 0.000000
vn  0.497503 0.502484 -0.707107
vn  0.650315 0.759665 0.000000
vn  0.459842 0.537164 -0.707107
vn  0.650315 0.759665 0.000000
vn  0.459842 0.537164 -0.707107
vn  0.650315 0.759665 0.000000
vn  0.650315 0.759665 0.000000
vn  0.650315 0.759665 0.000000
vn  -0.759665 0.650315 0.000000
vn  0.652998 0.757360 0.000000
vn  -0.657459 0.562821 0.500980
vn  0.660218 0.751074 0.000000
vn  -0.381004 0.326160 0.865133
vn  0.712858 0.701308 0.000000
vn  0.000000 0.000000 -1.000000
vn  0.670064 0.742303 0.000000
vn  0.000000 0.000000 -1.000000
vn  -0.000000 0.000000 -1.000000
vn  0.660217 0.751075 0.000000
vn  -0.381067 0.326215 -0.865085
vn  0.652993 0.757364 0.000000
vn  -0.657662 0.562995 -0.500518
vn  -0.497503 -0.502484 -0.707107
vn  -0.703576 -0.710620 0.000000
vn  -0.753149 -0.657850 0.000000
vn  0.000000 0.000000 1.000000
vn  0.753149 0.657850 0.000000
vn  -0.712803 -0.701364 0.000000
vn  0.000000 0.000000 1.000000
vn  -0.669947 -0.742409 0.000000
vn  0.000000 0.000000 1.000000
vn  -0.000000 0.000000 1.000000
vn  -0.660159 -0.751126 0.000000
vn  -0.381003 0.326160 0.865134
vn  -0.652982 -0.757373 0.000000
vn  -0.657459 0.562821 0.500980
vn  -0.753149 -0.657850 0.000000
vn  0.000000 0.000000 -1.000000
vn  0.753149 0.657850 0.000000
vn  -0.652977 -0.757378 0.000000
vn  -0.657662 0.562995 -0.500518
vn  -0.660157 -0.751127 0.000000
vn  -0.381067 0.326214 -0.865085
vn  -0.669947 -0.742409 0.000000
vn  0.000000 0.000000 -1.000000
vn  -0.000000 0.000000 -1.000000
vn  -0.712803 -0.701364 0.000000
vn  0.000000 0.000000 -1.000000
vn  -0.640364 -0.299889 0.707107
vn  0.455221 -0.815362 0.357713
vn  0.562762 0.428134 0.707107
vn  0.795866 0.605473 0.000000
vn  0.640381 0.299854 0.707107
vn  0.905635 0.424058 0.000000
vn  0.456643 -0.817910 0.350000
vn  0.640076 0.300504 0.707107
vn  0.455218 -0.815358 0.357726
vn  0.692319 0.721592 0.000000
vn  -0.698566 0.715546 -0.000000
vn  -0.698566 0.715546 -0.000000
vn  0.699182 0.714944 0.000000
vn  -0.494653 0.506676 0.706114
vn  0.715542 0.698570 0.000000
vn  -0.000115 0.000117 1.000000
vn  0.731515 0.681825 0.000000
vn  0.494297 -0.506311 0.706626
vn  0.738007 0.674793 0.000000
vn  0.698566 -0.715546 0.000000
vn  0.698566 -0.715546 0.000000
vn  0.731526 0.681814 0.000000
vn  0.494653 -0.506676 -0.706114
vn  0.715549 0.698562 0.000000
vn  0.000115 -0.000117 -1.000000
vn  0.699193 0.714933 0.000000
vn  -0.494297 0.506311 -0.706626
vn  0.856728 0.515768 0.000000
vn  -0.487476 0.873136 -0.000000
vn  -0.487476 0.873136 -0.000000
vn  0.861617 0.507559 0.000000
vn  -0.345181 0.618266 0.706114
vn  0.873134 0.487481 0.000000
vn  -0.000080 0.000143 1.000000
vn  0.884180 0.467146 0.000000
vn  0.344932 -0.617820 0.706626
vn  0.888610 0.458663 0.000000
vn  0.487476 -0.873136 0.000000
vn  0.487476 -0.873136 0.000000
vn  0.884187 0.467132 0.000000
vn  0.345181 -0.618266 -0.706114
vn  0.873139 0.487471 0.000000
vn  0.000080 -0.000143 -1.000000
vn  0.861625 0.507546 0.000000
vn  -0.344932 0.617820 -0.706626
vn  0.795866 0.605473 0.000000
vn  0.562762 0.428134 -0.707107
vn  0.905635 0.424058 0.000000
vn  0.640381 0.299854 -0.707107
vn  0.456643 -0.817910 -0.350000
vn  0.916749 0.399464 0.000000
vn  0.487476 -0.873136 -0.000029
vn  0.640076 0.300504 -0.707107
vn  0.455218 -0.815358 -0.357726
vn  -0.640364 -0.299889 -0.707107
vn  0.455221 -0.815362 -0.357714
vn  0.000000 0.000000 -1.000000
vn  0.000000 0.000000 -1.000000
vn  0.988962 0.148168 0.000000
vn  0.000000 0.000000 -1.000000
vn  -0.280265 0.959923 0.000000
vn  0.000000 0.000000 -1.000000
vn  0.280832 0.959757 0.000000
vn  0.000000 0.000000 -1.000000
vn  0.753502 0.657446 0.000000
vn  0.000000 0.000000 -1.000000
vn  0.000000 0.000000 -1.000000
vn  -0.988962 0.148168 0.000000
vn  0.000000 0.000000 -1.000000
vn  -0.753493 0.657456 0.000000
vn  0.000000 0.000000 -1.000000
vn  -0.280805 0.959765 0.000000
vn  0.000000 0.000000 -1.000000
vn  0.280293 0.959915 0.000000
vn  0.000000 0.000000 1.000000
vn  0.000000 -0.000000 1.000000
vn  0.988962 0.148168 0.000000
vn  0.000000 0.000000 1.000000
vn  0.753502 0.657446 0.000000
vn  0.000000 0.000000 1.000000
vn  0.280832 0.959757 0.000000
vn  0.000000 0.000000 1.000000
vn  -0.280265 0.959923 0.000000
vn  0.000000 0.000000 1.000000
vn  0.280293 0.959915 0.000000
vn  0.000000 0.000000 1.000000
vn  -0.280805 0.959765 0.000000
vn  0.000000 0.000000 1.000000
vn  -0.753493 0.657456 0.000000
vn  0.000000 0.000000 1.000000
vn  0.000000 -0.000000 1.000000
vn  -0.988962 0.148168 0.000000
vn  0.000000 0.414992 -0.909825
vn  0.949716 -0.313112 0.000000
vn  0.000000 0.728836 -0.684688
vn  0.749537 -0.661962 0.000000
vn  0.000000 0.900397 -0.435070
vn  0.522483 -0.852650 0.000000
vn  0.000000 0.977483 -0.211012
vn  0.345859 -0.938287 0.000000
vn  0.000000 0.999965 0.008320
vn  0.268768 -0.963205 0.000000
vn  0.000000 0.975019 0.222121
vn  0.353158 -0.935564 0.000000
vn  0.000000 0.895436 0.445191
vn  0.531377 -0.847135 0.000000
vn  0.000000 0.724387 0.689393
vn  0.753877 -0.657015 0.000000
vn  0.000000 0.413399 0.910550
vn  0.950298 -0.311342 0.000000
vn  0.000000 0.416494 0.909139
vn  -0.949164 -0.314782 0.000000
vn  0.000000 0.728070 0.685503
vn  -0.750290 -0.661108 0.000000
vn  0.000000 0.897885 0.440231
vn  -0.527007 -0.849861 0.000000
vn  0.000000 0.976716 0.214535
vn  -0.348109 -0.937454 0.000000
vn  0.000000 0.999999 0.001596
vn  -0.268696 -0.963225 0.000000
vn  0.000000 0.976803 -0.214138
vn  -0.347864 -0.937545 0.000000
vn  0.000000 0.897829 -0.440344
vn  -0.527111 -0.849797 0.000000
vn  0.000000 0.727498 -0.686110
vn  -0.750849 -0.660474 0.000000
vn  0.000000 0.416069 -0.909333
vn  -0.949320 -0.314310 0.000000
vn  -0.555800 0.831316 0.000000
vn  -0.831316 -0.555800 0.000000
vn  -0.831316 -0.555800 -0.000000
vn  -0.555800 0.831316 0.000000
vn  -0.587829 -0.393010 -0.707107
vn  -0.555800 0.831316 0.000000
vn  0.000000 0.000000 -1.000000
vn  -0.555800 0.831316 0.000000
vn  0.587829 0.393010 -0.707107
vn  -0.555800 0.831316 0.000000
vn  0.831316 0.555800 0.000000
vn  0.831316 0.555800 0.000000
vn  -0.555800 0.831316 0.000000
vn  0.587829 0.393010 0.707107
vn  -0.555800 0.831316 0.000000
vn  -0.000000 -0.000000 1.000000
vn  -0.555800 0.831316 0.000000
vn  -0.587829 -0.393010 0.707107
vn  -0.715546 0.698566 0.000000
vn  -0.698566 -0.715546 0.000000
vn  -0.698566 -0.715546 -0.000000
vn  -0.715546 0.698566 0.000000
vn  -0.493961 -0.505967 -0.707107
vn  -0.715546 0.698566 0.000000
vn  0.000000 0.000000 -1.000000
vn  -0.715546 0.698566 0.000000
vn  0.493961 0.505967 -0.707107
vn  -0.715546 0.698566 0.000000
vn  0.698566 0.715546 0.000000
vn  0.698566 0.715546 0.000000
vn  -0.715546 0.698566 0.000000
vn  0.493961 0.505967 0.707107
vn  -0.715546 0.698566 0.000000
vn  -0.000000 -0.000000 1.000000
vn  -0.715546 0.698566 0.000000
vn  -0.493961 -0.505967 0.707107
vn  -0.873136 0.487476 0.000000
vn  -0.487476 -0.873136 0.000000
vn  -0.487476 -0.873136 -0.000000
vn  -0.873136 0.487476 0.000000
vn  -0.344698 -0.617401 -0.707107
vn  -0.873136 0.487476 0.000000
vn  0.000000 0.000000 -1.000000
vn  -0.873136 0.487476 0.000000
vn  0.344698 0.617401 -0.707107
vn  -0.873136 0.487476 0.000000
vn  0.487476 0.873136 0.000000
vn  0.487476 0.873136 0.000000
vn  -0.873136 0.487476 0.000000
vn  0.344698 0.617401 0.707107
vn  -0.873136 0.487476 0.000000
vn  -0.000000 -0.000000 1.000000
vn  -0.873136 0.487476 0.000000
vn  -0.344698 -0.617401 0.707107
vn  0.555800 0.831316 0.000000
vn  -0.831316 0.555800 0.000000
vn  -0.831316 0.555800 -0.000000
vn  0.555800 0.831316 0.000000
vn  -0.587829 0.393010 -0.707107
vn  0.555800 0.831316 0.000000
vn  0.000000 -0.000000 -1.000000
vn  0.555800 0.831316 0.000000
vn  0.587829 -0.393010 -0.707107
vn  0.555800 0.831316 0.000000
vn  0.831316 -0.555800 0.000000
vn  0.831316 -0.555800 0.000000
vn  0.555800 0.831316 0.000000
vn  0.587829 -0.393010 0.707107
vn  0.555800 0.831316 0.000000
vn  -0.000000 0.000000 1.000000
vn  0.555800 0.831316 0.000000
vn  -0.587829 0.393010 0.707107
vn  0.715546 0.698566 0.000000
vn  -0.698566 0.715546 0.000000
vn  -0.698566 0.715546 -0.000000
vn  0.715546 0.698566 0.000000
vn  -0.493961 0.505967 -0.707107
vn  0.715546 0.698566 0.000000
vn  0.000000 -0.000000 -1.000000
vn  0.715546 0.698566 0.000000
vn  0.493961 -0.505967 -0.707107
vn  0.715546 0.698566 0.000000
vn  0.698566 -0.715546 0.000000
vn  0.698566 -0.715546 0.000000
vn  0.715546 0.698566 0.000000
vn  0.493961 -0.505967 0.707107
vn  0.715546 0.698566 0.000000
vn  -0.000000 0.000000 1.000000
vn  0.715546 0.698566 0.000000
vn  -0.493961 0.505967 0.707107
vn  0.873136 0.487476 0.000000
vn  -0.487476 0.873136 0.000000
vn  -0.487476 0.873136 -0.000000
vn  0.873136 0.487476 0.000000
vn  -0.344698 0.617401 -0.707107
vn  0.873136 0.487476 0.000000
vn  0.000000 -0.000000 -1.000000
vn  0.873136 0.487476 0.000000
vn  0.344698 -0.617401 -0.707107
vn  0.873136 0.487476 0.000000
vn  0.487476 -0.873136 0.000000
vn  0.487476 -0.873136 0.000000
vn  0.873136 0.487476 0.000000
vn  0.344698 -0.617401 0.707107
vn  0.873136 0.487476 0.000000
vn  -0.000000 0.000000 1.000000
vn  0.873136 0.487476 0.000000
vn  -0.344698 0.617401 0.707107
vn  0.000000 0.000000 -1.000000
vn  -0.965926 -0.258819 0.000000
vn  -0.258819 0.965926 0.000000
vn  0.000000 0.000000 -1.000000
vn  -0.812847 -0.582478 0.000000
vn  0.000000 0.000000 -1.000000
vn  -0.555570 -0.831470 0.000000
vn  0.000000 0.000000 -1.000000
vn  -0.227076 -0.973877 0.000000
vn  0.000000 0.000000 -1.000000
vn  0.130526 -0.991445 0.000000
vn  0.000000 0.000000 -1.000000
vn  0.471397 -0.881921 0.000000
vn  0.000000 0.000000 -1.000000
vn  0.751840 -0.659346 0.000000
vn  0.000000 0.000000 -1.000000
vn  0.935906 -0.352250 0.000000
vn  0.000000 0.000000 -1.000000
vn  1.000000 -0.000000 0.000000
vn  0.000000 0.000000 -1.000000
vn  0.935906 0.352250 0.000000
vn  0.000000 0.000000 -1.000000
vn  0.751840 0.659346 0.000000
vn  0.000000 0.000000 -1.000000
vn  0.471397 0.881921 0.000000
vn  0.000000 0.000000 -1.000000
vn  0.130526 0.991445 0.000000
vn  0.000000 0.000000 -1.000000
vn  -0.227076 0.973877 0.000000
vn  0.000000 0.000000 -1.000000
vn  -0.555570 0.831470 0.000000
vn  0.000000 0.000000 -1.000000
vn  -0.812847 0.582478 0.000000
vn  0.000000 0.000000 -1.000000
vn  -0.965926 0.258819 0.000000
vn  -0.258819 -0.965926 0.000000
vn  0.000000 0.000000 -1.000000
vn  -0.258819 -0.965926 0.000000
vn  0.965926 -0.258819 0.000000
vn  0.000000 0.000000 -1.000000
vn  0.555570 -0.831470 0.000000
vn  0.000000 0.000000 -1.000000
vn  -0.130526 -0.991445 0.000000
vn  0.000000 0.000000 -1.000000
vn  -0.751840 -0.659346 0.000000
vn  0.000000 0.000000 -1.000000
vn  -1.000000 0.000000 0.000000
vn  0.000000 0.000000 -1.000000
vn  -0.751840 0.659346 0.000000
vn  0.000000 0.000000 -1.000000
vn  -0.130526 0.991445 0.000000
vn  0.000000 0.000000 -1.000000
vn  0.555570 0.831470 0.000000
vn  0.000000 0.000000 -1.000000
vn  0.965926 0.258819 0.000000
vn  -0.258819 0.965926 0.000000
vn  0.000000 0.000000 1.000000
vn  -0.965926 -0.258819 0.000000
vn  -0.258819 0.965926 0.000000
vn  0.000000 0.000000 1.000000
vn  0.965926 0.258819 0.000000
vn  -0.258819 0.965926 0.000000
vn  0.000000 0.000000 1.000000
vn  0.555570 0.831470 0.000000
vn  0.000000 0.000000 1.000000
vn  -0.130526 0.991445 0.000000
vn  0.000000 0.000000 1.000000
vn  -0.751840 0.659346 0.000000
vn  0.000000 0.000000 1.000000
vn  -1.000000 0.000000 0.000000
vn  0.000000 0.000000 1.000000
vn  -0.751840 -0.659346 0.000000
vn  0.000000 0.000000 1.000000
vn  -0.130526 -0.991445 0.000000
vn  0.000000 0.000000 1.000000
vn  0.555570 -0.831470 0.000000
vn  0.000000 0.000000 1.000000
vn  -0.258819 -0.965926 0.000000
vn  0.965926 -0.258819 0.000000
vn  0.000000 0.000000 1.000000
vn  -0.965926 0.258819 0.000000
vn  -0.258819 -0.965926 0.000000
vn  0.000000 0.000000 1.000000
vn  -0.812847 0.582478 0.000000
vn  0.000000 0.000000 1.000000
vn  -0.555570 0.831470 0.000000
vn  0.000000 0.000000 1.000000
vn  -0.227076 0.973877 0.000000
vn  0.000000 0.000000 1.000000
vn  0.130526 0.991445 0.000000
vn  0.000000 0.000000 1.000000
vn  0.471397 0.881921 0.000000
vn  0.000000 0.000000 1.000000
vn  0.751840 0.659346 0.000000
vn  0.000000 0.000000 1.000000
vn  0.935906 0.352250 0.000000
vn  0.000000 0.000000 1.000000
vn  1.000000 -0.000000 0.000000
vn  0.000000 0.000000 1.000000
vn  0.935906 -0.352250 0.000000
vn  0.000000 0.000000 1.000000
vn  0.751840 -0.659346 0.000000
vn  0.000000 0.000000 1.000000
vn  0.471397 -0.881921 0.000000
vn  0.000000 0.000000 1.000000
vn  0.130526 -0.991445 0.000000
vn  0.000000 0.000000 1.000000
vn  -0.227076 -0.973877 0.000000
vn  0.000000 0.000000 1.000000
vn  -0.555570 -0.831470 0.000000
vn  0.000000 0.000000 1.000000
vn  -0.812847 -0.582478 0.000000
vn  0.000000 1.000000 0.000000
vn  0.000000 0.000000 -1.000000
vn  0.000000 0.000000 -1.000000
vn  0.500072 0.865984 0.000000
vn  0.000000 0.000000 -1.000000
vn  0.865984 0.500072 0.000000
vn  0.000000 0.000000 -1.000000
vn  1.000000 -0.000000 0.000000
vn  0.000000 0.000000 -1.000000
vn  0.000000 0.000000 -1.000000
vn  0.910063 -0.414470 0.000000
vn  0.000000 0.520881 -0.853629
vn  0.708498 -0.705713 0.000000
vn  0.000000 0.886561 -0.462611
vn  0.605597 -0.795771 0.000000
vn  0.000000 0.999949 0.010067
vn  0.706863 -0.707350 0.000000
vn  0.000000 0.888778 0.458338
vn  0.908203 -0.418531 0.000000
vn  0.000000 0.525968 0.850505
vn  1.000000 0.000000 0.000000
vn  0.000000 -0.000000 1.000000
vn  0.000000 0.000000 1.000000
vn  0.865984 0.500072 0.000000
vn  0.000000 0.000000 1.000000
vn  0.500072 0.865984 0.000000
vn  0.000000 0.000000 1.000000
vn  -0.000000 1.000000 0.000000
vn  0.000000 0.000000 1.000000
vn  -0.000000 0.000000 1.000000
vn  -0.257565 0.966261 0.000000
vn  0.491950 0.000000 0.870624
vn  -0.454797 0.890595 0.000000
vn  0.868662 0.000000 0.495406
vn  -0.523560 0.851989 0.000000
vn  1.000000 0.000000 0.000000
vn  1.000000 0.000000 0.000000
vn  -0.523560 0.851989 0.000000
vn  1.000000 0.000000 0.000000
vn  1.000000 0.000000 0.000000
vn  -0.457796 0.889057 0.000000
vn  0.874390 0.000000 -0.485224
vn  -0.263279 0.964720 0.000000
vn  0.502863 0.000000 -0.864366
vn  -0.258819 -0.965926 0.000000
vn  0.965926 -0.258819 0.000000
vn  -0.965926 0.258819 0.000000
vn  -0.683013 0.183013 0.707107
vn  -0.258819 -0.965926 0.000000
vn  0.965926 -0.258819 0.000000
vn  -0.683013 0.183013 -0.707107
vn  -0.965926 0.258819 0.000000
vn  -1.000000 0.000000 0.000000
vn  0.707107 0.000000 -0.707107
vn  0.707107 -0.000000 -0.707107
vn  -0.935906 0.352250 0.000000
vn  0.661785 -0.249078 -0.707107
vn  -0.751840 0.659346 0.000000
vn  0.531631 -0.466228 -0.707107
vn  -0.471397 0.881921 0.000000
vn  0.333328 -0.623613 -0.707107
vn  -0.130526 0.991445 0.000000
vn  0.092296 -0.701057 -0.707107
vn  0.227076 0.973877 0.000000
vn  -0.160567 -0.688635 -0.707107
vn  0.555570 0.831470 0.000000
vn  -0.392847 -0.587938 -0.707107
vn  0.812847 0.582478 0.000000
vn  -0.574769 -0.411874 -0.707107
vn  0.965926 0.258819 0.000000
vn  -0.258819 0.965926 0.000000
vn  -0.965926 -0.258819 0.000000
vn  -0.683013 -0.183013 -0.707107
vn  0.812847 -0.582478 0.000000
vn  -0.574769 0.411874 -0.707107
vn  0.555570 -0.831470 0.000000
vn  -0.392847 0.587938 -0.707107
vn  0.227076 -0.973877 0.000000
vn  -0.160567 0.688635 -0.707107
vn  -0.130526 -0.991445 0.000000
vn  0.092296 0.701057 -0.707107
vn  -0.471397 -0.881921 0.000000
vn  0.333328 0.623613 -0.707107
vn  -0.751840 -0.659346 0.000000
vn  0.531631 0.466228 -0.707107
vn  -0.935906 -0.352250 0.000000
vn  0.661785 0.249078 -0.707107
vn  -1.000000 0.000000 0.000000
vn  0.707107 0.000000 0.707107
vn  0.707107 -0.000000 0.707107
vn  -0.935906 -0.352250 0.000000
vn  0.661785 0.249078 0.707107
vn  -0.751840 -0.659346 0.000000
vn  0.531631 0.466228 0.707107
vn  -0.471397 -0.881921 0.000000
vn  0.333328 0.623613 0.707107
vn  -0.130526 -0.991445 0.000000
vn  0.092296 0.701057 0.707107
vn  0.227076 -0.973877 0.000000
vn  -0.160567 0.688635 0.707107
vn  0.555570 -0.831470 0.000000
vn  -0.392847 0.587938 0.707107
vn  0.812847 -0.582478 0.000000
vn  -0.574769 0.411874 0.707107
vn  0.965926 0.258819 0.000000
vn  -0.258819 0.965926 0.000000
vn  -0.965926 -0.258819 0.000000
vn  -0.683013 -0.183013 0.707107
vn  0.812847 0.582478 0.000000
vn  -0.574769 -0.411874 0.707107
vn  0.555570 0.831470 0.000000
vn  -0.392847 -0.587938 0.707107
vn  0.227076 0.973877 0.000000
vn  -0.160567 -0.688635 0.707107
vn  -0.130526 0.991445 0.000000
vn  0.092296 -0.701057 0.707107
vn  -0.471397 0.881921 0.000000
vn  0.333328 -0.623613 0.707107
vn  -0.751840 0.659346 0.000000
vn  0.531631 -0.466228 0.707107
vn  -0.935906 0.352250 0.000000
vn  0.661785 -0.249078 0.707107
vn  0.000000 1.000000 0.000000
vn  0.000000 -1.000000 0.000000
vn  0.000000 0.838320 0.545179
vn  0.545179 -0.838320 0.000000
vn  0.000000 0.463370 0.886165
vn  0.886165 -0.463370 0.000000
vn  0.000000 -0.000000 1.000000
vn  0.000000 0.000000 1.000000
vn  1.000000 0.000000 0.000000
vn  0.000000 0.000000 -1.000000
vn  0.000000 0.000000 -1.000000
vn  1.000000 -0.000000 0.000000
vn  0.000000 0.465109 -0.885253
vn  0.885253 -0.465109 0.000000
vn  0.000000 0.838740 -0.544531
vn  0.544531 -0.838740 0.000000
vn  0.000000 0.000000 -1.000000
vn  0.000000 0.000000 -1.000000
vn  -0.000001 1.000000 0.000000
vn  0.000000 0.000000 -1.000000
vn  0.499924 0.866070 0.000000
vn  0.000000 0.000000 -1.000000
vn  0.865978 0.500081 0.000000
vn  0.000000 0.000000 1.000000
vn  -0.000000 0.000000 1.000000
vn  -0.000003 1.000000 0.000000
vn  0.000000 0.000000 1.000000
vn  0.865978 0.500081 0.000000
vn  0.000000 0.000000 1.000000
vn  0.499924 0.866070 0.000000
vn  1.000000 0.000000 0.000000
vn  1.000000 0.000000 0.000000
vn  -0.657895 0.753110 0.000000
vn  0.875962 0.000000 -0.482381
vn  -0.576290 0.817245 0.000000
vn  0.495300 0.000000 -0.868722
vn  -0.325855 0.945420 0.000000
vn  0.498628 0.000000 0.866816
vn  -0.328045 0.944662 0.000000
vn  0.877598 0.000000 0.479398
vn  -0.577367 0.816485 0.000000
vn  1.000000 0.000000 0.000000
vn  1.000000 0.000000 0.000000
vn  -0.657895 0.753110 0.000000
vn  0.000000 0.000000 -1.000000
vn  0.000000 -1.000000 0.000000
vn  0.977825 0.209424 0.000000
vn  0.000000 0.000000 -1.000000
vn  0.650744 0.759297 0.000000
vn  0.000000 0.000000 -1.000000
vn  0.057287 0.998358 0.000000
vn  0.000000 0.000000 -1.000000
vn  -0.559620 0.828749 0.000000
vn  0.000000 0.000000 -1.000000
vn  -0.947452 0.319899 0.000000
vn  0.000000 0.000000 -1.000000
vn  -0.947452 -0.319899 0.000000
vn  0.000000 0.000000 -1.000000
vn  -0.559620 -0.828749 0.000000
vn  0.000000 0.000000 -1.000000
vn  0.057287 -0.998358 0.000000
vn  0.000000 0.000000 -1.000000
vn  0.650744 -0.759297 0.000000
vn  0.000000 0.000000 -1.000000
vn  0.000000 1.000000 0.000000
vn  0.977825 -0.209424 0.000000
vn  0.000000 0.000000 -1.000000
vn  0.000000 1.000000 0.000000
vn  -0.964753 0.263158 0.000000
vn  0.000000 0.000000 -1.000000
vn  -0.552764 0.833338 0.000000
vn  0.000000 0.000000 -1.000000
vn  0.132754 0.991149 0.000000
vn  0.000000 0.000000 -1.000000
vn  0.752580 0.658501 0.000000
vn  0.000000 0.000000 -1.000000
vn  1.000000 -0.000000 0.000000
vn  0.000000 0.000000 -1.000000
vn  0.752580 -0.658501 0.000000
vn  0.000000 0.000000 -1.000000
vn  0.132754 -0.991149 0.000000
vn  0.000000 0.000000 -1.000000
vn  -0.552764 -0.833338 0.000000
vn  0.000000 0.000000 -1.000000
vn  -0.964753 -0.263158 0.000000
vn  0.000000 -1.000000 0.000000
vn  0.000000 0.000000 1.000000
vn  0.000000 -1.000000 0.000000
vn  0.977825 0.209424 0.000000
vn  0.000000 0.000000 1.000000
vn  -0.964753 -0.263158 0.000000
vn  0.000000 -1.000000 0.000000
vn  0.000000 0.000000 1.000000
vn  -0.552764 -0.833338 0.000000
vn  0.000000 0.000000 1.000000
vn  0.132754 -0.991149 0.000000
vn  0.000000 0.000000 1.000000
vn  0.752580 -0.658501 0.000000
vn  0.000000 0.000000 1.000000
vn  1.000000 -0.000000 0.000000
vn  0.000000 0.000000 1.000000
vn  0.752580 0.658501 0.000000
vn  0.000000 0.000000 1.000000
vn  0.132754 0.991149 0.000000
vn  0.000000 0.000000 1.000000
vn  -0.552764 0.833338 0.000000
vn  0.000000 0.000000 1.000000
vn  0.000000 1.000000 0.000000
vn  -0.964753 0.263158 0.000000
vn  0.000000 0.000000 1.000000
vn  0.000000 1.000000 0.000000
vn  0.977825 -0.209424 0.000000
vn  0.000000 0.000000 1.000000
vn  0.650744 -0.759297 0.000000
vn  0.000000 0.000000 1.000000
vn  0.057287 -0.998358 0.000000
vn  0.000000 0.000000 1.000000
vn  -0.559620 -0.828749 0.000000
vn  0.000000 0.000000 1.000000
vn  -0.947452 -0.319899 0.000000
vn  0.000000 0.000000 1.000000
vn  -0.947452 0.319899 0.000000
vn  0.000000 0.000000 1.000000
vn  -0.559620 0.828749 0.000000
vn  0.000000 0.000000 1.000000
vn  0.057287 0.998358 0.000000
vn  0.000000 0.000000 1.000000
vn  0.650744 0.759297 0.000000
vn  0.000000 1.000000 0.000000
vn  0.000000 -0.222222 0.974996
vn  -1.000000 0.000000 0.000000
vn  0.000000 0.222222 -0.974996
vn  0.000000 1.000000 0.000000
vn  0.000000 -0.222222 0.974996
vn  0.000000 -0.222234 0.974993
vn  0.000000 1.000000 0.000000
vn  0.673314 -0.323124 0.665011
vn  0.673314 -0.323124 0.665011
vn  0.000000 1.000000 0.000000
vn  0.977825 -0.209424 0.000000
vn  0.977825 -0.209422 -0.000000
vn  0.000000 1.000000 0.000000
vn  -0.964753 0.263158 0.000000
vn  0.000000 0.263158 -0.964753
vn  0.000000 1.000000 0.000000
vn  1.000000 0.000000 0.000000
vn  0.000000 0.263158 -0.964753
vn  0.000000 1.000000 0.000000
vn  1.000000 0.000000 0.000000
vn  -1.000000 0.000000 0.000000
vn  0.000000 0.253165 -0.967423
vn  0.000000 1.000000 0.000000
vn  -1.000000 -0.000000 0.000000
vn  -1.000000 0.000000 0.000000
vn  0.000000 1.000000 0.000000
vn  -0.704756 0.161301 -0.690869
vn  0.000000 1.000000 0.000000
vn  0.000000 0.222222 -0.974996
vn  -0.000000 0.222222 -0.974996
vn  0.000000 1.000000 0.000000
vn  1.000000 0.000000 0.000000
vn  -1.000000 0.000000 0.000000
vn  0.000000 0.253165 0.967423
vn  0.000000 1.000000 0.000000
vn  1.000000 0.000000 0.000000
vn  0.000000 0.263158 0.964753
vn  0.000000 1.000000 0.000000
vn  -0.964753 0.263158 0.000000
vn  0.000000 0.263158 0.964753
vn  0.000000 1.000000 0.000000
vn  0.977825 -0.209424 0.000000
vn  0.977827 -0.209417 0.000000
vn  0.000000 1.000000 0.000000
vn  0.673312 -0.323123 -0.665013
vn  0.673312 -0.323123 -0.665013
vn  0.000000 1.000000 0.000000
vn  0.000000 -0.222222 -0.974996
vn  -0.000000 -0.222208 -0.974999
vn  0.000000 1.000000 0.000000
vn  0.000000 -0.222222 -0.974996
vn  -1.000000 0.000000 0.000000
vn  0.000000 0.222222 0.974996
vn  0.000000 1.000000 0.000000
vn  0.000000 0.222222 0.974996
vn  -0.000000 0.222222 0.974996
vn  0.000000 1.000000 0.000000
vn  -0.704756 0.161301 0.690869
vn  0.000000 1.000000 0.000000
vn  -1.000000 0.000000 0.000000
vn  -1.000000 -0.000000 -0.000000
vn  -0.964753 -0.263158 0.000000
vn  0.000000 -1.000000 0.000000
vn  0.000000 -0.263158 0.964753
vn  -0.786119 0.618076 0.000000
vn  0.000000 0.618076 0.786119
vn  -0.457350 0.889287 0.000000
vn  0.000000 0.889287 0.457350
vn  0.000000 1.000000 0.000000
vn  0.000000 1.000000 0.000000
vn  -0.458271 0.888813 0.000000
vn  0.000000 0.888813 -0.458271
vn  -0.785831 0.618442 0.000000
vn  0.000000 0.618442 -0.785831
vn  -0.964753 -0.263158 0.000000
vn  0.000000 -1.000000 0.000000
vn  0.000000 -0.263158 -0.964753
vn  -0.786032 -0.618186 0.000000
vn  0.000000 -0.618186 -0.786032
vn  -0.457115 -0.889407 0.000000
vn  0.000000 -0.889407 -0.457115
vn  -0.000000 -1.000000 0.000000
vn  0.000000 -1.000000 -0.000000
vn  -0.458061 -0.888921 0.000000
vn  0.000000 -0.888921 0.458061
vn  -0.785745 -0.618551 0.000000
vn  0.000000 -0.618551 0.785745
vn  1.000000 -0.000000 0.000000
vn  0.000000 0.000000 -1.000000
vn  0.000000 0.000000 -1.000000
vn  0.892698 -0.450655 0.000000
vn  0.000000 0.539347 -0.842084
vn  0.666597 -0.745419 0.000000
vn  0.000000 0.892155 -0.451730
vn  0.549813 -0.835288 0.000000
vn  0.000000 0.999751 -0.022310
vn  0.650481 -0.759522 0.000000
vn  0.000000 0.909034 0.416721
vn  0.881569 -0.472055 0.000000
vn  0.000000 0.565030 0.825070
vn  1.000000 -0.000000 0.000000
vn  0.000000 0.000000 1.000000
vn  0.000000 -0.000000 1.000000
vn  0.892696 0.450660 0.000000
vn  0.000000 -0.539353 0.842080
vn  0.666466 0.745536 0.000000
vn  0.000000 -0.892294 0.451454
vn  0.549813 0.835288 0.000000
vn  0.000000 -0.999750 0.022340
vn  0.650328 0.759654 0.000000
vn  0.000000 -0.909192 -0.416377
vn  0.881326 0.472509 0.000000
vn  0.000000 -0.565570 -0.824700
vn  0.000000 -1.000000 0.000000
vn  0.000000 0.222222 0.974996
vn  -1.000000 0.000000 0.000000
vn  0.000000 -0.222222 -0.974996
vn  0.000000 -1.000000 0.000000
vn  0.000000 -0.222222 -0.974996
vn  -0.000000 -0.222222 -0.974996
vn  0.000000 -1.000000 0.000000
vn  -0.704756 -0.161301 -0.690869
vn  0.000000 -1.000000 0.000000
vn  -1.000000 0.000000 0.000000
vn  -1.000000 0.000000 0.000000
vn  0.000000 -1.000000 0.000000
vn  1.000000 0.000000 0.000000
vn  -1.000000 0.000000 0.000000
vn  0.000000 -0.253165 -0.967423
vn  0.000000 -1.000000 0.000000
vn  1.000000 0.000000 0.000000
vn  0.000000 -0.263158 -0.964753
vn  0.000000 -1.000000 0.000000
vn  0.977825 0.209424 0.000000
vn  0.977827 0.209412 -0.000000
vn  0.000000 -1.000000 0.000000
vn  0.667245 0.323219 0.671054
vn  0.667245 0.323219 0.671054
vn  0.000000 -1.000000 0.000000
vn  0.000000 0.222222 0.974996
vn  -0.000000 0.222211 0.974999
vn  0.000000 -1.000000 0.000000
vn  1.000000 0.000000 0.000000
vn  -1.000000 0.000000 0.000000
vn  0.000000 -0.253165 0.967423
vn  0.000000 -1.000000 0.000000
vn  -1.000000 0.000000 0.000000
vn  -1.000000 -0.000000 0.000000
vn  0.000000 -1.000000 0.000000
vn  -0.702004 -0.161885 0.693530
vn  0.000000 -1.000000 0.000000
vn  0.000000 -0.222222 0.974996
vn  -0.000000 -0.222222 0.974996
vn  0.000000 -1.000000 0.000000
vn  0.000000 0.222222 -0.974996
vn  -1.000000 0.000000 0.000000
vn  0.000000 -0.222222 0.974996
vn  0.000000 -1.000000 0.000000
vn  0.000000 0.222222 -0.974996
vn  -0.000000 0.222215 -0.974998
vn  0.000000 -1.000000 0.000000
vn  0.667243 0.323227 -0.671052
vn  0.667243 0.323227 -0.671052
vn  0.000000 -1.000000 0.000000
vn  0.977825 0.209424 0.000000
vn  0.977824 0.209428 -0.000000
vn  0.000000 -1.000000 0.000000
vn  1.000000 0.000000 0.000000
vn  0.000000 -0.263158 0.964753
vn  1.000000 0.000000 0.000000
vn  0.000000 -1.000000 -0.000000
vn  0.000000 -1.000000 -0.000000
vn  1.000000 0.000000 0.000000
vn  0.000000 -0.946327 0.323212
vn  1.000000 0.000000 0.000000
vn  0.000000 -0.791540 0.611117
vn  1.000000 0.000000 0.000000
vn  0.000000 -0.552106 0.833774
vn  1.000000 0.000000 0.000000
vn  0.000000 -0.794719 0.606977
vn  1.000000 0.000000 0.000000
vn  0.000000 -1.000000 0.000000
vn  1.000000 0.000000 0.000000
vn  0.000000 -0.794719 -0.606977
vn  1.000000 0.000000 0.000000
vn  0.000000 -0.552106 -0.833774
vn  1.000000 0.000000 0.000000
vn  0.000000 -0.791540 -0.611117
vn  1.000000 0.000000 0.000000
vn  0.000000 -0.946327 -0.323212
vn  1.000000 0.000000 0.000000
vn  0.000000 0.794719 -0.606977
vn  1.000000 0.000000 0.000000
vn  0.000000 1.000000 0.000000
vn  1.000000 0.000000 0.000000
vn  0.000000 0.794719 0.606977
vn  1.000000 0.000000 0.000000
vn  0.000000 0.552106 0.833774
vn  1.000000 0.000000 0.000000
vn  0.000000 0.791540 0.611117
vn  1.000000 0.000000 0.000000
vn  0.000000 0.946327 0.323212
vn  1.000000 0.000000 0.000000
vn  0.000000 1.000000 0.000000
vn  0.000000 1.000000 0.000000
vn  1.000000 0.000000 0.000000
vn  0.000000 0.946327 -0.323212
vn  1.000000 0.000000 0.000000
vn  0.000000 0.791540 -0.611117
vn  1.000000 0.000000 0.000000
vn  0.000000 0.552106 -0.833774
vn  0.000000 -0.781709 0.623643
vn  -1.000000 0.000000 0.000000
vn  0.000000 -1.000000 -0.000000
vn  -1.000000 0.000000 0.000000
vn  0.000000 -0.781709 -0.623643
vn  -1.000000 0.000000 0.000000
vn  0.000000 -0.527757 -0.849396
vn  -0.000004 -0.527743 -0.849404
vn  0.000000 -0.681968 -0.731382
vn  -0.000014 -0.681999 -0.731353
vn  0.000000 -0.809842 -0.586649
vn  0.000018 -0.809853 -0.586633
vn  0.000000 -0.900755 -0.434327
vn  -0.000034 -0.900755 -0.434328
vn  0.000000 -0.957826 -0.287350
vn  0.000045 -0.957805 -0.287418
vn  0.000000 -0.999864 -0.016463
vn  -0.000008 -0.999867 -0.016284
vn  0.000000 -0.969910 0.243462
vn  0.000045 -0.969892 0.243535
vn  0.000000 -0.924104 0.382141
vn  -0.000033 -0.924106 0.382136
vn  0.000000 -0.846606 0.532219
vn  0.000027 -0.846610 0.532214
vn  0.000000 -0.728410 0.685141
vn  -0.000025 -0.728426 0.685124
vn  0.000000 -0.568910 0.822400
vn  0.000003 -0.568903 0.822404
vn  0.000000 -0.393781 0.919204
vn  0.000004 -0.393772 0.919208
vn  0.000000 0.781709 -0.623643
vn  -1.000000 0.000000 0.000000
vn  0.000000 1.000000 0.000000
vn  -1.000000 0.000000 0.000000
vn  0.000000 0.781709 0.623643
vn  -1.000000 0.000000 0.000000
vn  0.000000 0.499620 0.866245
vn  0.000030 0.499650 0.866228
vn  0.000000 0.762914 0.646500
vn  -0.000053 0.762892 0.646525
vn  0.000000 0.871277 0.490791
vn  -0.000038 0.871605 0.490208
vn  -0.000038 0.871605 0.490208
vn  0.000000 0.926074 0.377342
vn  0.000073 0.926086 0.377312
vn  0.000000 0.991932 0.126771
vn  -0.000202 0.991892 0.127086
vn  0.000000 0.993634 -0.112659
vn  -0.000225 0.993594 -0.113010
vn  0.000000 0.930813 -0.365495
vn  0.000082 0.930828 -0.365458
vn  0.000000 0.871396 -0.490581
vn  -0.000182 0.871643 -0.490142
vn  -0.000182 0.871643 -0.490142
vn  0.000000 0.770546 -0.637385
vn  -0.000055 0.770520 -0.637416
vn  0.000000 0.502449 -0.864607
vn  0.000035 0.502475 -0.864592
vn  0.917943 -0.396712 0.000000
vn  0.917945 -0.396707 -0.000005
vn  0.809967 -0.586475 0.000000
vn  0.809957 -0.586489 -0.000026
vn  0.665538 -0.746364 0.000000
vn  0.665511 -0.746388 0.000024
vn  0.559447 -0.828866 0.000000
vn  0.557906 -0.829904 0.000083
vn  0.557906 -0.829904 0.000083
vn  0.523001 -0.852332 0.000000
vn  0.522962 -0.852356 -0.000041
vn  0.406503 -0.913650 0.000000
vn  0.406615 -0.913599 0.000107
vn  0.329496 -0.944157 0.000000
vn  0.329257 -0.944240 -0.000260
vn  0.344695 -0.938715 0.000000
vn  0.344447 -0.938806 0.000097
vn  0.437224 -0.899352 0.000000
vn  0.437327 -0.899302 -0.000107
vn  0.558280 -0.829653 0.000000
vn  0.557854 -0.829939 0.000114
vn  0.557854 -0.829939 0.000114
vn  0.566018 -0.824393 0.000000
vn  0.565984 -0.824416 0.000026
vn  0.709337 -0.704869 0.000000
vn  0.709317 -0.704889 -0.000030
vn  0.839173 -0.543865 0.000000
vn  0.839146 -0.543906 -0.000020
vn  0.927640 -0.373476 0.000000
vn  0.927645 -0.373462 0.000018
vn  0.831728 0.555184 0.000000
vn  0.831685 0.555248 0.000007
vn  0.696555 0.717503 0.000000
vn  0.696552 0.717506 -0.000005
vn  0.551338 0.834282 0.000000
vn  0.551327 0.834290 0.000022
vn  0.335861 0.941911 0.000000
vn  0.335921 0.941890 0.000095
vn  0.341465 0.939894 0.000000
vn  0.341524 0.939873 -0.000065
vn  0.560537 0.828129 0.000000
vn  0.560523 0.828139 -0.000020
vn  0.703937 0.710262 0.000000
vn  0.703934 0.710265 0.000002
vn  0.834550 0.550933 0.000000
vn  0.834516 0.550984 -0.000005
vn  -1.000000 0.000000 0.000000
vn  0.000000 0.000000 1.000000
vn  0.000000 -0.000000 1.000000
vn  -0.922833 0.385201 0.000000
vn  0.000000 0.579164 0.815211
vn  -0.777430 0.628969 0.000000
vn  0.000000 0.946008 0.324143
vn  -0.747334 0.664448 0.000000
vn  0.000000 0.999742 0.022697
vn  -0.773840 0.633381 0.000000
vn  0.000000 0.953026 -0.302889
vn  -0.843773 0.536700 0.000000
vn  0.000000 0.806982 -0.590576
vn  -0.923556 0.383465 0.000000
vn  0.000000 0.576534 -0.817073
vn  -1.000000 0.000000 0.000000
vn  0.000000 0.000000 -1.000000
vn  0.000000 0.000000 -1.000000
vn  -0.922930 -0.384967 0.000000
vn  0.000000 -0.578814 -0.815460
vn  -0.777600 -0.628759 0.000000
vn  0.000000 -0.945698 -0.325047
vn  -0.773983 -0.633207 0.000000
vn  0.000000 -0.952772 0.303686
vn  -0.923645 -0.383248 0.000000
vn  0.000000 -0.576207 0.817304
vn  0.474462 0.632918 0.611801
vn  0.237056 0.800952 0.549800
vn  0.474427 0.632950 -0.611795
vn  0.236973 0.800990 -0.549781
vn  0.622303 -0.628548 0.466548
vn  0.577470 -0.784573 0.225774
vn  0.622276 -0.628602 -0.466510
vn  0.577469 -0.784592 -0.225708
vn  1.000000 0.000000 0.000000
vn  1.000000 0.000000 0.000000
vn  1.000000 0.000000 0.000000
vn  1.000000 0.000000 0.000000
vn  1.000000 0.000000 -0.000000
vn  1.000000 0.000000 0.000000
vn  1.000000 0.000000 -0.000000
vn  1.000000 0.000000 0.000000
vn  1.000000 -0.000000 -0.000000
vn  1.000000 0.000000 0.000000
vn  1.000000 -0.000000 -0.000000
vn  1.000000 0.000000 0.000000
vn  1.000000 -0.000000 0.000000
vn  1.000000 -0.000000 0.000000
vn  1.000000 0.000000 0.000000
vn  1.000000 -0.000000 0.000000
vn  1.000000 0.000000 0.000000
vn  1.000000 -0.000000 0.000000
vn  1.000000 0.000000 0.000000
vn  1.000000 0.000000 0.000000
vn  1.000000 0.000000 0.000000
vn  1.000000 0.000000 0.000000
vn  1.000000 0.000000 0.000000
vn  0.000000 -1.000000 -0.000000
vn  0.000000 -1.000000 -0.000000
vn  1.000000 0.000000 0.000000
vn  0.000000 -0.809017 -0.587785
vn  1.000000 0.000000 0.000000
vn  0.000000 -0.309017 -0.951057
vn  1.000000 0.000000 0.000000
vn  0.000000 0.309017 -0.951057
vn  1.000000 0.000000 0.000000
vn  0.000000 0.809017 -0.587785
vn  1.000000 0.000000 0.000000
vn  0.000000 1.000000 0.000000
vn  0.000000 1.000000 0.000000
vn  1.000000 0.000000 0.000000
vn  0.000000 0.809017 0.587785
vn  1.000000 0.000000 0.000000
vn  0.000000 0.309017 0.951057
vn  1.000000 0.000000 0.000000
vn  0.000000 -0.309017 0.951057
vn  1.000000 0.000000 0.000000
vn  0.000000 -0.809017 0.587785
vn  0.707107 -0.707107 0.000000
vn  0.707107 -0.707107 0.000000
vn  0.707107 -0.707107 -0.000000
vn  0.707107 -0.707107 -0.000000
vn  0.707107 -0.612372 0.353553
vn  0.707107 -0.353553 0.612372
vn  0.707107 -0.000000 0.707107
vn  0.707107 0.353553 0.612372
vn  0.707107 0.612372 0.353553
vn  0.707107 0.707107 0.000000
vn  0.707107 0.707107 0.000000
vn  0.707107 0.707107 0.000000
vn  0.707107 0.707107 0.000000
vn  0.000000 1.000000 0.000000
vn  0.000000 1.000000 0.000000
vn  0.000000 1.000000 0.000000
vn  0.000000 1.000000 0.000000
vn  0.000000 -1.000000 0.000000
vn  0.000000 -1.000000 0.000000
vn  0.000000 -1.000000 -0.000000
vn  0.000000 -1.000000 -0.000000
vn  0.000000 -0.809017 0.587785
vn  0.000000 -0.809017 0.587785
vn  0.000000 -0.309017 0.951057
vn  0.000000 -0.309017 0.951057
vn  0.000000 0.309017 0.951057
vn  0.000000 0.309017 0.951057
vn  0.000000 0.809017 0.587785
vn  0.000000 0.809017 0.587785
vn  0.000000 -1.000000 0.000000
vn  -1.000000 0.000000 0.000000
vn  0.000000 -1.000000 -0.000000
vn  0.000000 -0.809017 0.587785
vn  -1.000000 0.000000 0.000000
vn  0.000000 -0.309017 0.951057
vn  -1.000000 0.000000 0.000000
vn  0.000000 0.309017 0.951057
vn  -1.000000 0.000000 0.000000
vn  0.000000 0.809017 0.587785
vn  -1.000000 0.000000 0.000000
vn  0.000000 1.000000 0.000000
vn  -1.000000 0.000000 0.000000
vn  0.000000 1.000000 0.000000
vn  -1.000000 0.000000 0.000000
vn  0.000000 -0.809017 -0.587785
vn  -1.000000 0.000000 0.000000
vn  0.000000 -0.309017 -0.951057
vn  -1.000000 0.000000 0.000000
vn  0.000000 0.309017 -0.951057
vn  -1.000000 0.000000 0.000000
vn  0.000000 0.809017 -0.587785
vn  -1.000000 0.000000 0.000000
vn  0.000000 -0.000000 1.000000
vn  -1.000000 0.000000 0.000000
vn  0.000000 0.000000 -1.000000
vn  0.000000 -0.000000 -1.000000
vn  -0.000000 -0.000000 -1.000000
vn  -1.000000 0.000000 0.000000
vn  -1.000000 0.000000 0.000000
vn  -1.000000 0.000000 0.000000
vn  0.000000 0.000000 -1.000000
vn  -1.000000 0.000000 0.000000
vn  -1.000000 0.000000 -0.000000
vn  -1.000000 0.000000 0.000000
vn  0.000000 -0.000000 1.000000
vn  0.707107 0.612372 -0.353553
vn  0.707107 0.353553 -0.612372
vn  0.707107 0.000000 -0.707107
vn  0.707107 -0.353553 -0.612372
vn  0.707107 -0.612372 -0.353553
vn  0.000000 0.809017 -0.587785
vn  0.000000 0.809017 -0.587785
vn  0.000000 0.309017 -0.951057
vn  0.000000 0.309017 -0.951057
vn  0.000000 -0.309017 -0.951057
vn  0.000000 -0.309017 -0.951057
vn  0.000000 -0.809017 -0.587785
vn  0.000000 -0.809017 -0.587785
vn  0.000000 0.000000 1.000000
vn  -0.000000 0.000000 1.000000
vn  0.000000 0.000000 -1.000000
vn  -0.707107 0.000000 -0.707107
vn  -0.707107 0.000000 -0.707107
vn  0.000000 0.000000 -1.000000
vn  -0.653281 -0.270598 -0.707107
vn  0.000000 0.000000 -1.000000
vn  -0.500000 -0.500000 -0.707107
vn  0.000000 0.000000 -1.000000
vn  -0.270598 -0.653281 -0.707107
vn  0.000000 0.000000 -1.000000
vn  -0.000000 -0.707107 -0.707107
vn  0.000000 0.000000 -1.000000
vn  0.270598 -0.653281 -0.707107
vn  0.000000 0.000000 -1.000000
vn  0.500000 -0.500000 -0.707107
vn  0.000000 0.000000 -1.000000
vn  0.653281 -0.270598 -0.707107
vn  0.000000 0.000000 -1.000000
vn  0.707107 0.000000 -0.707107
vn  0.707107 -0.000000 -0.707107
vn  0.000000 0.000000 -1.000000
vn  0.653281 0.270598 -0.707107
vn  0.000000 0.000000 -1.000000
vn  0.500000 0.500000 -0.707107
vn  0.000000 0.000000 -1.000000
vn  0.270598 0.653281 -0.707107
vn  0.000000 0.000000 -1.000000
vn  0.000000 0.707107 -0.707107
vn  0.000000 0.000000 -1.000000
vn  -0.270598 0.653281 -0.707107
vn  0.000000 0.000000 -1.000000
vn  -0.500000 0.500000 -0.707107
vn  0.000000 0.000000 -1.000000
vn  -0.653281 0.270598 -0.707107
vn  -0.707107 0.000000 -0.707107
vn  -1.000000 0.000000 0.000000
vn  -0.707107 0.000000 -0.707107
vn  -0.701057 0.092296 -0.707107
vn  -0.991445 0.130526 0.000000
vn  -1.000000 0.000000 0.000000
vn  -0.707107 0.000000 0.707107
vn  -0.707107 0.000000 0.707107
vn  -0.991445 -0.130526 0.000000
vn  -0.701057 -0.092296 0.707107
vn  -0.991445 -0.130526 0.000000
vn  -0.701057 -0.092296 -0.707107
vn  -0.991445 0.130526 0.000000
vn  -0.701057 0.092296 0.707107
vn  1.000000 0.000000 0.000000
vn  1.000000 -0.000004 0.000001
vn  1.000000 -0.000097 0.000352
vn  0.975365 0.220596 0.000000
vn  0.975363 0.220604 -0.000026
vn  0.879393 0.476097 0.000000
vn  0.879392 0.476099 0.000005
vn  0.797707 0.603045 0.000000
vn  0.797712 0.603038 -0.000039
vn  0.694343 0.719644 0.000000
vn  0.694321 0.719665 -0.000098
vn  0.633101 0.774069 0.000000
vn  0.631702 0.775208 0.002325
vn  0.631702 0.775208 0.002325
vn  0.587542 0.809194 0.000000
vn  0.587314 0.809359 0.000237
vn  0.527958 0.849271 0.000000
vn  0.528050 0.849213 0.000256
vn  0.547437 0.836847 0.000000
vn  0.547325 0.836920 0.000211
vn  0.631727 0.775191 0.000000
vn  0.631304 0.775533 -0.001925
vn  0.631304 0.775533 -0.001925
vn  0.641047 0.767501 0.000000
vn  0.640777 0.767727 -0.000240
vn  0.758329 0.651872 0.000000
vn  0.758351 0.651846 0.000123
vn  0.855842 0.517237 0.000000
vn  0.855825 0.517265 -0.000022
vn  0.970224 0.242209 0.000000
vn  0.970214 0.242248 0.000017
vn  1.000000 -0.000000 0.000000
vn  1.000000 0.000003 -0.000000
vn  1.000000 0.000101 -0.000350
vn  0.969996 -0.243120 0.000000
vn  0.969958 -0.243273 0.000346
vn  0.878855 -0.477089 0.000000
vn  0.878722 -0.477334 0.000276
vn  0.754009 -0.656864 0.000000
vn  0.753969 -0.656910 -0.000062
vn  0.637203 -0.770696 0.000000
vn  0.637444 -0.770497 0.000086
vn  0.631419 -0.775442 0.000000
vn  0.632144 -0.774842 -0.003675
vn  0.632144 -0.774842 -0.003675
vn  0.524919 -0.851152 0.000000
vn  0.524926 -0.851147 0.000768
vn  0.631215 -0.775608 0.000000
vn  0.631677 -0.775228 0.002450
vn  0.631677 -0.775228 0.002450
vn  0.634593 -0.772847 0.000000
vn  0.634661 -0.772791 0.000049
vn  0.753470 -0.657483 0.000000
vn  0.753379 -0.657587 0.000139
vn  0.879310 -0.476249 0.000000
vn  0.879223 -0.476411 -0.000402
vn  0.970449 -0.241306 0.000000
vn  0.970404 -0.241487 -0.000359
vn  0.707107 0.000000 0.707107
vn  0.000000 0.000000 1.000000
vn  0.707107 -0.000000 0.707107
vn  0.653281 0.270598 0.707107
vn  0.000000 0.000000 1.000000
vn  0.500000 0.500000 0.707107
vn  0.000000 0.000000 1.000000
vn  0.270598 0.653281 0.707107
vn  0.000000 0.000000 1.000000
vn  0.000000 0.707107 0.707107
vn  0.000000 0.000000 1.000000
vn  -0.270598 0.653281 0.707107
vn  0.000000 0.000000 1.000000
vn  -0.500000 0.500000 0.707107
vn  0.000000 0.000000 1.000000
vn  -0.653281 0.270598 0.707107
vn  0.000000 0.000000 1.000000
vn  -0.707107 0.000000 0.707107
vn  0.000000 0.000000 1.000000
vn  -0.707107 0.000000 0.707107
vn  0.000000 0.000000 1.000000
vn  0.653281 -0.270598 0.707107
vn  0.000000 0.000000 1.000000
vn  0.500000 -0.500000 0.707107
vn  0.000000 0.000000 1.000000
vn  0.270598 -0.653281 0.707107
vn  0.000000 0.000000 1.000000
vn  -0.000000 -0.707107 0.707107
vn  0.000000 0.000000 1.000000
vn  -0.270598 -0.653281 0.707107
vn  0.000000 0.000000 1.000000
vn  -0.500000 -0.500000 0.707107
vn  0.000000 0.000000 1.000000
vn  -0.653281 -0.270598 0.707107
vn  1.000000 0.000000 0.000000
vn  0.000000 0.878858 -0.477084
vn  -0.865336 0.458118 -0.203280
vn  1.000000 0.000000 0.000000
vn  0.000000 0.412374 -0.911015
vn  1.000000 0.000000 0.000000
vn  0.000000 -0.221641 -0.975128
vn  1.000000 0.000000 0.000000
vn  0.000000 -0.765859 -0.643009
vn  0.865336 -0.408285 -0.290685
vn  1.000000 0.000000 0.000000
vn  0.865250 -0.498894 0.049475
vn  1.000000 0.000000 0.000000
vn  0.865147 -0.342071 0.366754
vn  1.000000 0.000000 0.000000
vn  -0.865017 -0.098135 0.492052
vn  0.865017 -0.002121 0.501739
vn  1.000000 0.000000 0.000000
vn  -0.865146 0.258906 0.429524
vn  1.000000 0.000000 0.000000
vn  -0.865250 0.479152 0.147498
vn  0.000000 0.000000 -1.000000
vn  0.000000 0.000000 -1.000000
vn  -0.000001 -0.000012 -1.000000
vn  -0.000335 -0.000281 -1.000000
vn  0.000000 0.000000 1.000000
vn  0.000000 -0.000000 1.000000
vn  -0.000001 0.000013 1.000000
vn  -0.000333 0.000190 1.000000
vn  0.000000 0.250003 0.968245
vn  0.000006 0.249957 0.968257
vn  0.000000 0.535537 0.844512
vn  -0.000002 0.535543 0.844508
vn  0.000000 0.679023 0.734117
vn  -0.000012 0.679043 0.734099
vn  0.000000 0.814982 0.579486
vn  0.000046 0.814932 0.579556
vn  0.000000 0.925818 0.377970
vn  -0.000000 0.925816 0.377974
vn  0.000000 0.987852 0.155400
vn  -0.000047 0.987887 0.155177
vn  0.000000 0.997886 -0.064992
vn  0.000024 0.997866 -0.065299
vn  0.000000 0.958874 -0.283833
vn  0.000043 0.958834 -0.283968
vn  0.000000 0.872717 -0.488227
vn  0.000060 0.872711 -0.488237
vn  0.000000 0.756052 -0.654512
vn  -0.000016 0.756081 -0.654478
vn  0.000000 0.491634 -0.870802
vn  0.000003 0.491632 -0.870803
vn  0.000000 0.227565 -0.973763
vn  -0.000001 0.227558 -0.973765
vn  0.000000 0.000000 -1.000000
vn  0.000000 0.000000 -1.000000
vn  -0.865336 0.039907 -0.499602
vn  0.000000 0.000000 -1.000000
vn  0.000000 0.000000 -1.000000
vn  0.865336 -0.039907 -0.499602
vn  0.000000 0.313243 -0.949673
vn  0.865336 0.118598 -0.486959
vn  0.000000 0.595563 -0.803309
vn  0.865336 0.265487 -0.425101
vn  0.000000 0.952796 -0.303611
vn  0.865336 0.463902 -0.189708
vn  0.000000 0.949912 0.312518
vn  0.865336 0.487049 0.118226
vn  0.000000 0.586766 0.809757
vn  0.865336 0.325464 0.381140
vn  0.000000 0.000000 1.000000
vn  0.000000 -0.000000 1.000000
vn  0.865336 0.039907 0.499602
vn  0.000000 0.000000 1.000000
vn  0.000000 -0.000000 1.000000
vn  -0.865336 -0.039907 0.499602
vn  0.000000 0.589284 0.807926
vn  -0.865336 0.262166 0.427158
vn  0.000000 0.952249 0.305323
vn  -0.865336 0.463561 0.190541
vn  0.000000 0.951016 -0.309142
vn  -0.865336 0.487466 -0.116496
vn  0.000000 0.586410 -0.810014
vn  -0.865336 0.325297 -0.381283
vn  0.000000 0.490110 0.871660
vn  -0.865336 0.210075 0.455042
vn  -0.865336 0.210075 0.455042
vn  0.000000 0.742562 0.669777
vn  -0.865336 0.344257 0.364255
vn  0.000000 0.917637 0.397420
vn  -0.865336 0.442593 0.235172
vn  0.000000 0.996889 0.078816
vn  -0.865336 0.494902 0.079159
vn  0.000000 0.969643 -0.244525
vn  -0.865336 0.494194 -0.083469
vn  0.000000 0.842327 -0.538967
vn  -0.865336 0.442337 -0.235654
vn  0.000000 0.621011 -0.783802
vn  -0.865336 0.341537 -0.366806
vn  0.000000 0.323991 -0.946060
vn  -0.865336 0.199621 -0.459724
vn  0.000000 0.000000 -1.000000
vn  0.000000 0.000000 -1.000000
vn  -0.865336 0.039907 -0.499602
vn  0.000000 0.000000 -1.000000
vn  0.000000 0.000000 -1.000000
vn  0.865336 -0.039907 -0.499602
vn  0.000000 0.586410 -0.810014
vn  0.865336 0.260646 -0.428086
vn  0.000000 0.951016 -0.309142
vn  0.865336 0.462792 -0.192400
vn  0.000000 0.952249 0.305323
vn  0.865336 0.487930 0.114539
vn  0.000000 0.589284 0.807926
vn  0.865336 0.326649 0.380125
vn  0.000000 0.000000 1.000000
vn  0.000000 -0.000000 1.000000
vn  0.865336 0.039907 0.499602
vn  0.000000 0.000000 1.000000
vn  0.000000 -0.000000 1.000000
vn  -0.865336 -0.039907 0.499602
vn  0.000000 0.253366 0.967371
vn  -0.865336 0.087977 0.493411
vn  0.000000 0.000000 -1.000000
vn  0.000000 0.000000 -1.000000
vn  -0.865336 0.039907 -0.499602
vn  0.000000 0.000000 -1.000000
vn  0.000000 0.000000 -1.000000
vn  0.865336 -0.039907 -0.499602
vn  0.000000 0.584020 -0.811739
vn  0.865336 0.259383 -0.428853
vn  0.000000 0.947440 -0.319934
vn  0.865336 0.460575 -0.197649
vn  0.000000 0.999982 -0.006074
vn  0.865336 0.499350 -0.042941
vn  0.000000 0.949899 0.312556
vn  0.865336 0.487044 0.118246
vn  0.000000 0.588113 0.808779
vn  0.865336 0.326098 0.380598
vn  0.000000 0.000000 1.000000
vn  0.000000 -0.000000 1.000000
vn  0.865336 0.039907 0.499602
vn  0.000000 0.000000 1.000000
vn  0.000000 -0.000000 1.000000
vn  -0.865336 -0.039907 0.499602
vn  0.000000 0.586766 0.809757
vn  -0.865336 0.260834 0.427972
vn  0.000000 0.949912 0.312518
vn  -0.865336 0.462106 0.194043
vn  0.000000 0.952796 -0.303611
vn  -0.865336 0.488135 -0.113661
vn  0.000000 0.595563 -0.803309
vn  -0.865336 0.329602 -0.377567
vn  0.000000 0.313243 -0.949673
vn  -0.865336 0.194395 -0.461958
vn  0.000000 0.000000 1.000000
vn  0.000000 -0.000000 1.000000
vn  0.865336 0.039907 0.499602
vn  0.000000 0.000000 1.000000
vn  0.000000 -0.000000 1.000000
vn  -0.865336 -0.039907 0.499602
vn  0.000000 0.312799 0.949819
vn  -0.865336 0.118370 0.487014
vn  0.000000 0.598195 0.801351
vn  -0.865336 0.266880 0.424228
vn  0.000000 0.952731 0.303814
vn  -0.865336 0.463862 0.189807
vn  0.000000 0.952449 -0.304699
vn  -0.865336 0.488005 -0.114219
vn  0.000000 0.597627 -0.801774
vn  -0.865336 0.330572 -0.376718
vn  0.000000 0.312359 -0.949964
vn  -0.865336 0.193965 -0.462138
vn  0.000000 0.000000 -1.000000
vn  0.000000 0.000000 -1.000000
vn  -0.865336 0.039907 -0.499602
vn  0.000000 0.000000 -1.000000
vn  0.000000 0.000000 -1.000000
vn  0.865336 -0.039907 -0.499602
vn  0.000000 0.323991 -0.946060
vn  0.865336 0.124112 -0.485583
vn  0.000000 0.621011 -0.783802
vn  0.865336 0.278979 -0.416372
vn  0.000000 0.842327 -0.538967
vn  0.865336 0.399319 -0.302883
vn  0.000000 0.969643 -0.244525
vn  0.865336 0.474677 -0.160860
vn  0.000000 0.996889 0.078816
vn  0.865336 0.501193 -0.000406
vn  0.000000 0.917637 0.397420
vn  0.865336 0.474313 0.161932
vn  0.000000 0.742562 0.669777
vn  0.865336 0.397714 0.304988
vn  0.000000 0.490110 0.871660
vn  0.865336 0.279645 0.415924
vn  0.865336 0.279645 0.415924
vn  0.000000 0.253366 0.967371
vn  0.865336 0.165187 0.473189
vn  0.000000 0.000000 -1.000000
vn  0.000000 0.000000 -1.000000
vn  -0.865336 0.039907 -0.499602
vn  0.000000 0.000000 -1.000000
vn  0.000000 0.000000 -1.000000
vn  0.865336 -0.039907 -0.499602
vn  0.000000 0.312359 -0.949964
vn  0.865336 0.118145 -0.487069
vn  0.000000 0.597627 -0.801774
vn  0.865336 0.266579 -0.424417
vn  0.000000 0.952449 -0.304699
vn  0.865336 0.463685 -0.190237
vn  0.000000 0.952731 0.303814
vn  0.865336 0.488110 0.113765
vn  0.000000 0.598195 0.801351
vn  0.865336 0.330839 0.376484
vn  0.000000 0.312799 0.949819
vn  0.865336 0.194179 0.462049
vn  0.000000 0.000000 1.000000
vn  0.000000 -0.000000 1.000000
vn  0.865336 0.039907 0.499602
vn  0.000000 0.000000 1.000000
vn  0.000000 -0.000000 1.000000
vn  -0.865336 -0.039907 0.499602
vn  0.000000 0.310718 0.950502
vn  -0.865336 0.117303 0.487272
vn  0.000000 0.598365 0.801224
vn  -0.865336 0.266970 0.424172
vn  0.000000 0.955024 0.296527
vn  -0.865336 0.465298 0.186258
vn  0.000000 0.947158 -0.320769
vn  -0.865336 0.486002 -0.122458
vn  0.000000 0.581499 -0.813547
vn  -0.865336 0.322984 -0.383244
vn  0.000000 0.000000 -1.000000
vn  0.000000 0.000000 -1.000000
vn  -0.865336 0.039907 -0.499602
vn  0.000000 0.000000 -1.000000
vn  0.000000 0.000000 -1.000000
vn  0.865336 -0.039907 -0.499602
vn  0.000000 0.581499 -0.813547
vn  0.865336 0.258051 -0.429656
vn  0.000000 0.947158 -0.320769
vn  0.865336 0.460401 -0.198055
vn  0.000000 0.955024 0.296527
vn  0.865336 0.488965 0.110033
vn  0.000000 0.598365 0.801224
vn  0.865336 0.330919 0.376414
vn  0.000000 0.310718 0.950502
vn  0.865336 0.193167 0.462473
vn  0.000000 0.000000 1.000000
vn  0.000000 -0.000000 1.000000
vn  0.865336 0.039907 0.499602
vn  0.000000 0.000000 1.000000
vn  0.000000 -0.000000 1.000000
vn  -0.865336 -0.039907 0.499602
vn  0.000000 0.586839 0.809703
vn  -0.865336 0.260873 0.427948
vn  0.000000 0.950674 0.310193
vn  -0.865336 0.462579 0.192911
vn  0.000000 0.999982 -0.006079
vn  -0.865336 0.499835 0.036869
vn  0.000000 0.948937 -0.315466
vn  -0.865336 0.486680 -0.119738
vn  0.000000 0.585879 -0.810399
vn  -0.865336 0.325047 -0.381496
vn  0.000000 0.000000 1.000000
vn  0.000000 -0.000000 1.000000
vn  0.865336 0.039907 0.499602
vn  0.000000 0.000000 1.000000
vn  0.000000 -0.000000 1.000000
vn  -0.865336 -0.039907 0.499602
vn  0.000000 0.313486 0.949593
vn  -0.865336 0.118723 0.486928
vn  0.000000 0.595829 0.803111
vn  -0.865336 0.265627 0.425014
vn  0.000000 0.952865 0.303395
vn  -0.865336 0.463945 0.189602
vn  0.000000 0.949857 -0.312686
vn  -0.865336 0.487028 -0.118313
vn  0.000000 0.586627 -0.809857
vn  -0.865336 0.325399 -0.381196
vn  0.000000 0.000000 -1.000000
vn  0.000000 0.000000 -1.000000
vn  -0.865336 0.039907 -0.499602
vn  0.000000 0.000000 -1.000000
vn  0.000000 0.000000 -1.000000
vn  0.865336 -0.039907 -0.499602
vn  0.000000 0.585879 -0.810399
vn  0.865336 0.260365 -0.428257
vn  0.000000 0.948937 -0.315466
vn  0.865336 0.461501 -0.195476
vn  0.000000 0.999982 -0.006079
vn  0.865336 0.499350 -0.042943
vn  0.000000 0.950674 0.310193
vn  0.865336 0.487337 0.117034
vn  0.000000 0.586839 0.809703
vn  0.865336 0.325499 0.381110
vn  0.000000 0.000000 -1.000000
vn  0.000000 0.000000 -1.000000
vn  -0.865336 0.039907 -0.499602
vn  0.000000 0.000000 -1.000000
vn  0.000000 0.000000 -1.000000
vn  0.865336 -0.039907 -0.499602
vn  0.000000 0.586627 -0.809857
vn  0.865336 0.260761 -0.428017
vn  0.000000 0.949857 -0.312686
vn  0.865336 0.462072 -0.194124
vn  0.000000 0.952865 0.303395
vn  0.865336 0.488160 0.113551
vn  0.000000 0.595829 0.803111
vn  0.865336 0.329727 0.377458
vn  0.000000 0.313486 0.949593
vn  0.865336 0.194514 0.461908
vn  0.000000 0.000000 1.000000
vn  0.000000 -0.000000 1.000000
vn  0.865336 0.039907 0.499602
vn  0.000000 0.000000 1.000000
vn  0.000000 -0.000000 1.000000
vn  -0.865336 -0.039907 0.499602
vn  0.000000 0.584219 0.811596
vn  -0.865336 0.259488 0.428789
vn  0.000000 0.947573 0.319539
vn  -0.865336 0.460657 0.197457
vn  0.000000 0.999983 0.005782
vn  -0.865336 0.499363 0.042795
vn  0.000000 0.949874 -0.312632
vn  -0.865336 0.487035 -0.118285
vn  0.000000 0.588049 -0.808825
vn  -0.865336 0.326068 -0.380623
vn  0.000000 0.000000 -1.000000
vn  0.000000 0.000000 -1.000000
vn  -0.865336 0.039907 -0.499602
vn  0.000000 0.000000 -1.000000
vn  0.000000 0.000000 -1.000000
vn  0.865336 -0.039907 -0.499602
vn  0.000000 0.588049 -0.808825
vn  0.865336 0.261512 -0.427558
vn  0.000000 0.949874 -0.312632
vn  0.865336 0.462083 -0.194098
vn  0.000000 0.999983 0.005782
vn  0.865336 0.499824 -0.037018
vn  0.000000 0.947573 0.319539
vn  0.865336 0.486161 0.121827
vn  0.000000 0.584219 0.811596
vn  0.865336 0.324265 0.382160
vn  0.000000 0.000000 1.000000
vn  0.000000 -0.000000 1.000000
vn  0.865336 0.039907 0.499602
vn  0.000000 0.000000 1.000000
vn  0.000000 -0.000000 1.000000
vn  -0.865336 -0.039907 0.499602
vn  0.000000 0.584359 0.811495
vn  -0.865336 0.259562 0.428744
vn  0.000000 0.949773 0.312939
vn  -0.865336 0.462020 0.194248
vn  0.000000 0.953336 -0.301910
vn  -0.865336 0.488337 -0.112790
vn  0.000000 0.592031 -0.805915
vn  -0.865336 0.327941 -0.379010
vn  0.000000 0.000000 -1.000000
vn  0.000000 0.000000 -1.000000
vn  -0.865336 0.039907 -0.499602
vn  0.000000 0.000000 -1.000000
vn  0.000000 0.000000 -1.000000
vn  0.865336 -0.039907 -0.499602
vn  0.000000 0.592031 -0.805915
vn  0.865336 0.263618 -0.426263
vn  0.000000 0.953336 -0.301910
vn  0.865336 0.464240 -0.188880
vn  0.000000 0.949773 0.312939
vn  0.865336 0.486997 0.118442
vn  0.000000 0.584359 0.811495
vn  0.865336 0.324331 0.382104
vn  0.000000 0.000000 1.000000
vn  0.000000 -0.000000 1.000000
vn  0.865336 0.039907 0.499602
vn  0.000000 0.000000 1.000000
vn  0.000000 -0.000000 1.000000
vn  -0.865336 -0.039907 0.499602
vn  0.000000 0.313933 0.949445
vn  -0.865336 0.118952 0.486873
vn  0.000000 0.597545 0.801835
vn  -0.865336 0.266536 0.424444
vn  0.000000 0.953408 0.301685
vn  -0.865336 0.464285 0.188770
vn  0.000000 0.949440 -0.313948
vn  -0.865336 0.486871 -0.118960
vn  0.000000 0.585696 -0.810531
vn  -0.865336 0.324961 -0.381569
vn  0.000000 0.000000 1.000000
vn  0.000000 -0.000000 1.000000
vn  0.865336 0.039907 0.499602
vn  0.000000 0.000000 1.000000
vn  0.000000 -0.000000 1.000000
vn  -0.865336 -0.039907 0.499602
vn  0.000000 0.585675 0.810546
vn  -0.865336 0.260258 0.428323
vn  0.000000 0.949430 0.313978
vn  -0.865336 0.461807 0.194753
vn  0.000000 0.953429 -0.301619
vn  -0.865336 0.488371 -0.112641
vn  0.000000 0.597549 -0.801832
vn  -0.865336 0.330535 -0.376750
vn  0.000000 0.313742 -0.949508
vn  -0.865336 0.194638 -0.461855
vn  0.000000 0.000000 -1.000000
vn  0.000000 0.000000 -1.000000
vn  -0.865336 0.039907 -0.499602
vn  0.000000 0.000000 -1.000000
vn  0.000000 0.000000 -1.000000
vn  0.865336 -0.039907 -0.499602
vn  0.000000 0.585699 -0.810529
vn  0.865336 0.260270 -0.428315
vn  0.000000 0.949443 -0.313938
vn  0.865336 0.461815 -0.194733
vn  0.000000 0.953408 0.301685
vn  0.865336 0.488363 0.112675
vn  0.000000 0.597545 0.801835
vn  0.865336 0.330533 0.376752
vn  0.000000 0.313933 0.949445
vn  0.865336 0.194731 0.461816
vn  0.000000 0.000000 -1.000000
vn  0.000000 0.000000 -1.000000
vn  -0.865336 0.039907 -0.499602
vn  0.000000 0.000000 -1.000000
vn  0.000000 0.000000 -1.000000
vn  0.865336 -0.039907 -0.499602
vn  0.000000 0.313742 -0.949508
vn  0.865336 0.118854 -0.486896
vn  0.000000 0.597549 -0.801832
vn  0.865336 0.266538 -0.424443
vn  0.000000 0.953429 -0.301619
vn  0.865336 0.464298 -0.188738
vn  0.000000 0.949424 0.313997
vn  0.865336 0.486865 0.118985
vn  0.000000 0.585670 0.810550
vn  0.865336 0.324948 0.381580
vn  0.000000 0.000000 1.000000
vn  0.000000 -0.000000 1.000000
vn  0.865336 0.039907 0.499602
vn  0.000000 0.000000 1.000000
vn  0.000000 -0.000000 1.000000
vn  -0.865336 -0.039907 0.499602
vn  0.000000 0.592343 0.805686
vn  -0.865336 0.263783 0.426161
vn  0.000000 0.953363 0.301827
vn  -0.865336 0.464257 0.188839
vn  0.000000 0.949720 -0.313101
vn  -0.865336 0.486977 -0.118526
vn  0.000000 0.584202 -0.811608
vn  -0.865336 0.324257 -0.382167
vn  0.000000 0.000000 -1.000000
vn  0.000000 0.000000 -1.000000
vn  -0.865336 0.039907 -0.499602
vn  0.000000 0.000000 -1.000000
vn  0.000000 0.000000 -1.000000
vn  0.865336 -0.039907 -0.499602
vn  0.000000 0.584202 -0.811608
vn  0.865336 0.259479 -0.428795
vn  0.000000 0.949720 -0.313101
vn  0.865336 0.461987 -0.194326
vn  0.000000 0.953363 0.301827
vn  0.865336 0.488347 0.112748
vn  0.000000 0.592343 0.805686
vn  0.865336 0.328088 0.378884
vn  0.000000 0.000000 1.000000
vn  0.000000 -0.000000 1.000000
vn  0.865336 0.039907 0.499602
vn  0.000000 0.000000 1.000000
vn  0.000000 -0.000000 1.000000
vn  -0.865336 -0.039907 0.499602
vn  0.000000 0.587989 0.808869
vn  -0.865336 0.261481 0.427577
vn  0.000000 0.949935 0.312448
vn  -0.865336 0.462120 0.194009
vn  0.000000 0.999982 -0.006025
vn  -0.865336 0.499833 0.036896
vn  0.000000 0.947566 -0.319559
vn  -0.865336 0.486158 -0.121838
vn  0.000000 0.584232 -0.811587
vn  -0.865336 0.324271 -0.382155
vn  0.000000 0.000000 -1.000000
vn  0.000000 0.000000 -1.000000
vn  -0.865336 0.039907 -0.499602
vn  0.000000 0.000000 -1.000000
vn  0.000000 0.000000 -1.000000
vn  0.865336 -0.039907 -0.499602
vn  0.000000 0.584232 -0.811587
vn  0.865336 0.259495 -0.428785
vn  0.000000 0.947566 -0.319559
vn  0.865336 0.460653 -0.197467
vn  0.000000 0.999982 -0.006025
vn  0.865336 0.499352 -0.042916
vn  0.000000 0.949935 0.312448
vn  0.865336 0.487058 0.118191
vn  0.000000 0.587989 0.808869
vn  0.865336 0.326040 0.380647
vn  0.000000 0.000000 1.000000
vn  0.000000 -0.000000 1.000000
vn  0.865336 0.039907 0.499602
vn  0.000000 0.000000 1.000000
vn  0.000000 -0.000000 1.000000
vn  -0.865336 -0.039907 0.499602
vn  0.000000 0.586610 0.809869
vn  -0.865336 0.260752 0.428022
vn  0.000000 0.949842 0.312729
vn  -0.865336 0.462063 0.194145
vn  0.000000 0.952884 -0.303334
vn  -0.865336 0.488168 -0.113519
vn  0.000000 0.595862 -0.803087
vn  -0.865336 0.329742 -0.377445
vn  0.000000 0.313327 -0.949645
vn  -0.865336 0.194436 -0.461940
vn  0.000000 0.000000 1.000000
vn  0.000000 -0.000000 1.000000
vn  0.865336 0.039907 0.499602
vn  0.000000 0.000000 1.000000
vn  0.000000 -0.000000 1.000000
vn  -0.865336 -0.039907 0.499602
vn  0.000000 0.585891 0.810390
vn  -0.865336 0.260372 0.428253
vn  0.000000 0.948931 0.315483
vn  -0.865336 0.461498 0.195485
vn  0.000000 0.999982 0.005926
vn  -0.865336 0.499356 0.042867
vn  0.000000 0.950619 -0.310361
vn  -0.865336 0.487316 -0.117121
vn  0.000000 0.586854 -0.809693
vn  -0.865336 0.325506 -0.381104
vn  0.000000 0.000000 -1.000000
vn  0.000000 0.000000 -1.000000
vn  -0.865336 0.039907 -0.499602
vn  0.000000 0.000000 -1.000000
vn  0.000000 0.000000 -1.000000
vn  0.865336 -0.039907 -0.499602
vn  0.000000 0.313327 -0.949645
vn  0.865336 0.118641 -0.486948
vn  0.000000 0.595862 -0.803087
vn  0.865336 0.265645 -0.425003
vn  0.000000 0.952884 -0.303334
vn  0.865336 0.463958 -0.189573
vn  0.000000 0.949842 0.312729
vn  0.865336 0.487023 0.118335
vn  0.000000 0.586610 0.809869
vn  0.865336 0.325391 0.381202
vn  0.000000 0.000000 -1.000000
vn  0.000000 0.000000 -1.000000
vn  -0.865336 0.039907 -0.499602
vn  0.000000 0.000000 -1.000000
vn  0.000000 0.000000 -1.000000
vn  0.865336 -0.039907 -0.499602
vn  0.000000 0.586854 -0.809693
vn  0.865336 0.260881 -0.427943
vn  0.000000 0.950619 -0.310361
vn  0.865336 0.462545 -0.192993
vn  0.000000 0.999982 0.005926
vn  0.865336 0.499829 -0.036946
vn  0.000000 0.948931 0.315483
vn  0.865336 0.486678 0.119747
vn  0.000000 0.585891 0.810390
vn  0.865336 0.325053 0.381491
vn  0.000000 0.000000 1.000000
vn  0.000000 -0.000000 1.000000
vn  0.865336 0.039907 0.499602
vn  0.000000 0.000000 1.000000
vn  0.000000 -0.000000 1.000000
vn  -0.865336 -0.039907 0.499602
vn  0.000000 0.581542 0.813516
vn  -0.865336 0.258075 0.429642
vn  0.000000 0.947217 0.320594
vn  -0.865336 0.460437 0.197970
vn  0.000000 0.955015 -0.296556
vn  -0.865336 0.488962 -0.110048
vn  0.000000 0.598029 -0.801474
vn  -0.865336 0.330761 -0.376552
vn  0.000000 0.310337 -0.950626
vn  -0.865336 0.192982 -0.462550
vn  0.000000 0.000000 -1.000000
vn  0.000000 0.000000 -1.000000
vn  -0.865336 0.039907 -0.499602
vn  0.000000 0.000000 -1.000000
vn  0.000000 0.000000 -1.000000
vn  0.865336 -0.039907 -0.499602
vn  0.000000 0.310337 -0.950626
vn  0.865336 0.117108 -0.487319
vn  0.000000 0.598029 -0.801474
vn  0.865336 0.266792 -0.424284
vn  0.000000 0.955015 -0.296556
vn  0.865336 0.465293 -0.186272
vn  0.000000 0.947217 0.320594
vn  0.865336 0.486025 0.122368
vn  0.000000 0.581542 0.813516
vn  0.865336 0.323005 0.383226
vn  0.000000 0.000000 1.000000
vn  0.000000 -0.000000 1.000000
vn  0.865336 0.039907 0.499602
vn  0.000000 0.000000 1.000000
vn  0.000000 -0.000000 1.000000
vn  -0.865336 -0.039907 0.499602
vn  0.000000 0.312613 0.949880
vn  -0.865336 0.118275 0.487037
vn  0.000000 0.597700 0.801720
vn  -0.865336 0.266618 0.424393
vn  0.000000 0.952402 0.304844
vn  -0.865336 0.463656 0.190308
vn  0.000000 0.952778 -0.303668
vn  -0.865336 0.488128 -0.113690
vn  0.000000 0.598113 -0.801412
vn  -0.865336 0.330800 -0.376518
vn  0.000000 0.312538 -0.949905
vn  -0.865336 0.194052 -0.462102
vn  0.000000 0.548452 -0.836182
vn  -0.865336 0.307377 -0.395871
vn  -0.865336 0.307377 -0.395871
vn  0.000000 0.286195 -0.958171
vn  -0.865336 0.181221 -0.467283
vn  0.000000 0.000000 -1.000000
vn  0.000000 0.000000 -1.000000
vn  -0.865336 0.039907 -0.499602
vn  0.000000 0.000000 -1.000000
vn  0.000000 0.000000 -1.000000
vn  0.865336 -0.039907 -0.499602
vn  0.000000 0.312538 -0.949905
vn  0.865336 0.118237 -0.487047
vn  0.000000 0.598113 -0.801412
vn  0.865336 0.266836 -0.424256
vn  0.000000 0.952778 -0.303668
vn  0.865336 0.463891 -0.189735
vn  0.000000 0.952402 0.304844
vn  0.865336 0.487987 0.114293
vn  0.000000 0.597700 0.801720
vn  0.865336 0.330606 0.376688
vn  0.000000 0.312613 0.949880
vn  0.865336 0.194089 0.462086
vn  0.000000 0.000000 1.000000
vn  0.000000 -0.000000 1.000000
vn  0.865336 0.039907 0.499602
vn  0.000000 0.000000 1.000000
vn  0.000000 -0.000000 1.000000
vn  -0.865336 -0.039907 0.499602
vn  0.000000 0.315944 0.948778
vn  -0.865336 0.119983 0.486619
vn  0.000000 0.607332 0.794448
vn  -0.865336 0.271720 0.421145
vn  0.000000 0.828250 0.560359
vn  -0.865336 0.391433 0.313009
vn  0.000000 0.960775 0.277329
vn  -0.865336 0.468937 0.176896
vn  0.000000 0.999359 -0.035805
vn  -0.865336 0.500710 0.021993
vn  0.000000 0.936921 -0.349541
vn  -0.865336 0.482037 -0.137242
vn  0.000000 0.000000 1.000000
vn  0.000000 -0.000000 1.000000
vn  0.865336 0.039907 0.499602
vn  0.000000 0.000000 1.000000
vn  0.000000 -0.000000 1.000000
vn  -0.865336 -0.039907 0.499602
vn  0.000000 0.586622 0.809861
vn  -0.865336 0.260758 0.428018
vn  0.000000 0.951060 0.309006
vn  -0.865336 0.462820 0.192334
vn  0.000000 0.952214 -0.305430
vn  -0.865336 0.487917 -0.114594
vn  0.000000 0.589019 -0.808119
vn  -0.865336 0.326524 -0.380232
vn  0.000000 0.000000 -1.000000
vn  0.000000 0.000000 -1.000000
vn  -0.865336 0.039907 -0.499602
vn  0.000000 0.000000 -1.000000
vn  0.000000 0.000000 -1.000000
vn  0.865336 -0.039907 -0.499602
vn  0.000000 0.286195 -0.958171
vn  0.865336 0.104746 -0.490125
vn  0.000000 0.548452 -0.836182
vn  0.865336 0.240638 -0.439645
vn  0.865336 0.240638 -0.439645
vn  0.000000 0.936921 -0.349541
vn  0.865336 0.454138 -0.212021
vn  0.000000 0.999359 -0.035805
vn  0.865336 0.497853 -0.057769
vn  0.000000 0.960775 0.277329
vn  0.865336 0.491072 0.100212
vn  0.000000 0.828250 0.560359
vn  0.865336 0.436157 0.246904
vn  0.000000 0.607332 0.794448
vn  0.865336 0.335128 0.372671
vn  0.000000 0.315944 0.948778
vn  0.865336 0.195709 0.461403
vn  0.000000 0.997669 0.068242
vn  -0.865336 0.495714 0.073908
vn  -0.865336 0.495714 0.073908
vn  0.000000 0.886439 -0.462845
vn  -0.865336 0.461337 -0.195863
vn  0.000000 0.516287 -0.856416
vn  -0.865336 0.292115 -0.407263
vn  0.000000 0.000000 -1.000000
vn  0.000000 0.000000 -1.000000
vn  -0.865336 0.039907 -0.499602
vn  0.000000 0.000000 -1.000000
vn  0.000000 0.000000 -1.000000
vn  0.865336 -0.039907 -0.499602
vn  0.000000 0.588173 -0.808735
vn  0.865336 0.261578 -0.427518
vn  0.000000 0.949838 -0.312743
vn  0.865336 0.462060 -0.194152
vn  0.000000 0.999983 0.005822
vn  0.865336 0.499826 -0.036998
vn  0.000000 0.947449 0.319906
vn  0.865336 0.486114 0.122016
vn  0.000000 0.584006 0.811749
vn  0.865336 0.324165 0.382245
vn  0.000000 0.000000 1.000000
vn  0.000000 -0.000000 1.000000
vn  0.865336 0.039907 0.499602
vn  0.000000 0.000000 1.000000
vn  0.000000 -0.000000 1.000000
vn  -0.865336 -0.039907 0.499602
vn  0.000000 0.363694 0.931519
vn  -0.865336 0.144528 0.479902
vn  0.000000 0.682480 0.730904
vn  -0.865336 0.311800 0.392397
vn  0.000000 0.902903 0.429844
vn  -0.865336 0.433938 0.250783
vn  0.000000 0.000000 -1.000000
vn  0.000000 0.000000 -1.000000
vn  -0.865336 0.039907 -0.499602
vn  0.000000 0.000000 -1.000000
vn  0.000000 0.000000 -1.000000
vn  0.865336 -0.039907 -0.499602
vn  0.000000 0.589019 -0.808119
vn  0.865336 0.262025 -0.427244
vn  0.000000 0.952214 -0.305430
vn  0.865336 0.463539 -0.190594
vn  0.000000 0.951060 0.309006
vn  0.865336 0.487483 0.116426
vn  0.000000 0.586622 0.809861
vn  0.865336 0.325397 0.381197
vn  0.000000 0.000000 1.000000
vn  0.000000 -0.000000 1.000000
vn  0.865336 0.039907 0.499602
vn  0.000000 0.000000 1.000000
vn  0.000000 -0.000000 1.000000
vn  -0.865336 -0.039907 0.499602
vn  0.000000 0.589733 0.807598
vn  -0.865336 0.262403 0.427012
vn  0.000000 0.949600 0.313465
vn  -0.865336 0.461912 0.194503
vn  0.000000 0.999978 -0.006688
vn  -0.865336 0.499857 0.036565
vn  0.000000 0.945983 -0.324217
vn  -0.865336 0.485553 -0.124228
vn  0.000000 0.580985 -0.813915
vn  -0.865336 0.322742 -0.383448
vn  0.000000 0.000000 -1.000000
vn  0.000000 0.000000 -1.000000
vn  -0.865336 0.039907 -0.499602
vn  0.000000 0.000000 -1.000000
vn  0.000000 0.000000 -1.000000
vn  0.865336 -0.039907 -0.499602
vn  0.000000 0.580985 -0.813915
vn  0.865336 0.257780 -0.429818
vn  0.000000 0.945983 -0.324217
vn  0.865336 0.459676 -0.199731
vn  0.000000 0.999978 -0.006688
vn  0.865336 0.499324 -0.043247
vn  0.000000 0.949600 0.313465
vn  0.865336 0.486931 0.118712
vn  0.000000 0.589733 0.807598
vn  0.865336 0.326860 0.379943
vn  0.000000 0.000000 1.000000
vn  0.000000 -0.000000 1.000000
vn  0.865336 0.039907 0.499602
vn  0.000000 0.000000 1.000000
vn  0.000000 -0.000000 1.000000
vn  -0.865336 -0.039907 0.499602
vn  0.000000 0.584006 0.811749
vn  -0.865336 0.259376 0.428857
vn  0.000000 0.947449 0.319906
vn  -0.865336 0.460581 0.197636
vn  0.000000 0.999983 0.005822
vn  -0.865336 0.499361 0.042815
vn  0.000000 0.949838 -0.312743
vn  -0.865336 0.487021 -0.118342
vn  0.000000 0.588173 -0.808735
vn  -0.865336 0.326126 -0.380573
vn  0.000000 0.000000 1.000000
vn  0.000000 -0.000000 1.000000
vn  0.865336 0.039907 0.499602
vn  0.000000 0.000000 1.000000
vn  0.000000 -0.000000 1.000000
vn  -0.865336 -0.039907 0.499602
vn  0.000000 0.587249 0.809407
vn  -0.865336 0.261089 0.427816
vn  0.000000 0.950199 0.311643
vn  -0.865336 0.462284 0.193617
vn  0.000000 0.999984 -0.005714
vn  -0.865336 0.499822 0.037052
vn  0.000000 0.948389 -0.317110
vn  -0.865336 0.486472 -0.120581
vn  0.000000 0.585417 -0.810732
vn  -0.865336 0.324829 -0.381681
vn  0.000000 0.000000 -1.000000
vn  0.000000 0.000000 -1.000000
vn  -0.865336 0.039907 -0.499602
vn  0.000000 0.000000 -1.000000
vn  0.000000 0.000000 -1.000000
vn  0.865336 -0.039907 -0.499602
vn  0.000000 0.516287 -0.856416
vn  0.865336 0.223761 -0.448470
vn  0.000000 0.886439 -0.462845
vn  0.865336 0.424396 -0.266613
vn  0.000000 0.997669 0.068242
vn  0.865336 0.501160 -0.005720
vn  0.865336 0.501160 -0.005720
vn  0.000000 0.902903 0.429844
vn  0.865336 0.468246 0.178719
vn  0.000000 0.682480 0.730904
vn  0.865336 0.370136 0.337925
vn  0.000000 0.363694 0.931519
vn  0.865336 0.218876 0.450874
vn  0.000000 0.000000 -1.000000
vn  0.000000 0.000000 -1.000000
vn  -0.865336 0.039907 -0.499602
vn  0.000000 0.000000 -1.000000
vn  0.000000 0.000000 -1.000000
vn  0.865336 -0.039907 -0.499602
vn  0.000000 0.313882 -0.949462
vn  0.865336 0.118926 -0.486879
vn  0.000000 0.597971 -0.801517
vn  0.865336 0.266761 -0.424303
vn  0.000000 0.953619 -0.301017
vn  0.865336 0.464417 -0.188445
vn  0.000000 0.949254 0.314509
vn  0.865336 0.486800 0.119247
vn  0.000000 0.585481 0.810686
vn  0.865336 0.324859 0.381655
vn  0.000000 0.000000 1.000000
vn  0.000000 -0.000000 1.000000
vn  0.865336 0.039907 0.499602
vn  0.000000 0.000000 1.000000
vn  0.000000 -0.000000 1.000000
vn  -0.865336 -0.039907 0.499602
vn  0.000000 0.307858 0.951432
vn  -0.865336 0.115838 0.487623
vn  0.000000 0.592818 0.805336
vn  -0.865336 0.264034 0.426005
vn  0.000000 0.953519 0.301333
vn  -0.865336 0.464354 0.188598
vn  0.000000 0.949518 -0.313713
vn  -0.865336 0.486900 -0.118839
vn  0.000000 0.583910 -0.811819
vn  -0.865336 0.324119 -0.382284
vn  0.000000 0.429483 0.903075
vn  -0.865336 0.178532 0.468317
vn  -0.865336 0.178532 0.468317
vn  0.000000 0.703026 0.711164
vn  -0.865336 0.322853 0.383354
vn  0.000000 0.897850 0.440301
vn  -0.865336 0.430996 0.255806
vn  0.000000 0.992969 0.118375
vn  -0.865336 0.491365 0.098767
vn  0.000000 0.976887 -0.213754
vn  -0.865336 0.496585 -0.067808
vn  0.000000 0.853634 -0.520874
vn  -0.865336 0.447263 -0.226164
vn  0.000000 0.631448 -0.775418
vn  -0.865336 0.346417 -0.362201
vn  0.000000 0.330275 -0.943885
vn  -0.865336 0.202674 -0.458386
vn  0.000000 0.000000 -1.000000
vn  0.000000 0.000000 -1.000000
vn  -0.865336 0.039907 -0.499602
vn  0.000000 0.000000 -1.000000
vn  0.000000 0.000000 -1.000000
vn  0.865336 -0.039907 -0.499602
vn  0.000000 0.583910 -0.811819
vn  0.865336 0.259325 -0.428888
vn  0.000000 0.949518 -0.313713
vn  0.865336 0.461861 -0.194624
vn  0.000000 0.953519 0.301333
vn  0.865336 0.488405 0.112494
vn  0.000000 0.592818 0.805336
vn  0.865336 0.328312 0.378690
vn  0.000000 0.307858 0.951432
vn  0.865336 0.191775 0.463052
vn  0.000000 0.000000 1.000000
vn  0.000000 -0.000000 1.000000
vn  0.865336 0.039907 0.499602
vn  0.000000 0.000000 1.000000
vn  0.000000 -0.000000 1.000000
vn  -0.865336 -0.039907 0.499602
vn  0.000000 0.220190 0.975457
vn  -0.865336 0.071080 0.496127
vn  0.000000 0.000000 -1.000000
vn  0.000000 0.000000 -1.000000
vn  -0.865336 0.039907 -0.499602
vn  0.000000 0.000000 -1.000000
vn  0.000000 0.000000 -1.000000
vn  0.865336 -0.039907 -0.499602
vn  0.000000 0.585417 -0.810732
vn  0.865336 0.260122 -0.428405
vn  0.000000 0.948389 -0.317110
vn  0.865336 0.461162 -0.196276
vn  0.000000 0.999984 -0.005714
vn  0.865336 0.499366 -0.042761
vn  0.000000 0.950199 0.311643
vn  0.865336 0.487158 0.117778
vn  0.000000 0.587249 0.809407
vn  0.865336 0.325691 0.380946
vn  0.000000 0.000000 1.000000
vn  0.000000 -0.000000 1.000000
vn  0.865336 0.039907 0.499602
vn  0.000000 0.000000 1.000000
vn  0.000000 -0.000000 1.000000
vn  -0.865336 -0.039907 0.499602
vn  0.000000 0.585481 0.810686
vn  -0.865336 0.260155 0.428385
vn  0.000000 0.949254 0.314509
vn  -0.865336 0.461698 0.195011
vn  0.000000 0.953619 -0.301017
vn  -0.865336 0.488442 -0.112332
vn  0.000000 0.597971 -0.801517
vn  -0.865336 0.330734 -0.376576
vn  0.000000 0.313882 -0.949462
vn  -0.865336 0.194706 -0.461827
vn  0.000000 0.000000 1.000000
vn  0.000000 -0.000000 1.000000
vn  0.865336 0.039907 0.499602
vn  0.000000 0.000000 1.000000
vn  0.000000 -0.000000 1.000000
vn  -0.865336 -0.039907 0.499602
vn  0.000000 0.314769 0.949168
vn  -0.865336 0.119381 0.486768
vn  0.000000 0.600096 0.799928
vn  -0.865336 0.267886 0.423594
vn  0.000000 0.954602 0.297884
vn  -0.865336 0.465033 0.186919
vn  0.000000 0.948380 -0.317136
vn  -0.865336 0.486468 -0.120594
vn  0.000000 0.584442 -0.811435
vn  -0.865336 0.324370 -0.382071
vn  0.000000 0.000000 -1.000000
vn  0.000000 0.000000 -1.000000
vn  -0.865336 0.039907 -0.499602
vn  0.000000 0.000000 -1.000000
vn  0.000000 0.000000 -1.000000
vn  0.865336 -0.039907 -0.499602
vn  0.000000 0.330275 -0.943885
vn  0.865336 0.127339 -0.484747
vn  0.000000 0.631448 -0.775418
vn  0.865336 0.284528 -0.412599
vn  0.000000 0.853634 -0.520874
vn  0.865336 0.405690 -0.294295
vn  0.000000 0.976887 -0.213754
vn  0.865336 0.479524 -0.145777
vn  0.000000 0.992969 0.118375
vn  0.865336 0.500813 0.019514
vn  0.000000 0.897850 0.440301
vn  0.865336 0.466139 0.184145
vn  0.000000 0.703026 0.711164
vn  0.865336 0.379613 0.327243
vn  0.000000 0.429483 0.903075
vn  0.865336 0.250610 0.434038
vn  0.865336 0.250610 0.434038
vn  0.000000 0.220190 0.975457
vn  0.865336 0.148935 0.478553
vn  0.000000 0.000000 -1.000000
vn  0.000000 0.000000 -1.000000
vn  -0.865336 0.039907 -0.499602
vn  0.000000 0.000000 -1.000000
vn  0.000000 0.000000 -1.000000
vn  0.865336 -0.039907 -0.499602
vn  0.000000 0.584442 -0.811435
vn  0.865336 0.259607 -0.428718
vn  0.000000 0.948380 -0.317136
vn  0.865336 0.461156 -0.196289
vn  0.000000 0.954602 0.297884
vn  0.865336 0.488808 0.110728
vn  0.000000 0.600096 0.799928
vn  0.865336 0.331732 0.375698
vn  0.000000 0.314769 0.949168
vn  0.865336 0.195138 0.461645
vn  0.000000 0.000000 1.000000
vn  0.000000 -0.000000 1.000000
vn  0.865336 0.039907 0.499602
vn  0.000000 0.000000 1.000000
vn  0.000000 -0.000000 1.000000
vn  -0.865336 -0.039907 0.499602
vn  0.000000 0.585849 0.810420
vn  -0.865336 0.260350 0.428267
vn  0.000000 0.948858 0.315704
vn  -0.865336 0.461452 0.195592
vn  0.000000 0.999983 0.005842
vn  -0.865336 0.499360 0.042825
vn  0.000000 0.950534 -0.310621
vn  -0.865336 0.487284 -0.117254
vn  0.000000 0.586913 -0.809650
vn  -0.865336 0.325534 -0.381080
vn  0.000000 0.000000 -1.000000
vn  0.000000 0.000000 -1.000000
vn  -0.865336 0.039907 -0.499602
vn  0.000000 0.000000 -1.000000
vn  0.000000 0.000000 -1.000000
vn  0.865336 -0.039907 -0.499602
vn  0.000000 0.586913 -0.809650
vn  0.865336 0.260912 -0.427924
vn  0.000000 0.950534 -0.310621
vn  0.865336 0.462492 -0.193120
vn  0.000000 0.999983 0.005842
vn  0.865336 0.499826 -0.036988
vn  0.000000 0.948858 0.315704
vn  0.865336 0.486650 0.119860
vn  0.000000 0.585849 0.810420
vn  0.865336 0.325033 0.381508
vn  0.000000 0.000000 1.000000
vn  0.000000 -0.000000 1.000000
vn  0.865336 0.039907 0.499602
vn  0.000000 0.000000 1.000000
vn  0.000000 -0.000000 1.000000
vn  -0.865336 -0.039907 0.499602
vn  0.000000 0.581686 0.813413
vn  -0.865336 0.258151 0.429596
vn  0.000000 0.947420 0.319994
vn  -0.865336 0.460562 0.197678
vn  0.000000 0.954908 -0.296902
vn  -0.865336 0.488922 -0.110225
vn  0.000000 0.597554 -0.801829
vn  -0.865336 0.330537 -0.376749
vn  0.000000 0.310050 -0.950720
vn  -0.865336 0.192842 -0.462608
vn  0.000000 0.000000 1.000000
vn  0.000000 -0.000000 1.000000
vn  0.865336 0.039907 0.499602
vn  0.000000 0.000000 -1.000000
vn  0.000000 0.000000 -1.000000
vn  0.865336 -0.039907 -0.499602
vn  0.000000 0.310050 -0.950720
vn  0.865336 0.116961 -0.487355
vn  0.000000 0.597554 -0.801829
vn  0.865336 0.266540 -0.424442
vn  0.000000 0.954908 -0.296902
vn  0.865336 0.465225 -0.186440
vn  0.000000 0.947420 0.319994
vn  0.865336 0.486102 0.122061
vn  0.000000 0.581686 0.813413
vn  0.865336 0.323072 0.383169
vn  0.000000 -0.484747 -0.874654
vn  -0.000047 -0.484968 -0.874532
vn  0.000000 -0.839501 -0.543358
vn  -0.000078 -0.839585 -0.543229
vn  0.000000 -0.985077 -0.172116
vn  -0.000096 -0.985111 -0.171918
vn  0.000000 -0.982752 0.184927
vn  -0.000151 -0.982822 0.184558
vn  0.000000 -0.837887 0.545844
vn  -0.000063 -0.837953 0.545742
vn  0.000000 -0.486358 0.873760
vn  -0.000006 -0.486489 0.873687
vn  0.000000 0.362494 -0.931986
vn  -0.865336 0.218295 -0.451156
vn  0.000000 -0.325538 -0.945529
vn  -0.865336 -0.124906 -0.485379
vn  0.000000 -0.859431 -0.511251
vn  -0.865336 -0.408971 -0.289719
vn  0.000000 -0.986272 0.165126
vn  -0.865336 -0.499333 0.043138
vn  0.000000 -0.646050 0.763295
vn  -0.865336 -0.353228 0.355562
vn  0.000000 -0.374961 0.927040
vn  0.865336 -0.150336 0.478115
vn  0.000000 -0.693400 0.720553
vn  0.865336 -0.317669 0.387661
vn  0.000000 -0.908714 0.417419
vn  0.865336 -0.437337 0.244807
vn  0.000000 -0.998528 0.054246
vn  0.865336 -0.496701 0.066949
vn  0.000000 -0.948502 -0.316770
vn  0.865336 -0.486515 -0.120407
vn  0.000000 -0.585409 0.810738
vn  0.865336 -0.260117 0.428408
vn  0.000000 -0.950470 0.310817
vn  0.865336 -0.462452 0.193215
vn  0.000000 -0.952741 -0.303783
vn  0.865336 -0.488114 -0.113749
vn  0.000000 -0.590572 -0.806985
vn  0.865336 -0.327255 -0.379603
vn  0.000000 -0.588462 -0.808525
vn  -0.865336 -0.261731 -0.427424
vn  0.000000 -0.949811 -0.312826
vn  -0.865336 -0.462043 -0.194192
vn  0.000000 -0.947096 0.320949
vn  -0.865336 -0.485979 0.122551
vn  0.000000 -0.583404 0.812182
vn  -0.865336 -0.323881 0.382486
vn  0.000000 -0.583404 0.812182
vn  0.865336 -0.259058 0.429050
vn  0.000000 -0.947096 0.320949
vn  0.865336 -0.460363 0.198143
vn  0.000000 -0.949811 -0.312826
vn  0.865336 -0.487011 -0.118384
vn  0.000000 -0.588462 -0.808525
vn  0.865336 -0.326263 -0.380456
vn  0.000000 -0.581760 -0.813360
vn  -0.865336 -0.258190 -0.429572
vn  0.000000 -0.946357 -0.323123
vn  -0.865336 -0.459907 -0.199199
vn  0.000000 -0.949581 0.313523
vn  -0.865336 -0.486924 0.118742
vn  0.000000 -0.589369 0.807864
vn  -0.865336 -0.326689 0.380090
vn  0.000000 -0.599657 -0.800257
vn  -0.865336 -0.267654 -0.423740
vn  0.000000 -0.955293 -0.295662
vn  -0.865336 -0.465467 -0.185836
vn  0.000000 -0.946605 0.322395
vn  -0.865336 -0.485791 0.123293
vn  0.000000 -0.581198 0.813762
vn  -0.865336 -0.322842 0.383363
vn  0.000000 -0.589369 0.807864
vn  0.865336 -0.262210 0.427130
vn  0.000000 -0.949581 0.313523
vn  0.865336 -0.461900 0.194531
vn  0.000000 -0.946357 -0.323123
vn  0.865336 -0.485696 -0.123667
vn  0.000000 -0.581760 -0.813360
vn  0.865336 -0.323107 -0.383140
vn  0.000000 -0.581198 0.813762
vn  0.865336 -0.257893 0.429751
vn  0.000000 -0.946605 0.322395
vn  0.865336 -0.460060 0.198845
vn  0.000000 -0.955293 -0.295662
vn  0.865336 -0.489065 -0.109591
vn  0.000000 -0.599657 -0.800257
vn  0.865336 -0.331526 -0.375879
vn  0.000000 -0.581122 -0.813816
vn  -0.865336 -0.257853 -0.429775
vn  0.000000 -0.946460 -0.322820
vn  -0.865336 -0.459971 -0.199052
vn  0.000000 -0.955380 0.295381
vn  -0.865336 -0.489097 0.109446
vn  0.000000 -0.599804 0.800147
vn  -0.865336 -0.331595 0.375818
vn  0.000000 -0.599804 0.800147
vn  0.865336 -0.267732 0.423691
vn  0.000000 -0.955380 0.295381
vn  0.865336 -0.465522 0.185699
vn  0.000000 -0.946460 -0.322820
vn  0.865336 -0.485736 -0.123511
vn  0.000000 -0.581122 -0.813816
vn  0.865336 -0.322807 -0.383393
vn  0.000000 -0.599509 -0.800368
vn  -0.865336 -0.267575 -0.423790
vn  0.000000 -0.953630 -0.300981
vn  -0.865336 -0.464424 -0.188427
vn  0.000000 -0.951554 0.307481
vn  -0.865336 -0.487669 0.115645
vn  0.000000 -0.596270 0.802784
vn  -0.865336 -0.329934 0.377277
vn  0.000000 -0.519584 0.854419
vn  -0.865336 -0.293682 0.406134
vn  -0.865336 -0.293682 0.406134
vn  0.000000 -0.269795 0.962918
vn  -0.865336 -0.173217 0.470309
vn  0.000000 -0.596270 0.802784
vn  0.865336 -0.265861 0.424868
vn  0.000000 -0.951554 0.307481
vn  0.865336 -0.463127 0.191592
vn  0.000000 -0.953630 -0.300981
vn  0.865336 -0.488446 -0.112314
vn  0.000000 -0.599509 -0.800368
vn  0.865336 -0.331456 -0.375941
vn  0.000000 -0.612715 -0.790304
vn  -0.865336 -0.274575 -0.419289
vn  0.000000 -0.965063 -0.262017
vn  -0.865336 -0.471691 -0.169417
vn  0.000000 -0.928322 0.371776
vn  -0.865336 -0.478628 0.148694
vn  0.000000 -0.585247 -0.810855
vn  -0.865336 -0.260032 -0.428460
vn  0.000000 -0.950319 -0.311279
vn  -0.865336 -0.462359 -0.193440
vn  0.000000 -0.952884 0.303334
vn  -0.865336 -0.488168 0.113519
vn  0.000000 -0.590752 0.806853
vn  -0.865336 -0.327340 0.379530
vn  0.000000 -0.269795 0.962918
vn  0.865336 -0.096363 0.491842
vn  0.000000 -0.519584 0.854419
vn  0.865336 -0.225488 0.447604
vn  0.865336 -0.225488 0.447604
vn  0.000000 -0.928322 0.371776
vn  0.865336 -0.448955 0.222787
vn  0.000000 -0.965063 -0.262017
vn  0.865336 -0.492604 -0.092391
vn  0.000000 -0.612715 -0.790304
vn  0.865336 -0.337652 -0.370386
vn  0.000000 -0.586182 0.810179
vn  0.865336 -0.260526 0.428160
vn  0.000000 -0.949658 0.313290
vn  0.865336 -0.461948 0.194418
vn  0.000000 -0.953123 -0.302585
vn  0.865336 -0.488257 -0.113136
vn  0.000000 -0.596681 -0.802479
vn  0.865336 -0.330127 -0.377108
vn  0.000000 -0.584761 -0.811206
vn  -0.865336 -0.259775 -0.428616
vn  0.000000 -0.947913 -0.318530
vn  -0.865336 -0.460867 -0.196966
vn  0.000000 -0.949981 0.312308
vn  -0.865336 -0.487075 0.118119
vn  0.000000 -0.587721 0.809064
vn  -0.865336 -0.325914 0.380755
vn  0.000000 -0.999417 -0.034141
vn  -0.865336 -0.497948 -0.056941
vn  -0.865336 -0.497948 -0.056941
vn  0.000000 -0.876176 0.481992
vn  -0.865336 -0.456974 0.205839
vn  0.000000 -0.506479 0.862252
vn  -0.865336 -0.287448 0.410571
vn  0.000000 -0.587721 0.809064
vn  0.865336 -0.261339 0.427664
vn  0.000000 -0.949981 0.312308
vn  0.865336 -0.462149 0.193940
vn  0.000000 -0.947913 -0.318530
vn  0.865336 -0.486290 -0.121310
vn  0.000000 -0.584761 -0.811206
vn  0.865336 -0.324520 -0.381944
vn  0.000000 -0.371659 -0.928369
vn  -0.865336 -0.148633 -0.478647
vn  0.000000 -0.694227 -0.719756
vn  -0.865336 -0.318114 -0.387296
vn  0.000000 -0.913155 -0.407613
vn  -0.865336 -0.439947 -0.240085
vn  0.000000 -0.590752 0.806853
vn  0.865336 -0.262942 0.426680
vn  0.000000 -0.952884 0.303334
vn  0.865336 -0.463958 0.189573
vn  0.000000 -0.950319 -0.311279
vn  0.865336 -0.487203 -0.117591
vn  0.000000 -0.585247 -0.810855
vn  0.865336 -0.324749 -0.381749
vn  0.000000 -0.596681 -0.802479
vn  -0.865336 -0.266078 -0.424731
vn  0.000000 -0.953123 -0.302585
vn  -0.865336 -0.464106 -0.189208
vn  0.000000 -0.949658 0.313290
vn  -0.865336 -0.486953 0.118622
vn  0.000000 -0.586182 0.810179
vn  -0.865336 -0.325189 0.381374
vn  0.000000 -0.587664 -0.809105
vn  -0.865336 -0.261309 -0.427682
vn  0.000000 -0.950039 -0.312132
vn  -0.865336 -0.462185 -0.193855
vn  0.000000 -0.947912 0.318531
vn  -0.865336 -0.486290 0.121310
vn  0.000000 -0.584771 0.811198
vn  -0.865336 -0.324525 0.381940
vn  0.000000 -0.506479 0.862252
vn  0.865336 -0.218628 0.450995
vn  0.000000 -0.876176 0.481992
vn  0.865336 -0.418504 0.275769
vn  0.000000 -0.999417 -0.034141
vn  0.865336 -0.500673 0.022827
vn  0.865336 -0.500673 0.022827
vn  0.000000 -0.913155 -0.407613
vn  0.865336 -0.472480 -0.167203
vn  0.000000 -0.694227 -0.719756
vn  0.865336 -0.375560 -0.331887
vn  0.000000 -0.371659 -0.928369
vn  0.865336 -0.222730 -0.448983
vn  0.000000 -0.596699 0.802465
vn  0.865336 -0.266088 0.424725
vn  0.000000 -0.953142 0.302525
vn  0.865336 -0.464118 0.189179
vn  0.000000 -0.949644 -0.313330
vn  0.865336 -0.486948 -0.118643
vn  0.000000 -0.586163 -0.810193
vn  0.865336 -0.325180 -0.381382
vn  0.000000 -0.591047 -0.806637
vn  -0.865336 -0.263098 -0.426584
vn  0.000000 -0.952914 -0.303240
vn  -0.865336 -0.463976 -0.189527
vn  0.000000 -0.950269 0.311432
vn  -0.865336 -0.487184 0.117669
vn  0.000000 -0.585066 0.810985
vn  -0.865336 -0.324664 0.381821
vn  0.000000 -0.460065 -0.887885
vn  -0.865336 -0.194417 -0.461949
vn  -0.865336 -0.194417 -0.461949
vn  0.000000 -0.907987 -0.418997
vn  -0.865336 -0.436911 -0.245567
vn  0.000000 -0.973397 0.229125
vn  -0.865336 -0.495454 0.075626
vn  0.000000 -0.626257 0.779617
vn  -0.865336 -0.343991 0.364506
vn  0.000000 -0.585066 0.810985
vn  0.865336 -0.259936 0.428518
vn  0.000000 -0.950269 0.311432
vn  0.865336 -0.462327 0.193514
vn  0.000000 -0.952914 -0.303240
vn  0.865336 -0.488179 -0.113471
vn  0.000000 -0.591047 -0.806637
vn  0.865336 -0.327479 -0.379410
vn  0.000000 -0.236808 -0.971556
vn  -0.865336 -0.079538 -0.494842
vn  0.000000 -0.584771 0.811198
vn  0.865336 -0.259780 0.428612
vn  0.000000 -0.947912 0.318531
vn  0.865336 -0.460867 0.196967
vn  0.000000 -0.950039 -0.312132
vn  0.865336 -0.487097 -0.118028
vn  0.000000 -0.587664 -0.809105
vn  0.865336 -0.325887 -0.380779
vn  0.000000 -0.586163 -0.810193
vn  -0.865336 -0.260516 -0.428166
vn  0.000000 -0.949644 -0.313330
vn  -0.865336 -0.461940 -0.194438
vn  0.000000 -0.953142 0.302525
vn  -0.865336 -0.488264 0.113105
vn  0.000000 -0.596699 0.802465
vn  -0.865336 -0.330136 0.377100
vn  0.000000 -0.596320 -0.802747
vn  -0.865336 -0.265887 -0.424851
vn  0.000000 -0.951507 -0.307626
vn  -0.865336 -0.463098 -0.191662
vn  0.000000 -0.953677 0.300833
vn  -0.865336 -0.488464 0.112238
vn  0.000000 -0.599402 0.800448
vn  -0.865336 -0.331406 0.375985
vn  0.000000 -0.626257 0.779617
vn  0.865336 -0.281767 0.414490
vn  0.000000 -0.973397 0.229125
vn  0.865336 -0.477167 0.153317
vn  0.000000 -0.907987 -0.418997
vn  0.865336 -0.470353 -0.173097
vn  0.000000 -0.460065 -0.887885
vn  0.865336 -0.265282 -0.425229
vn  0.865336 -0.265282 -0.425229
vn  0.000000 -0.236808 -0.971556
vn  0.865336 -0.157081 -0.475941
vn  0.000000 -0.599402 0.800448
vn  0.865336 -0.267519 0.423826
vn  0.000000 -0.953677 0.300833
vn  0.865336 -0.464453 0.188355
vn  0.000000 -0.951507 -0.307626
vn  0.865336 -0.487651 -0.115718
vn  0.000000 -0.596320 -0.802747
vn  0.865336 -0.329958 -0.377256
vn  0.000000 -0.600131 -0.799902
vn  -0.865336 -0.267905 -0.423582
vn  0.000000 -0.955383 -0.295370
vn  -0.865336 -0.465524 -0.185694
vn  0.000000 -0.946403 0.322990
vn  -0.865336 -0.485714 0.123598
vn  0.000000 -0.581113 0.813823
vn  -0.865336 -0.322802 0.383397
vn  0.000000 -0.581113 0.813823
vn  0.865336 -0.257848 0.429778
vn  0.000000 -0.946403 0.322990
vn  0.865336 -0.459935 0.199134
vn  0.000000 -0.955383 -0.295370
vn  0.865336 -0.489098 -0.109441
vn  0.000000 -0.600131 -0.799902
vn  0.865336 -0.331748 -0.375683
vn  0.000000 -0.581217 -0.813749
vn  -0.865336 -0.257903 -0.429745
vn  0.000000 -0.946664 -0.322223
vn  -0.865336 -0.460096 -0.198762
vn  0.000000 -0.955288 0.295678
vn  -0.865336 -0.489063 0.109599
vn  0.000000 -0.599327 0.800504
vn  -0.865336 -0.331371 0.376016
vn  0.000000 -0.589326 -0.807895
vn  -0.865336 -0.262188 -0.427144
vn  0.000000 -0.949651 -0.313310
vn  -0.865336 -0.461944 -0.194428
vn  0.000000 -0.946320 0.323231
vn  -0.865336 -0.485682 0.123722
vn  0.000000 -0.581786 0.813342
vn  -0.865336 -0.323119 0.383130
vn  0.000000 -0.599327 0.800504
vn  0.865336 -0.267479 0.423850
vn  0.000000 -0.955288 0.295678
vn  0.865336 -0.465464 0.185844
vn  0.000000 -0.946664 -0.322223
vn  0.865336 -0.485814 -0.123205
vn  0.000000 -0.581217 -0.813749
vn  0.865336 -0.322851 -0.383356
vn  0.000000 -0.581786 0.813342
vn  0.865336 -0.258203 0.429564
vn  0.000000 -0.946320 0.323231
vn  0.865336 -0.459884 0.199252
vn  0.000000 -0.949651 -0.313310
vn  0.865336 -0.486950 -0.118633
vn  0.000000 -0.589326 -0.807895
vn  0.865336 -0.326669 -0.380108
vn  0.000000 -0.583386 -0.812195
vn  -0.865336 -0.259049 -0.429055
vn  0.000000 -0.947113 -0.320900
vn  -0.865336 -0.460373 -0.198118
vn  0.000000 -0.949746 0.313020
vn  -0.865336 -0.486987 0.118484
vn  0.000000 -0.588521 0.808482
vn  -0.865336 -0.326290 0.380433
vn  0.000000 -0.588521 0.808482
vn  0.865336 -0.261762 0.427405
vn  0.000000 -0.949746 0.313020
vn  0.865336 -0.462003 0.194287
vn  0.000000 -0.947113 -0.320900
vn  0.865336 -0.485986 -0.122526
vn  0.000000 -0.583386 -0.812195
vn  0.865336 -0.323873 -0.382493
vn  0.000000 -0.585598 -0.810601
vn  -0.865336 -0.260217 -0.428347
vn  0.000000 -0.950518 -0.310669
vn  -0.865336 -0.462483 -0.193143
vn  0.000000 -0.952710 0.303880
vn  -0.865336 -0.488103 0.113799
vn  0.000000 -0.590284 0.807195
vn  -0.865336 -0.327120 0.379720
vn  0.000000 -0.590284 0.807195
vn  0.865336 -0.262694 0.426833
vn  0.000000 -0.952710 0.303880
vn  0.865336 -0.463849 0.189839
vn  0.000000 -0.950518 -0.310669
vn  0.865336 -0.487278 -0.117278
vn  0.000000 -0.585598 -0.810601
vn  0.865336 -0.324915 -0.381608
vn  0.000000 -0.596364 -0.802714
vn  -0.865336 -0.265911 -0.424836
vn  0.000000 -0.953025 -0.302891
vn  -0.865336 -0.464046 -0.189357
vn  0.000000 -0.949732 0.313064
vn  -0.865336 -0.486981 0.118506
vn  0.000000 -0.586349 0.810058
vn  -0.865336 -0.325268 0.381307
vn  0.000000 -0.584932 -0.811082
vn  -0.865336 -0.259865 -0.428561
vn  0.000000 -0.948794 -0.315896
vn  -0.865336 -0.461413 -0.195686
vn  0.000000 -0.954136 0.299374
vn  -0.865336 -0.488635 0.111491
vn  0.000000 -0.599076 0.800692
vn  -0.865336 -0.331253 0.376120
vn  0.000000 -0.586349 0.810058
vn  0.865336 -0.260614 0.428106
vn  0.000000 -0.949732 0.313064
vn  0.865336 -0.461994 0.194308
vn  0.000000 -0.953025 -0.302891
vn  0.865336 -0.488220 -0.113293
vn  0.000000 -0.596364 -0.802714
vn  0.865336 -0.329978 -0.377238
vn  0.000000 -0.599076 0.800692
vn  0.865336 -0.267346 0.423934
vn  0.000000 -0.954136 0.299374
vn  0.865336 -0.464741 0.187645
vn  0.000000 -0.948794 -0.315896
vn  0.865336 -0.486625 -0.119959
vn  0.000000 -0.584932 -0.811082
vn  0.865336 -0.324601 -0.381875
vn  0.000000 -0.594115 -0.804380
vn  -0.865336 -0.264720 -0.425579
vn  0.000000 -0.953923 -0.300051
vn  -0.865336 -0.464607 -0.187974
vn  0.000000 -0.948968 0.315373
vn  -0.865336 -0.486691 0.119691
vn  0.000000 -0.583182 0.812341
vn  -0.865336 -0.323777 0.382574
vn  0.000000 -0.583182 0.812341
vn  0.865336 -0.258941 0.429120
vn  0.000000 -0.948968 0.315373
vn  0.865336 -0.461520 0.195431
vn  0.000000 -0.953923 -0.300051
vn  0.865336 -0.488556 -0.111838
vn  0.000000 -0.594115 -0.804380
vn  0.865336 -0.328921 -0.378160
vn  0.000000 -0.587549 -0.809189
vn  -0.865336 -0.261248 -0.427719
vn  0.000000 -0.950080 -0.312007
vn  -0.865336 -0.462210 -0.193794
vn  0.000000 -0.948040 0.318151
vn  -0.865336 -0.486339 0.121116
vn  0.000000 -0.584955 0.811066
vn  -0.865336 -0.324612 0.381866
vn  0.000000 -0.584955 0.811066
vn  0.865336 -0.259877 0.428554
vn  0.000000 -0.948040 0.318151
vn  0.865336 -0.460946 0.196782
vn  0.000000 -0.950080 -0.312007
vn  0.865336 -0.487113 -0.117964
vn  0.000000 -0.587549 -0.809189
vn  0.865336 -0.325833 -0.380825
vn  0.000000 -0.585990 -0.810318
vn  -0.865336 -0.260424 -0.428221
vn  0.000000 -0.949568 -0.313560
vn  -0.865336 -0.461893 -0.194549
vn  0.000000 -0.953242 0.302208
vn  -0.865336 -0.488302 0.112943
vn  0.000000 -0.597012 0.802232
vn  -0.865336 -0.330283 0.376972
vn  0.000000 -0.585691 -0.810535
vn  -0.865336 -0.260266 -0.428318
vn  0.000000 -0.948636 -0.316368
vn  -0.865336 -0.461315 -0.195915
vn  0.000000 -0.950308 0.311312
vn  -0.865336 -0.487199 0.117608
vn  0.000000 -0.587084 0.809526
vn  -0.865336 -0.325614 0.381012
vn  0.000000 -0.597012 0.802232
vn  0.865336 -0.266254 0.424622
vn  0.000000 -0.953242 0.302208
vn  0.865336 -0.464181 0.189024
vn  0.000000 -0.949568 -0.313560
vn  0.865336 -0.486919 -0.118761
vn  0.000000 -0.585990 -0.810318
vn  0.865336 -0.325099 -0.381451
vn  0.000000 -0.576680 0.816970
vn  0.000000 -0.816970 -0.576680
vn  -0.865336 -0.320713 0.385146
vn  0.000000 -0.576680 0.816970
vn  0.000000 -0.816970 -0.576680
vn  0.865336 -0.255508 0.431173
vn  0.000000 -0.945014 0.327029
vn  0.865336 -0.459080 0.201097
vn  0.000000 -0.956214 -0.292668
vn  0.865336 -0.489406 -0.108058
vn  0.000000 -0.601882 -0.798585
vn  0.865336 -0.332570 -0.374955
vn  0.000000 -0.599862 0.800103
vn  0.865336 -0.267763 0.423672
vn  0.000000 -0.954007 0.299783
vn  0.865336 -0.464660 0.187844
vn  0.000000 -0.951180 -0.308637
vn  0.865336 -0.487528 -0.116237
vn  0.000000 -0.595801 -0.803132
vn  0.865336 -0.329714 -0.377470
vn  0.000000 -0.601882 -0.798585
vn  -0.865336 -0.268832 -0.422994
vn  0.000000 -0.956214 -0.292668
vn  -0.865336 -0.466047 -0.184377
vn  0.000000 -0.945014 0.327029
vn  -0.865336 -0.485182 0.125671
vn  0.000000 -0.587084 0.809526
vn  0.865336 -0.261003 0.427869
vn  0.000000 -0.950308 0.311312
vn  0.865336 -0.462352 0.193456
vn  0.000000 -0.948636 -0.316368
vn  0.865336 -0.486566 -0.120201
vn  0.000000 -0.585691 -0.810535
vn  0.865336 -0.324958 -0.381571
vn  0.000000 -0.582147 -0.813083
vn  -0.865336 -0.258394 -0.429450
vn  0.000000 -0.947971 -0.318356
vn  -0.865336 -0.460903 -0.196882
vn  0.000000 -0.954593 0.297913
vn  -0.865336 -0.488805 0.110743
vn  0.000000 -0.596259 0.802792
vn  -0.865336 -0.329929 0.377282
vn  0.000000 -0.596259 0.802792
vn  0.865336 -0.265855 0.424871
vn  0.000000 -0.954593 0.297913
vn  0.865336 -0.465027 0.186933
vn  0.000000 -0.947971 -0.318356
vn  0.865336 -0.486313 -0.121220
vn  0.000000 -0.582147 -0.813083
vn  0.865336 -0.323289 -0.382986
vn  0.000000 -0.595801 -0.803132
vn  -0.865336 -0.265613 -0.425023
vn  0.000000 -0.951180 -0.308637
vn  -0.865336 -0.462894 -0.192154
vn  0.000000 -0.954007 0.299783
vn  -0.865336 -0.488587 0.111701
vn  0.000000 -0.599862 0.800103
vn  -0.865336 -0.331622 0.375794
vn  0.707055 -0.000014 -0.707159
vn  0.707055 -0.000014 -0.707159
vn  0.707164 -0.000331 -0.707049
vn  0.707164 -0.000331 -0.707049
vn  0.670941 0.487871 -0.558409
vn  0.623578 0.737168 -0.260259
vn  0.707053 0.000016 0.707161
vn  0.707053 0.000016 0.707161
vn  0.707166 0.000245 0.707048
vn  0.707166 0.000245 0.707048
vn  0.671005 0.487435 0.558713
vn  0.623638 0.736868 0.260961
vn  0.670664 -0.489491 0.557322
vn  0.623393 -0.738033 0.258240
vn  0.670852 -0.488501 -0.557964
vn  0.623518 -0.737422 -0.259679
vn  -0.865017 0.103910 0.490865
vn  0.865017 0.195960 0.461894
vn  -0.865017 0.289105 0.410079
vn  0.865017 0.362263 0.347148
vn  -0.865017 0.427418 0.262793
vn  0.865017 0.469822 0.176107
vn  -0.865017 0.496420 0.072892
vn  0.865017 0.501193 -0.023491
vn  -0.865017 0.484922 -0.128829
vn  0.865017 0.451290 -0.219280
vn  -0.865017 0.394788 -0.309659
vn  0.865017 0.328205 -0.379510
vn  -0.865017 0.240635 -0.440274
vn  0.865017 0.151898 -0.478198
vn  -0.865017 0.047460 -0.499493
vn  0.865017 -0.049042 -0.499341
vn  -0.865017 -0.153412 -0.477714
vn  0.865017 -0.242028 -0.439509
vn  -0.865017 -0.329405 -0.378468
vn  0.865017 -0.395767 -0.308407
vn  -0.865017 -0.451982 -0.217849
vn  0.865017 -0.485328 -0.127292
vn  -0.865017 -0.501265 -0.021904
vn  0.865017 -0.496187 0.074464
vn  -0.865017 -0.469262 0.177594
vn  0.865017 -0.426583 0.264145
vn  -0.865017 -0.361162 0.348293
vn  0.865017 -0.287805 0.410992
vn  -0.865017 -0.194496 0.462512
vn  0.865017 -0.102355 0.491192
vn  -0.865017 0.003710 0.501729
vn  0.865017 0.099692 0.491739
vn  -0.865017 0.201314 0.459586
vn  0.865017 0.285574 0.412545
vn  -0.865017 0.366273 0.342915
vn  0.865017 0.425146 0.266453
vn  -0.865017 0.471836 0.170636
vn  0.865017 0.495776 0.077151
vn  -0.865017 0.500886 -0.029313
vn  0.865017 0.486010 -0.124661
vn  -0.865017 0.448711 -0.224509
vn  0.865017 0.397432 -0.306258
vn  -0.865017 0.323773 -0.383298
vn  0.865017 0.244406 -0.438192
vn  -0.865017 0.146331 -0.479930
vn  0.865017 0.051746 -0.499068
vn  -0.865017 -0.054840 -0.498737
vn  0.865017 -0.149304 -0.479014
vn  -0.865017 -0.247118 -0.436668
vn  0.865017 -0.326144 -0.381283
vn  -0.865017 -0.399323 -0.303788
vn  0.865017 -0.450095 -0.221722
vn  -0.865017 -0.486774 -0.121645
vn  0.865017 -0.501058 -0.026207
vn  -0.865017 -0.495288 0.080224
vn  0.865017 -0.470769 0.173559
vn  -0.865017 -0.423486 0.269084
vn  0.865017 -0.364139 0.345179
vn  -0.865017 -0.283010 0.414308
vn  0.865017 -0.198460 0.460825
vn  -0.865017 -0.096641 0.492348
vn  0.865017 -0.000598 0.501743
vn  -0.865017 0.105399 0.490548
vn  0.865017 0.197361 0.461297
vn  -0.865017 0.290348 0.409199
vn  0.865017 0.363315 0.346046
vn  -0.865017 0.428213 0.261495
vn  0.865017 0.470354 0.174680
vn  -0.865017 0.496639 0.071385
vn  0.865017 0.501119 -0.025012
vn  -0.865017 0.484529 -0.130300
vn  0.865017 0.450622 -0.220649
vn  -0.865017 0.393846 -0.310856
vn  0.865017 0.327051 -0.380504
vn  -0.865017 0.239297 -0.441002
vn  0.865017 0.150445 -0.478657
vn  -0.865017 0.045943 -0.499635
vn  0.865017 -0.050557 -0.499189
vn  -0.865017 -0.154861 -0.477246
vn  0.865017 -0.243361 -0.438772
vn  -0.865017 -0.330553 -0.377466
vn  0.865017 -0.396702 -0.307203
vn  -0.865017 -0.452642 -0.216475
vn  0.865017 -0.485712 -0.125817
vn  -0.865017 -0.501329 -0.020380
vn  0.865017 -0.495958 0.075971
vn  -0.865017 -0.468720 0.179020
vn  0.865017 -0.425779 0.265440
vn  -0.865017 -0.360102 0.349389
vn  0.865017 -0.286554 0.411865
vn  -0.865017 -0.193089 0.463101
vn  0.865017 -0.100861 0.491501
vn  -0.865017 0.005236 0.501716
vn  0.865017 0.101188 0.491434
vn  -0.865017 0.202712 0.458971
vn  0.865017 0.286828 0.411675
vn  -0.865017 0.202712 0.458971
vn  0.865017 0.286828 0.411675
vn  -0.865017 0.370582 0.338253
vn  0.865017 0.428483 0.261053
vn  -0.865017 0.475517 0.160092
vn  0.865017 0.497370 0.066098
vn  -0.865017 0.499698 -0.045257
vn  0.865017 0.481791 -0.140082
vn  -0.865017 0.439017 -0.242920
vn  0.865017 0.384392 -0.322473
vn  -0.865017 0.303780 -0.399329
vn  0.865017 0.221713 -0.450099
vn  -0.865017 0.116953 -0.487922
vn  0.865017 0.021382 -0.501287
vn  -0.865017 -0.089735 -0.493653
vn  0.865017 -0.182581 -0.467344
vn  -0.865017 -0.281184 -0.415550
vn  0.865017 -0.355537 -0.354034
vn  -0.865017 -0.424881 -0.266875
vn  0.865017 -0.468113 -0.180599
vn  -0.865017 -0.496422 -0.072878
vn  0.865017 -0.501192 0.023505
vn  -0.865017 -0.483658 0.133495
vn  0.865017 -0.449156 0.223618
vn  -0.865017 -0.388757 0.317197
vn  0.865017 -0.320842 0.385754
vn  -0.865017 -0.227835 0.447032
vn  0.865017 -0.138041 0.482380
vn  -0.865017 -0.028221 0.500949
vn  0.865017 0.068203 0.497086
vn  -0.865017 0.176186 0.469792
vn  0.865017 0.262865 0.427374
vn  -0.865017 0.350672 0.358853
vn  0.865017 0.412885 0.285083
vn  -0.865017 0.465605 0.186972
vn  0.865017 0.492787 0.094378
vn  -0.865017 0.501466 -0.016662
vn  0.865017 0.489001 -0.112355
vn  -0.865017 0.452166 -0.217466
vn  0.865017 0.402171 -0.300007
vn  -0.865017 0.326077 -0.381339
vn  0.865017 0.247042 -0.436711
vn  -0.865017 0.144612 -0.480451
vn  0.865017 0.049960 -0.499250
vn  -0.865017 -0.061412 -0.497971
vn  0.865017 -0.155608 -0.477004
vn  -0.865017 -0.257006 -0.430922
vn  0.865017 -0.334749 -0.373750
vn  -0.865017 -0.408955 -0.290692
vn  0.865017 -0.457041 -0.207025
vn  -0.865017 -0.491453 -0.101096
vn  0.865017 -0.501717 -0.005142
vn  -0.865017 -0.490490 0.105669
vn  0.865017 -0.461188 0.197615
vn  -0.865017 -0.406229 0.294489
vn  0.865017 -0.342338 0.366811
vn  -0.865017 -0.252981 0.433298
vn  0.865017 -0.165351 0.473714
vn  -0.865017 -0.056770 0.498521
vn  0.865017 0.039717 0.500169
vn  -0.865017 0.149081 0.479083
vn  0.865017 0.238040 0.441682
vn  -0.865017 0.329615 0.378285
vn  0.865017 0.395938 0.308187
vn  -0.865017 0.454173 0.213245
vn  0.865017 0.486596 0.122354
vn  -0.865017 0.501600 0.011990
vn  0.865017 0.494618 -0.084258
vn  -0.865017 0.463843 -0.191300
vn  0.865017 0.418641 -0.276561
vn  -0.865017 0.347314 -0.362104
vn  0.865017 0.271569 -0.421896
vn  -0.865017 0.171802 -0.471413
vn  0.865017 0.078377 -0.495584
vn  -0.865017 -0.032885 -0.500664
vn  0.865017 -0.128125 -0.485108
vn  -0.865017 -0.231989 -0.444890
vn  0.865017 -0.312868 -0.392250
vn  -0.865017 -0.391694 -0.313563
vn  0.865017 -0.444478 -0.232777
vn  -0.865017 -0.484880 -0.128985
vn  0.865017 -0.500605 -0.033773
vn  -0.865017 -0.495722 0.077498
vn  0.865017 -0.471717 0.170966
vn  -0.865017 -0.422377 0.270820
vn  0.865017 -0.362719 0.346671
vn  -0.865017 -0.277302 0.418150
vn  0.865017 -0.192122 0.463503
vn  -0.865017 -0.085134 0.494468
vn  0.865017 0.011101 0.501620
vn  -0.865017 0.121491 0.486812
vn  0.865017 0.212440 0.454550
vn  -0.865017 0.307485 0.396484
vn  0.865017 0.377701 0.330285
vn  -0.865017 0.441260 0.238822
vn  0.865017 0.478818 0.149930
vn  -0.865017 0.500098 0.040603
vn  0.865017 0.498621 -0.055887
vn  -0.865017 0.474006 -0.164512
vn  0.865017 0.433745 -0.252214
vn  -0.865017 0.367416 -0.341689
vn  0.865017 0.295208 -0.405707
vn  -0.865017 0.198430 -0.460838
vn  0.865017 0.106537 -0.490302
vn  -0.865017 -0.004255 -0.501725
vn  0.865017 -0.100227 -0.491631
vn  -0.865017 -0.206217 -0.457406
vn  0.865017 -0.289969 -0.409468
vn  -0.865017 -0.373158 -0.335408
vn  0.865017 -0.430467 -0.257767
vn  -0.865017 -0.476728 -0.156450
vn  0.865017 -0.497861 -0.062291
vn  -0.865017 -0.499337 0.049079
vn  0.865017 -0.480706 0.143764
vn  -0.865017 -0.437146 0.246272
vn  0.865017 -0.381914 0.325404
vn  -0.865017 -0.300716 0.401642
vn  0.865017 -0.218263 0.451782
vn  -0.865017 -0.300716 0.401642
vn  0.865017 -0.218263 0.451782
vn  -0.865017 -0.113216 0.488803
vn  0.865017 -0.017546 0.501436
vn  -0.865017 0.093510 0.492952
vn  0.865017 0.186151 0.465933
vn  -0.865017 0.284356 0.413386
vn  0.865017 0.358235 0.351303
vn  -0.865017 0.426911 0.263616
vn  0.865017 0.469481 0.177012
vn  -0.865017 0.496965 0.069077
vn  0.865017 0.500998 -0.027340
vn  -0.865017 0.482622 -0.137192
vn  0.865017 0.447432 -0.227048
vn  -0.865017 0.386318 -0.320163
vn  0.865017 0.317880 -0.388199
vn  -0.865017 0.224407 -0.448762
vn  0.865017 0.134345 -0.483423
vn  -0.865017 0.024386 -0.501150
vn  0.865017 -0.072006 -0.496549
vn  -0.865017 -0.179776 -0.468430
vn  0.865017 -0.266128 -0.425349
vn  -0.865017 -0.353408 -0.356158
vn  0.865017 -0.415055 -0.281914
vn  -0.865017 -0.467022 -0.183402
vn  0.865017 -0.493495 -0.090603
vn  -0.865017 -0.501324 0.020500
vn  0.865017 -0.488127 0.116095
vn  -0.865017 -0.450489 0.220921
vn  0.865017 -0.399863 0.303077
vn  -0.865017 -0.323149 0.383824
vn  0.865017 -0.243692 0.438589
vn  -0.865017 -0.140930 0.481544
vn  0.865017 -0.046136 0.499617
vn  -0.865017 0.065222 0.497486
vn  0.865017 0.159255 0.475798
vn  -0.865017 0.260298 0.428942
vn  0.865017 0.337600 0.371177
vn  -0.865017 0.411168 0.287553
vn  0.865017 0.458613 0.203520
vn  -0.865017 0.492212 0.097330
vn  0.865017 0.501741 0.001301
vn  -0.865017 0.489666 -0.109421
vn  0.865017 0.459662 -0.201140
vn  -0.865017 0.403963 -0.297591
vn  0.865017 0.339520 -0.369421
vn  -0.865017 0.249656 -0.435222
vn  0.865017 0.161720 -0.474966
vn  -0.865017 0.052952 -0.498941
vn  0.865017 -0.043545 -0.499850
vn  -0.865017 -0.152745 -0.477928
vn  0.865017 -0.241415 -0.439847
vn  -0.865017 -0.332502 -0.375751
vn  0.865017 -0.398286 -0.305146
vn  -0.865017 -0.455792 -0.209762
vn  0.865017 -0.487518 -0.118625
vn  -0.865017 -0.501677 -0.008150
vn  0.865017 -0.493958 0.088042
vn  -0.865017 -0.462365 0.194846
vn  0.865017 -0.416511 0.279758
vn  -0.865017 -0.344532 0.364752
vn  0.865017 -0.268331 0.423963
vn  -0.865017 -0.168188 0.472714
vn  0.865017 -0.074581 0.496169
vn  -0.865017 0.036717 0.500398
vn  0.865017 0.131835 0.484113
vn  -0.865017 0.235388 0.443101
vn  0.865017 0.315862 0.389843
vn  -0.865017 0.394083 0.310555
vn  0.865017 0.446247 0.229368
vn  -0.865017 0.485854 0.125269
vn  0.865017 0.500849 0.029940
vn  -0.865017 0.495114 -0.081291
vn  0.865017 0.470394 -0.174572
vn  -0.865017 0.420292 -0.274046
vn  0.865017 0.360055 -0.349438
vn  -0.865017 0.274093 -0.420261
vn  0.865017 0.188569 -0.464960
vn  -0.865017 0.081347 -0.495105
vn  0.865017 -0.014941 -0.501521
vn  -0.865017 -0.125214 -0.485868
vn  0.865017 -0.215913 -0.452910
vn  -0.865017 -0.310511 -0.394118
vn  0.865017 -0.380218 -0.327384
vn  -0.865017 -0.443075 -0.235438
vn  0.865017 -0.479952 -0.146261
vn  -0.865017 -0.500394 -0.036774
vn  0.865017 -0.498178 0.059702
vn  -0.865017 -0.472733 0.168135
vn  0.865017 -0.431802 0.255526
vn  -0.865017 -0.364791 0.344491
vn  0.865017 -0.292094 0.407955
vn  -0.865017 -0.194898 0.462343
vn  0.865017 -0.102781 0.491103
vn  -0.865017 0.008094 0.501678
vn  0.865017 0.103986 0.490849
vn  -0.865017 0.209711 0.455815
vn  0.865017 0.293094 0.407237
vn  -0.865017 0.375714 0.332543
vn  0.865017 0.432427 0.254466
vn  -0.865017 0.477911 0.152797
vn  0.865017 0.498323 0.058480
vn  -0.865017 0.498947 -0.052898
vn  0.865017 0.479592 -0.147438
vn  -0.865017 0.435249 -0.249609
vn  0.865017 0.379413 -0.328317
vn  -0.865017 0.297634 -0.403931
vn  0.865017 0.214800 -0.453439
vn  -0.865017 0.109474 -0.489655
vn  0.865017 0.013709 -0.501556
vn  -0.865017 -0.097278 -0.492223
vn  0.865017 -0.189710 -0.464495
vn  -0.865017 -0.287510 -0.411198
vn  0.865017 -0.360912 -0.348552
vn  -0.865017 -0.428915 -0.260342
vn  0.865017 -0.470822 -0.173415
vn  -0.865017 -0.497479 -0.065273
vn  0.865017 -0.500774 0.031172
vn  -0.865017 -0.497479 -0.065273
vn  0.865017 -0.500774 0.031172
vn  -0.865017 -0.481559 0.140881
vn  0.865017 -0.445681 0.230465
vn  -0.865017 -0.383857 0.323110
vn  0.865017 -0.314901 0.390619
vn  -0.865017 -0.220966 0.450466
vn  0.865017 -0.130642 0.484437
vn  -0.865017 -0.020550 0.501322
vn  0.865017 0.075803 0.495984
vn  -0.865017 0.183356 0.467040
vn  0.865017 0.269375 0.423300
vn  -0.865017 0.356123 0.353443
vn  0.865017 0.417200 0.278730
vn  -0.865017 0.468412 0.179823
vn  0.865017 0.494174 0.086824
vn  -0.865017 0.501153 -0.024336
vn  0.865017 0.487224 -0.119827
vn  -0.865017 0.448785 -0.224363
vn  0.865017 0.397532 -0.306128
vn  -0.865017 0.320202 -0.386286
vn  0.865017 0.240328 -0.440441
vn  -0.865017 0.137240 -0.482609
vn  0.865017 0.042311 -0.499956
vn  -0.865017 -0.069028 -0.496972
vn  0.865017 -0.162892 -0.474565
vn  -0.865017 -0.263573 -0.426937
vn  0.865017 -0.340431 -0.368582
vn  -0.865017 -0.413357 -0.284397
vn  0.865017 -0.460157 -0.200004
vn  -0.865017 -0.492943 -0.093560
vn  0.865017 -0.501737 0.002540
vn  -0.865017 -0.488814 0.113166
vn  0.865017 -0.458109 0.204652
vn  -0.865017 -0.401673 0.300674
vn  0.865017 -0.336682 0.372010
vn  -0.865017 -0.246317 0.437120
vn  0.865017 -0.158079 0.476190
vn  -0.865017 -0.049131 0.499332
vn  0.865017 0.047370 0.499502
vn  -0.865017 0.156399 0.476745
vn  0.865017 0.244775 0.437986
vn  -0.865017 0.335369 0.373194
vn  0.865017 0.400610 0.302088
vn  -0.865017 0.457384 0.206266
vn  0.865017 0.488412 0.114889
vn  -0.865017 0.501725 0.004309
vn  0.865017 0.493270 -0.091821
vn  -0.865017 0.460860 -0.198380
vn  0.865017 0.414358 -0.282938
vn  -0.865017 0.341729 -0.367379
vn  0.865017 0.265077 -0.426005
vn  -0.865017 0.164565 -0.473988
vn  0.865017 0.070780 -0.496726
vn  -0.865017 -0.040547 -0.500102
vn  0.865017 -0.135537 -0.483090
vn  -0.865017 -0.238773 -0.441286
vn  0.865017 -0.318837 -0.387413
vn  -0.865017 -0.396449 -0.307529
vn  0.865017 -0.447990 -0.225945
vn  -0.865017 -0.486798 -0.121546
vn  0.865017 -0.501064 -0.026105
vn  -0.865017 -0.494477 0.085079
vn  0.865017 -0.469044 0.178168
vn  -0.865017 -0.418181 0.277255
vn  0.865017 -0.357369 0.352184
vn  -0.865017 -0.270868 0.422347
vn  0.865017 -0.185004 0.466390
vn  -0.865017 -0.077554 0.495713
vn  0.865017 0.018780 0.501391
vn  -0.865017 0.128930 0.484895
vn  0.865017 0.219374 0.451244
vn  -0.865017 0.313518 0.391730
vn  0.865017 0.382713 0.324464
vn  -0.865017 0.444864 0.232039
vn  0.865017 0.481058 0.142582
vn  -0.865017 0.500660 0.032942
vn  0.865017 0.497707 -0.063514
vn  -0.865017 0.471432 -0.171749
vn  0.865017 0.429833 -0.258824
vn  -0.865017 0.362143 -0.347273
vn  0.865017 0.288963 -0.410179
vn  -0.865017 0.191353 -0.463821
vn  0.865017 0.099019 -0.491875
vn  -0.865017 -0.011934 -0.501601
vn  0.865017 -0.107740 -0.490039
vn  -0.865017 -0.213194 -0.454197
vn  0.865017 -0.296202 -0.404982
vn  -0.865017 -0.378248 -0.329658
vn  0.865017 -0.434362 -0.251149
vn  -0.865017 -0.479067 -0.149135
vn  0.865017 -0.498756 -0.054664
vn  -0.865017 -0.498527 0.056715
vn  0.865017 -0.478449 0.151104
vn  -0.865017 -0.433326 0.252933
vn  0.865017 -0.376889 0.331211
vn  -0.865017 -0.294534 0.406197
vn  0.865017 -0.211324 0.455069
vn  -0.865017 -0.105723 0.490478
vn  0.865017 -0.009871 0.501646
vn  -0.865017 0.101042 0.491464
vn  0.865017 0.193259 0.463030
vn  -0.865017 0.290648 0.408987
vn  0.865017 0.363569 0.345780
vn  -0.865017 0.430894 0.257053
vn  0.865017 0.472135 0.169808
vn  -0.865017 0.497964 0.061465
vn  0.865017 0.500521 -0.035002
vn  -0.865017 0.480467 -0.144561
vn  0.865017 0.443905 -0.233868
vn  -0.865017 0.381374 -0.326037
vn  0.865017 0.311903 -0.393017
vn  -0.865017 0.217514 -0.452144
vn  0.865017 0.126932 -0.485422
vn  -0.865017 0.016714 -0.501465
vn  0.865017 -0.079595 -0.495389
vn  -0.865017 -0.186924 -0.465624
vn  0.865017 -0.272606 -0.421227
vn  -0.865017 -0.186924 -0.465624
vn  0.865017 -0.272606 -0.421227
vn  -0.865017 -0.358817 -0.350708
vn  0.865017 -0.419320 -0.275530
vn  -0.865017 -0.469774 -0.176233
vn  0.865017 -0.494824 -0.083040
vn  -0.865017 -0.500952 0.028170
vn  0.865017 -0.486293 0.123552
vn  -0.865017 -0.447055 0.227790
vn  0.865017 -0.395178 0.309161
vn  -0.865017 -0.317236 0.388725
vn  0.865017 -0.236951 0.442267
vn  -0.865017 -0.133543 0.483645
vn  0.865017 -0.038484 0.500265
vn  -0.865017 0.072829 0.496429
vn  0.865017 0.166519 0.473305
vn  -0.865017 0.266833 0.424907
vn  0.865017 0.343242 0.365966
vn  -0.865017 0.415522 0.281225
vn  0.865017 0.461674 0.196476
vn  -0.865017 0.493644 0.089784
vn  0.865017 0.501702 -0.006380
vn  -0.865017 0.487934 -0.116905
vn  0.865017 0.456529 -0.208153
vn  -0.865017 0.399360 -0.303740
vn  0.865017 0.333825 -0.374576
vn  -0.865017 0.242964 -0.438993
vn  0.865017 0.154429 -0.477386
vn  -0.865017 0.045307 -0.499693
vn  0.865017 -0.051192 -0.499125
vn  -0.865017 -0.160044 -0.475533
vn  0.865017 -0.248120 -0.436099
vn  -0.865017 -0.338216 -0.370616
vn  0.865017 -0.402911 -0.299013
vn  -0.865017 -0.458950 -0.202759
vn  0.865017 -0.489277 -0.111147
vn  -0.865017 -0.501743 -0.000468
vn  0.865017 -0.492552 0.095595
vn  -0.865017 -0.459327 0.201902
vn  0.865017 -0.412179 0.286102
vn  -0.865017 -0.338907 0.369984
vn  0.865017 -0.261808 0.428022
vn  -0.865017 -0.160931 0.475234
vn  0.865017 -0.066975 0.497253
vn  -0.865017 0.044375 0.499777
vn  0.865017 0.139232 0.482038
vn  -0.865017 0.242144 0.439445
vn  0.865017 0.321793 0.384961
vn  -0.865017 0.398792 0.304485
vn  0.865017 0.449707 0.222508
vn  -0.865017 0.487715 0.117816
vn  0.865017 0.501249 0.022268
vn  -0.865017 0.493811 -0.088862
vn  0.865017 0.467666 -0.181754
vn  -0.865017 0.416047 -0.280448
vn  0.865017 0.354662 -0.354910
vn  -0.865017 0.267627 -0.424408
vn  0.865017 0.181428 -0.467793
vn  -0.865017 0.073757 -0.496292
vn  0.865017 -0.022618 -0.501233
vn  -0.865017 -0.132638 -0.483894
vn  0.865017 -0.222822 -0.449551
vn  -0.865017 -0.316508 -0.389318
vn  0.865017 -0.385186 -0.321525
vn  -0.865017 -0.446627 -0.228627
vn  0.865017 -0.482135 -0.138895
vn  -0.865017 -0.500898 -0.029109
vn  0.865017 -0.497206 0.067322
vn  -0.865017 -0.470104 0.175353
vn  0.865017 -0.427839 0.262107
vn  -0.865017 -0.359474 0.350035
vn  0.865017 -0.285814 0.412379
vn  -0.865017 -0.187797 0.465272
vn  0.865017 -0.095251 0.492619
vn  -0.865017 0.015773 0.501495
vn  0.865017 0.111488 0.489200
vn  -0.865017 0.216664 0.452551
vn  0.865017 0.299294 0.402703
vn  -0.865017 0.380761 0.326753
vn  0.865017 0.436272 0.247816
vn  -0.865017 0.480194 0.145464
vn  0.865017 0.499160 0.050845
vn  -0.865017 0.498079 -0.060529
vn  0.865017 0.477279 -0.154762
vn  -0.865017 0.431377 -0.256242
vn  0.865017 0.374343 -0.334086
vn  -0.865017 0.291417 -0.408439
vn  0.865017 0.207835 -0.456674
vn  -0.865017 0.101967 -0.491273
vn  0.865017 0.006031 -0.501707
vn  -0.865017 -0.104800 -0.490676
vn  0.865017 -0.196797 -0.461538
vn  -0.865017 -0.293769 -0.406750
vn  0.865017 -0.366204 -0.342988
vn  -0.865017 -0.432849 -0.253748
vn  0.865017 -0.473421 -0.166190
vn  -0.865017 -0.498420 -0.057653
vn  0.865017 -0.500238 0.038831
vn  -0.865017 -0.479346 0.148233
vn  0.865017 -0.442103 0.237258
vn  -0.865017 -0.378868 0.328946
vn  0.865017 -0.308887 0.395392
vn  -0.865017 -0.214048 0.453795
vn  0.865017 -0.123214 0.486379
vn  -0.865017 -0.012877 0.501578
vn  0.865017 0.083383 0.494766
vn  -0.865017 0.190480 0.464180
vn  0.865017 0.275820 0.419129
vn  -0.865017 0.361490 0.347953
vn  0.865017 0.421416 0.272314
vn  -0.865017 0.471109 0.172634
vn  0.865017 0.495444 0.079252
vn  -0.865017 0.500721 -0.032002
vn  0.865017 0.485334 -0.127268
vn  -0.865017 0.445299 -0.231204
vn  0.865017 0.392801 -0.312176
vn  -0.865017 0.314253 -0.391141
vn  0.865017 0.233560 -0.444067
vn  -0.865017 0.314253 -0.391141
vn  0.865017 0.233560 -0.444067
vn  -0.865017 0.129839 -0.484652
vn  0.865017 0.034655 -0.500545
vn  -0.865017 -0.076625 -0.495857
vn  0.865017 -0.170135 -0.472017
vn  -0.865017 -0.270077 -0.422853
vn  0.865017 -0.346032 -0.363329
vn  -0.865017 -0.417662 -0.278037
vn  0.865017 -0.463164 -0.192938
vn  -0.865017 -0.494317 -0.086004
vn  0.865017 -0.501639 0.010219
vn  -0.865017 -0.487025 0.120635
vn  0.865017 -0.454923 0.211640
vn  -0.865017 -0.397023 0.306787
vn  0.865017 -0.330949 0.377119
vn  -0.865017 -0.239597 0.440839
vn  0.865017 -0.150771 0.478554
vn  -0.865017 -0.041482 0.500025
vn  0.865017 0.055011 0.498718
vn  -0.865017 0.163679 0.474295
vn  0.865017 0.251451 0.434187
vn  -0.865017 0.341042 0.368017
vn  0.865017 0.405188 0.295920
vn  -0.865017 0.460488 0.199240
vn  0.865017 0.490114 0.107399
vn  -0.865017 0.501732 -0.003372
vn  0.865017 0.491806 -0.099362
vn  -0.865017 0.457768 -0.205412
vn  0.865017 0.409977 -0.289248
vn  -0.865017 0.336065 -0.372568
vn  0.865017 0.258524 -0.430013
vn  -0.865017 0.157288 -0.476452
vn  0.865017 0.063167 -0.497751
vn  -0.865017 -0.048199 -0.499423
vn  0.865017 -0.142917 -0.480958
vn  -0.865017 -0.245501 -0.437579
vn  0.865017 -0.324731 -0.382486
vn  -0.865017 -0.401111 -0.301423
vn  0.865017 -0.451397 -0.219059
vn  -0.865017 -0.488602 -0.114078
vn  0.865017 -0.501404 -0.018430
vn  -0.865017 -0.493117 0.092640
vn  0.865017 -0.466261 0.185329
vn  -0.865017 -0.413887 0.283625
vn  0.865017 -0.351935 0.357614
vn  -0.865017 -0.264370 0.426444
vn  0.865017 -0.177841 0.469168
vn  -0.865017 -0.069956 0.496842
vn  0.865017 0.026454 0.501045
vn  -0.865017 0.136339 0.482864
vn  0.865017 0.226257 0.447832
vn  -0.865017 0.319479 0.386884
vn  0.865017 0.387636 0.318567
vn  -0.865017 0.448365 0.225201
vn  0.865017 0.483184 0.135200
vn  -0.865017 0.501106 0.025273
vn  0.865017 0.496676 -0.071127
vn  -0.865017 0.468747 -0.178947
vn  0.865017 0.425820 -0.265374
vn  -0.865017 0.356784 -0.352777
vn  0.865017 0.282649 -0.414555
vn  -0.865017 0.184229 -0.466697
vn  0.865017 0.091477 -0.493334
vn  -0.865017 -0.019612 -0.501360
vn  0.865017 -0.115230 -0.488332
vn  -0.865017 -0.220122 -0.450879
vn  0.865017 -0.302368 -0.400400
vn  -0.865017 -0.383251 -0.323829
vn  0.865017 -0.438156 -0.244469
vn  -0.865017 -0.481294 -0.141784
vn  0.865017 -0.499535 -0.047022
vn  -0.865017 -0.497601 0.064340
vn  0.865017 -0.476080 0.158411
vn  -0.865017 -0.429403 0.259537
vn  0.865017 -0.371775 0.336942
vn  -0.865017 -0.288282 0.410658
vn  0.865017 -0.204333 0.458251
vn  -0.865017 -0.098203 0.492039
vn  0.865017 -0.002190 0.501738
vn  -0.865017 0.108553 0.489860
vn  0.865017 0.200324 0.460018
vn  -0.865017 0.296874 0.404490
vn  0.865017 0.368819 0.340175
vn  -0.865017 0.434778 0.250427
vn  0.865017 0.474679 0.162561
vn  -0.865017 0.498846 0.053836
vn  0.865017 0.499926 -0.042659
vn  -0.865017 0.478198 -0.151898
vn  0.865017 0.440274 -0.240635
vn  -0.865017 0.376339 -0.331836
vn  0.865017 0.305852 -0.397745
vn  -0.865017 0.210569 -0.455419
vn  0.865017 0.119488 -0.487308
vn  -0.865017 0.009038 -0.501662
vn  0.865017 -0.087167 -0.494113
vn  -0.865017 -0.194027 -0.462709
vn  0.865017 -0.279020 -0.417006
vn  -0.865017 -0.364142 -0.345177
vn  0.865017 -0.423487 -0.269081
vn  -0.865017 -0.472416 -0.169025
vn  0.865017 -0.496036 -0.075459
vn  -0.865017 -0.500462 0.035832
vn  0.865017 -0.484346 0.130978
vn  -0.865017 -0.443517 0.234604
vn  0.865017 -0.390401 0.315172
vn  -0.865017 -0.311251 0.393534
vn  0.865017 -0.230156 0.445841
vn  -0.865017 -0.126127 0.485632
vn  0.865017 -0.030825 0.500795
vn  -0.865017 0.080417 0.495257
vn  0.865017 0.173741 0.470702
vn  -0.865017 0.273304 0.420775
vn  0.865017 0.348802 0.360671
vn  -0.865017 0.419777 0.274834
vn  0.865017 0.464627 0.189389
vn  -0.865017 0.494961 0.082220
vn  0.865017 0.501546 -0.014057
vn  -0.865017 0.494961 0.082220
vn  0.865017 0.501546 -0.014057
vn  -0.865017 0.486088 -0.124358
vn  0.865017 0.453290 -0.215115
vn  -0.865017 0.394664 -0.309816
vn  0.865017 0.328053 -0.379641
vn  -0.865017 0.236217 -0.442660
vn  0.865017 0.147105 -0.479694
vn  -0.865017 0.037654 -0.500328
vn  0.865017 -0.058825 -0.498283
vn  -0.865017 -0.167304 -0.473028
vn  0.865017 -0.254766 -0.432250
vn  -0.865017 -0.343849 -0.365396
vn  0.865017 -0.407441 -0.292811
vn  -0.865017 -0.462000 -0.195710
vn  0.865017 -0.490921 -0.103645
vn  -0.865017 -0.501691 0.007212
vn  0.865017 -0.491031 0.103123
vn  -0.865017 -0.456183 0.208910
vn  0.865017 -0.407752 0.292378
vn  -0.865017 -0.333203 0.375129
vn  0.865017 -0.255225 0.431979
vn  -0.865017 -0.153637 0.477642
vn  0.865017 -0.059355 0.498220
vn  -0.865017 0.052020 0.499039
vn  0.865017 0.146595 0.479850
vn  -0.865017 0.248843 0.435687
vn  0.865017 0.327649 0.379990
vn  -0.865017 0.403407 0.298344
vn  0.865017 0.453061 0.215597
vn  -0.865017 0.489461 0.110335
vn  0.865017 0.501531 0.014591
vn  -0.865017 0.492393 -0.096412
vn  0.865017 0.464829 -0.188893
vn  -0.865017 0.411704 -0.286785
vn  0.865017 0.349187 -0.360298
vn  -0.865017 0.261097 -0.428456
vn  0.865017 0.174244 -0.470516
vn  -0.865017 0.066150 -0.497363
vn  0.865017 -0.030289 -0.500828
vn  -0.865017 -0.140031 -0.481806
vn  0.865017 -0.229679 -0.446087
vn  -0.865017 -0.322432 -0.384427
vn  0.865017 -0.390063 -0.315590
vn  -0.865017 -0.450075 -0.221762
vn  0.865017 -0.484205 -0.131497
vn  -0.865017 -0.501285 -0.021436
vn  0.865017 -0.496117 0.074927
vn  -0.865017 -0.467364 0.182530
vn  0.865017 -0.423776 0.268626
vn  -0.865017 -0.354073 0.355498
vn  0.865017 -0.279467 0.416707
vn  -0.865017 -0.180651 0.468093
vn  0.865017 -0.087698 0.494019
vn  -0.865017 0.023449 0.501195
vn  0.865017 0.118965 0.487436
vn  -0.865017 0.223568 0.449181
vn  0.865017 0.305424 0.398073
vn  -0.865017 0.385719 0.320885
vn  0.865017 0.440015 0.241108
vn  -0.865017 0.482365 0.138095
vn  0.865017 0.499880 0.043196
vn  -0.865017 0.497094 -0.068147
vn  0.865017 0.474853 -0.162051
vn  -0.865017 0.427403 -0.262816
vn  0.865017 0.369184 -0.339778
vn  -0.865017 0.285129 -0.412853
vn  0.865017 0.200819 -0.459802
vn  -0.865017 0.094433 -0.492776
vn  0.865017 -0.001651 -0.501740
vn  -0.865017 -0.112300 -0.489014
vn  0.865017 -0.203840 -0.458471
vn  -0.865017 -0.299962 -0.402205
vn  0.865017 -0.371412 -0.337341
vn  -0.865017 -0.436683 -0.247092
vn  0.865017 -0.475909 -0.158923
vn  -0.865017 -0.499244 -0.050016
vn  0.865017 -0.499585 0.046485
vn  -0.865017 -0.477021 0.155554
vn  0.865017 -0.438419 0.243998
vn  -0.865017 -0.373788 0.334706
vn  0.865017 -0.302798 0.400074
vn  -0.865017 -0.207077 0.457018
vn  0.865017 -0.115755 0.488208
vn  -0.865017 -0.005198 0.501716
vn  0.865017 0.090947 0.493432
vn  -0.865017 0.197563 0.461210
vn  0.865017 0.282203 0.414858
vn  -0.865017 0.366773 0.342380
vn  0.865017 0.425534 0.265832
vn  -0.865017 0.473696 0.165404
vn  0.865017 0.496599 0.071660
vn  -0.865017 0.500173 -0.039661
vn  0.865017 0.483329 -0.134681
vn  -0.865017 0.441708 -0.237991
vn  0.865017 0.387978 -0.318150
vn  -0.865017 0.308231 -0.395904
vn  0.865017 0.226737 -0.447589
vn  -0.865017 0.122407 -0.486583
vn  0.865017 0.026992 -0.501017
vn  -0.865017 -0.084204 -0.494627
vn  0.865017 -0.177338 -0.469358
vn  -0.865017 -0.276515 -0.418671
vn  0.865017 -0.351551 -0.357991
vn  -0.865017 -0.421867 -0.271614
vn  0.865017 -0.466062 -0.185828
vn  -0.865017 -0.495575 -0.078430
vn  0.865017 -0.501424 0.017893
vn  -0.865017 -0.485122 0.128073
vn  0.865017 -0.451631 0.218576
vn  -0.865017 -0.392283 0.312826
vn  0.865017 -0.325140 0.382139
vn  -0.865017 -0.232824 0.444454
vn  0.865017 -0.143431 0.480805
vn  -0.865017 -0.033825 0.500602
vn  0.865017 0.062636 0.497818
vn  -0.865017 0.170918 0.471734
vn  0.865017 0.258065 0.430289
vn  -0.865017 0.170918 0.471734
vn  0.865017 0.258065 0.430289
vn  0.000000 -0.816970 -0.576680
vn  -0.865017 -0.327424 0.380184
vn  0.865017 -0.248585 0.435834
vn  -0.865017 0.346634 0.362754
vn  0.865017 0.409669 0.289685
vn  -0.865017 0.463484 0.192169
vn  0.865017 0.491700 0.099885
vn  -0.865017 0.501621 -0.011051
vn  0.865017 0.490228 -0.106877
vn  -0.865017 0.454571 -0.212394
vn  0.865017 0.405502 -0.295489
vn  -0.865017 0.330323 -0.377668
vn  0.865017 0.251912 -0.433920
vn  -0.865017 0.149977 -0.478804
vn  0.865017 0.055541 -0.498660
vn  -0.865017 -0.055838 -0.498626
vn  0.865017 -0.150263 -0.478714
vn  -0.865017 -0.252171 -0.433770
vn  0.865017 -0.330548 -0.377471
vn  -0.865017 -0.405678 -0.295248
vn  0.865017 -0.454697 -0.212124
vn  -0.865017 -0.490291 -0.106585
vn  0.865017 -0.501628 -0.010752
vn  -0.865017 -0.491641 0.100178
vn  0.865017 -0.463369 0.192445
vn  -0.865017 -0.409497 0.289928
vn  0.865017 -0.346419 0.362960
vn  -0.865017 -0.257810 0.430442
vn  0.865017 -0.170638 0.471836
vn  -0.865017 -0.062341 0.497855
vn  0.865017 0.034122 0.500581
vn  -0.865017 0.143715 0.480720
vn  0.865017 0.233087 0.444316
vn  -0.865017 0.325365 0.381947
vn  0.865017 0.392468 0.312594
vn  -0.865017 0.451760 0.218310
vn  0.865017 0.485198 0.127787
vn  -0.865017 0.501434 0.017598
vn  0.865017 0.495529 -0.078723
vn  -0.865017 0.465953 -0.186102
vn  0.865017 0.421707 -0.271863
vn  -0.865017 0.351341 -0.358198
vn  0.865017 0.276269 -0.418834
vn  -0.865017 0.177062 -0.469463
vn  0.865017 0.083913 -0.494676
vn  -0.865017 -0.027286 -0.501001
vn  0.865017 -0.122693 -0.486511
vn  -0.865017 -0.227000 -0.447456
vn  0.865017 -0.308463 -0.395723
vn  -0.865017 -0.388164 -0.317923
vn  0.865017 -0.441848 -0.237732
vn  -0.865017 -0.483408 -0.134398
vn  0.865017 -0.500196 -0.039368
vn  -0.865017 -0.496557 0.071951
vn  0.865017 -0.473599 0.165681
vn  -0.865017 -0.425379 0.266081
vn  0.865017 -0.366572 0.342594
vn  -0.865017 -0.281960 0.415023
vn  0.865017 -0.197293 0.461326
vn  -0.865017 -0.090658 0.493485
vn  0.865017 0.005492 0.501713
vn  -0.865017 0.116040 0.488140
vn  0.865017 0.207344 0.456897
vn  -0.865017 0.303032 0.399897
vn  0.865017 0.373984 0.334488
vn  -0.865017 0.438561 0.243742
vn  0.865017 0.477112 0.155275
vn  -0.865017 0.499612 0.046193
vn  0.865017 0.499215 -0.050308
vn  -0.865017 0.475816 -0.159201
vn  0.865017 0.436538 -0.247347
vn  -0.865017 0.371215 -0.337558
vn  0.865017 0.299727 -0.402380
vn  -0.865017 0.203572 -0.458590
vn  0.865017 0.112014 -0.489080
vn  -0.865017 0.001358 -0.501741
vn  0.865017 -0.094721 -0.492721
vn  -0.865017 -0.201087 -0.459685
vn  0.865017 -0.285371 -0.412686
vn  -0.865017 -0.369383 -0.339562
vn  0.865017 -0.427557 -0.262567
vn  -0.865017 -0.474948 -0.161773
vn  0.865017 -0.497133 -0.067857
vn  -0.865017 -0.499855 0.043488
vn  0.865017 -0.482284 0.138377
vn  -0.865017 -0.439874 0.241365
vn  0.865017 -0.385531 0.321110
vn  -0.865017 -0.305191 0.398252
vn  0.865017 -0.223305 0.449312
vn  -0.865017 -0.118680 0.487505
vn  0.865017 -0.023156 0.501208
vn  -0.865017 0.087987 0.493968
vn  0.865017 0.180925 0.467987
vn  -0.865017 0.279711 0.416543
vn  0.865017 0.354281 0.355290
vn  -0.865017 0.423933 0.268378
vn  0.865017 0.467471 0.182256
vn  -0.865017 0.496161 0.074636
vn  0.865017 0.501272 -0.021730
vn  -0.865017 0.484128 -0.131781
vn  0.865017 0.449945 -0.222026
vn  -0.865017 0.389878 -0.315819
vn  0.865017 0.322206 -0.384616
vn  -0.865017 0.229416 -0.446222
vn  0.865017 0.139748 -0.481889
vn  -0.865017 0.029994 -0.500846
vn  0.865017 -0.066443 -0.497324
vn  -0.865017 -0.174522 -0.470413
vn  0.865017 -0.261350 -0.428302
vn  -0.865017 -0.349399 -0.360092
vn  0.865017 -0.411873 -0.286542
vn  -0.865017 -0.464940 -0.188618
vn  0.865017 -0.492450 -0.096121
vn  -0.865017 -0.501522 0.014888
vn  0.865017 -0.489396 0.110624
vn  -0.865017 -0.452933 0.215866
vn  0.865017 -0.403230 0.298583


g 0
g 1
usemtl MTL0
f 70/70/70  4/4/4  1/1/1
f 1318/1318/1318  3/3/3  5/5/5
f 73/73/73  70/70/70  1/1/1
f 76/76/76  73/73/73  1/1/1
f 82/82/82  76/76/76  1/1/1
f 169/169/169  83/83/83  2/2/2
f 1318/1318/1318  170/170/170  3/3/3
f 67/67/67  7/7/7  4/4/4
f 1253/1253/1253  5/5/5  9/9/9
f 70/70/70  67/67/67  4/4/4
f 1318/1318/1318  5/5/5  1253/1253/1253
f 64/64/64  10/10/10  7/7/7
f 1186/1186/1186  8/8/8  12/12/12
f 67/67/67  64/64/64  7/7/7
f 1252/1252/1252  8/8/8  1186/1186/1186
f 61/61/61  13/13/13  10/10/10
f 1251/1251/1251  11/11/11  14/14/14
f 64/64/64  61/61/61  10/10/10
f 1251/1251/1251  1185/1185/1185  11/11/11
f 61/61/61  16/16/16  13/13/13
f 1143/1143/1143  14/14/14  18/18/18
f 1251/1251/1251  14/14/14  1143/1143/1143
f 58/58/58  19/19/19  16/16/16
f 1076/1076/1076  17/17/17  21/21/21
f 61/61/61  58/58/58  16/16/16
f 1142/1142/1142  17/17/17  1076/1076/1076
f 55/55/55  22/22/22  19/19/19
f 1141/1141/1141  20/20/20  23/23/23
f 58/58/58  55/55/55  19/19/19
f 1141/1141/1141  1075/1075/1075  20/20/20
f 55/55/55  25/25/25  22/22/22
f 1033/1033/1033  23/23/23  27/27/27
f 1141/1141/1141  23/23/23  1033/1033/1033
f 55/55/55  28/28/28  25/25/25
f 966/966/966  26/26/26  30/30/30
f 1032/1032/1032  26/26/26  966/966/966
f 52/52/52  31/31/31  28/28/28
f 1031/1031/1031  29/29/29  32/32/32
f 55/55/55  52/52/52  28/28/28
f 1031/1031/1031  965/965/965  29/29/29
f 43/43/43  34/34/34  31/31/31
f 923/923/923  32/32/32  36/36/36
f 46/46/46  43/43/43  31/31/31
f 49/49/49  46/46/46  31/31/31
f 52/52/52  49/49/49  31/31/31
f 1031/1031/1031  32/32/32  923/923/923
f 40/40/40  37/37/37  34/34/34
f 883/883/883  35/35/35  39/39/39
f 43/43/43  40/40/40  34/34/34
f 922/922/922  35/35/35  883/883/883
f 882/882/882  38/38/38  42/42/42
f 770/770/770  41/41/41  45/45/45
f 836/836/836  41/41/41  770/770/770
f 882/882/882  42/42/42  837/837/837
f 835/835/835  44/44/44  47/47/47
f 835/835/835  769/769/769  44/44/44
f 727/727/727  47/47/47  51/51/51
f 835/835/835  47/47/47  727/727/727
f 642/642/642  50/50/50  54/54/54
f 644/644/644  50/50/50  642/642/642
f 726/726/726  50/50/50  644/644/644
f 610/610/610  53/53/53  56/56/56
f 641/641/641  53/53/53  610/610/610
f 528/528/528  56/56/56  60/60/60
f 528/528/528  524/524/524  56/56/56
f 610/610/610  56/56/56  524/524/524
f 454/454/454  59/59/59  63/63/63
f 527/527/527  59/59/59  454/454/454
f 452/452/452  62/62/62  65/65/65
f 453/453/453  62/62/62  452/452/452
f 325/325/325  65/65/65  69/69/69
f 452/452/452  65/65/65  325/325/325
f 258/258/258  68/68/68  72/72/72
f 324/324/324  68/68/68  258/258/258
f 323/323/323  71/71/71  74/74/74
f 323/323/323  257/257/257  71/71/71
f 215/215/215  74/74/74  78/78/78
f 323/323/323  74/74/74  215/215/215
f 82/82/82  79/79/79  76/76/76
f 172/172/172  77/77/77  81/81/81
f 214/214/214  77/77/77  172/172/172
f 86/86/86  80/80/80  84/84/84
f 171/171/171  80/80/80  86/86/86
f 169/169/169  85/85/85  83/83/83
f 167/167/167  87/87/87  85/85/85
f 171/171/171  86/86/86  88/88/88
f 169/169/169  167/167/167  85/85/85
f 165/165/165  89/89/89  87/87/87
f 173/173/173  88/88/88  90/90/90
f 167/167/167  165/165/165  87/87/87
f 173/173/173  171/171/171  88/88/88
f 163/163/163  91/91/91  89/89/89
f 175/175/175  90/90/90  92/92/92
f 165/165/165  163/163/163  89/89/89
f 175/175/175  173/173/173  90/90/90
f 161/161/161  93/93/93  91/91/91
f 177/177/177  92/92/92  94/94/94
f 163/163/163  161/161/161  91/91/91
f 177/177/177  175/175/175  92/92/92
f 159/159/159  95/95/95  93/93/93
f 181/181/181  94/94/94  96/96/96
f 161/161/161  159/159/159  93/93/93
f 179/179/179  177/177/177  94/94/94
f 181/181/181  179/179/179  94/94/94
f 157/157/157  97/97/97  95/95/95
f 183/183/183  96/96/96  98/98/98
f 159/159/159  157/157/157  95/95/95
f 183/183/183  181/181/181  96/96/96
f 155/155/155  99/99/99  97/97/97
f 185/185/185  98/98/98  100/100/100
f 157/157/157  155/155/155  97/97/97
f 185/185/185  183/183/183  98/98/98
f 153/153/153  101/101/101  99/99/99
f 187/187/187  100/100/100  102/102/102
f 155/155/155  153/153/153  99/99/99
f 187/187/187  185/185/185  100/100/100
f 151/151/151  103/103/103  101/101/101
f 189/189/189  102/102/102  104/104/104
f 153/153/153  151/151/151  101/101/101
f 189/189/189  187/187/187  102/102/102
f 149/149/149  105/105/105  103/103/103
f 189/189/189  104/104/104  106/106/106
f 151/151/151  149/149/149  103/103/103
f 147/147/147  107/107/107  105/105/105
f 191/191/191  106/106/106  108/108/108
f 149/149/149  147/147/147  105/105/105
f 191/191/191  189/189/189  106/106/106
f 145/145/145  109/109/109  107/107/107
f 193/193/193  108/108/108  110/110/110
f 147/147/147  145/145/145  107/107/107
f 193/193/193  191/191/191  108/108/108
f 145/145/145  111/111/111  109/109/109
f 195/195/195  110/110/110  112/112/112
f 195/195/195  193/193/193  110/110/110
f 143/143/143  113/113/113  111/111/111
f 197/197/197  112/112/112  114/114/114
f 145/145/145  143/143/143  111/111/111
f 197/197/197  195/195/195  112/112/112
f 141/141/141  115/115/115  113/113/113
f 199/199/199  114/114/114  116/116/116
f 143/143/143  141/141/141  113/113/113
f 199/199/199  197/197/197  114/114/114
f 139/139/139  117/117/117  115/115/115
f 203/203/203  116/116/116  118/118/118
f 141/141/141  139/139/139  115/115/115
f 201/201/201  199/199/199  116/116/116
f 203/203/203  201/201/201  116/116/116
f 137/137/137  119/119/119  117/117/117
f 205/205/205  118/118/118  120/120/120
f 139/139/139  137/137/137  117/117/117
f 205/205/205  203/203/203  118/118/118
f 135/135/135  121/121/121  119/119/119
f 207/207/207  120/120/120  122/122/122
f 137/137/137  135/135/135  119/119/119
f 207/207/207  205/205/205  120/120/120
f 131/131/131  123/123/123  121/121/121
f 209/209/209  122/122/122  124/124/124
f 133/133/133  131/131/131  121/121/121
f 135/135/135  133/133/133  121/121/121
f 209/209/209  207/207/207  122/122/122
f 128/128/128  125/125/125  123/123/123
f 211/211/211  124/124/124  126/126/126
f 131/131/131  128/128/128  123/123/123
f 211/211/211  209/209/209  124/124/124
f 213/213/213  127/127/127  130/130/130
f 1295/1295/1295  129/129/129  132/132/132
f 256/256/256  213/213/213  130/130/130
f 1297/1297/1297  256/256/256  130/130/130
f 1299/1299/1299  132/132/132  134/134/134
f 1298/1298/1298  1295/1295/1295  132/132/132
f 1299/1299/1299  1298/1298/1298  132/132/132
f 1300/1300/1300  134/134/134  136/136/136
f 1300/1300/1300  1299/1299/1299  134/134/134
f 1301/1301/1301  136/136/136  138/138/138
f 1301/1301/1301  1300/1300/1300  136/136/136
f 1302/1302/1302  138/138/138  140/140/140
f 1302/1302/1302  1301/1301/1301  138/138/138
f 1303/1303/1303  140/140/140  142/142/142
f 1303/1303/1303  1302/1302/1302  140/140/140
f 1304/1304/1304  142/142/142  144/144/144
f 1304/1304/1304  1303/1303/1303  142/142/142
f 1305/1305/1305  144/144/144  146/146/146
f 1305/1305/1305  1304/1304/1304  144/144/144
f 1306/1306/1306  146/146/146  148/148/148
f 1306/1306/1306  1305/1305/1305  146/146/146
f 1307/1307/1307  148/148/148  150/150/150
f 1307/1307/1307  1306/1306/1306  148/148/148
f 1308/1308/1308  150/150/150  152/152/152
f 1308/1308/1308  1307/1307/1307  150/150/150
f 1309/1309/1309  152/152/152  154/154/154
f 1309/1309/1309  1308/1308/1308  152/152/152
f 1310/1310/1310  154/154/154  156/156/156
f 1310/1310/1310  1309/1309/1309  154/154/154
f 1311/1311/1311  156/156/156  158/158/158
f 1311/1311/1311  1310/1310/1310  156/156/156
f 1312/1312/1312  158/158/158  160/160/160
f 1312/1312/1312  1311/1311/1311  158/158/158
f 1313/1313/1313  160/160/160  162/162/162
f 1313/1313/1313  1312/1312/1312  160/160/160
f 1314/1314/1314  162/162/162  164/164/164
f 1314/1314/1314  1313/1313/1313  162/162/162
f 1315/1315/1315  164/164/164  166/166/166
f 1315/1315/1315  1314/1314/1314  164/164/164
f 1316/1316/1316  166/166/166  168/168/168
f 1316/1316/1316  1315/1315/1315  166/166/166
f 1317/1317/1317  168/168/168  170/170/170
f 1317/1317/1317  1316/1316/1316  168/168/168
f 1318/1318/1318  1317/1317/1317  170/170/170
f 216/216/216  172/172/172  174/174/174
f 216/216/216  214/214/214  172/172/172
f 218/218/218  174/174/174  176/176/176
f 218/218/218  216/216/216  174/174/174
f 220/220/220  176/176/176  178/178/178
f 220/220/220  218/218/218  176/176/176
f 220/220/220  178/178/178  180/180/180
f 222/222/222  180/180/180  182/182/182
f 222/222/222  220/220/220  180/180/180
f 224/224/224  182/182/182  184/184/184
f 224/224/224  222/222/222  182/182/182
f 226/226/226  184/184/184  186/186/186
f 226/226/226  224/224/224  184/184/184
f 228/228/228  186/186/186  188/188/188
f 228/228/228  226/226/226  186/186/186
f 230/230/230  188/188/188  190/190/190
f 230/230/230  228/228/228  188/188/188
f 232/232/232  190/190/190  192/192/192
f 232/232/232  230/230/230  190/190/190
f 234/234/234  192/192/192  194/194/194
f 234/234/234  232/232/232  192/192/192
f 238/238/238  194/194/194  196/196/196
f 236/236/236  234/234/234  194/194/194
f 238/238/238  236/236/236  194/194/194
f 240/240/240  196/196/196  198/198/198
f 240/240/240  238/238/238  196/196/196
f 240/240/240  198/198/198  200/200/200
f 242/242/242  200/200/200  202/202/202
f 242/242/242  240/240/240  200/200/200
f 244/244/244  202/202/202  204/204/204
f 244/244/244  242/242/242  202/202/202
f 246/246/246  204/204/204  206/206/206
f 246/246/246  244/244/244  204/204/204
f 248/248/248  206/206/206  208/208/208
f 248/248/248  246/246/246  206/206/206
f 250/250/250  208/208/208  210/210/210
f 250/250/250  248/248/248  208/208/208
f 252/252/252  210/210/210  212/212/212
f 252/252/252  250/250/250  210/210/210
f 254/254/254  252/252/252  212/212/212
f 322/322/322  215/215/215  217/217/217
f 323/323/323  215/215/215  322/322/322
f 321/321/321  217/217/217  219/219/219
f 322/322/322  217/217/217  321/321/321
f 320/320/320  219/219/219  221/221/221
f 321/321/321  219/219/219  320/320/320
f 319/319/319  221/221/221  223/223/223
f 320/320/320  221/221/221  319/319/319
f 318/318/318  223/223/223  225/225/225
f 319/319/319  223/223/223  318/318/318
f 317/317/317  225/225/225  227/227/227
f 318/318/318  225/225/225  317/317/317
f 316/316/316  227/227/227  229/229/229
f 317/317/317  227/227/227  316/316/316
f 315/315/315  229/229/229  231/231/231
f 316/316/316  229/229/229  315/315/315
f 314/314/314  231/231/231  233/233/233
f 315/315/315  231/231/231  314/314/314
f 313/313/313  233/233/233  235/235/235
f 314/314/314  233/233/233  313/313/313
f 312/312/312  235/235/235  237/237/237
f 313/313/313  235/235/235  312/312/312
f 311/311/311  237/237/237  239/239/239
f 312/312/312  237/237/237  311/311/311
f 310/310/310  239/239/239  241/241/241
f 311/311/311  239/239/239  310/310/310
f 309/309/309  241/241/241  243/243/243
f 310/310/310  241/241/241  309/309/309
f 308/308/308  243/243/243  245/245/245
f 309/309/309  243/243/243  308/308/308
f 307/307/307  245/245/245  247/247/247
f 308/308/308  245/245/245  307/307/307
f 306/306/306  247/247/247  249/249/249
f 307/307/307  247/247/247  306/306/306
f 305/305/305  249/249/249  251/251/251
f 306/306/306  249/249/249  305/305/305
f 304/304/304  251/251/251  253/253/253
f 305/305/305  251/251/251  304/304/304
f 303/303/303  253/253/253  255/255/255
f 304/304/304  253/253/253  303/303/303
f 303/303/303  255/255/255  300/300/300
f 1297/1297/1297  302/302/302  256/256/256
f 322/322/322  259/259/259  257/257/257
f 326/326/326  258/258/258  260/260/260
f 323/323/323  322/322/322  257/257/257
f 326/326/326  324/324/324  258/258/258
f 321/321/321  261/261/261  259/259/259
f 330/330/330  260/260/260  262/262/262
f 322/322/322  321/321/321  259/259/259
f 328/328/328  326/326/326  260/260/260
f 330/330/330  328/328/328  260/260/260
f 320/320/320  263/263/263  261/261/261
f 334/334/334  262/262/262  264/264/264
f 321/321/321  320/320/320  261/261/261
f 332/332/332  330/330/330  262/262/262
f 334/334/334  332/332/332  262/262/262
f 319/319/319  265/265/265  263/263/263
f 338/338/338  264/264/264  266/266/266
f 320/320/320  319/319/319  263/263/263
f 336/336/336  334/334/334  264/264/264
f 338/338/338  336/336/336  264/264/264
f 318/318/318  267/267/267  265/265/265
f 342/342/342  266/266/266  268/268/268
f 319/319/319  318/318/318  265/265/265
f 340/340/340  338/338/338  266/266/266
f 342/342/342  340/340/340  266/266/266
f 317/317/317  269/269/269  267/267/267
f 346/346/346  268/268/268  270/270/270
f 318/318/318  317/317/317  267/267/267
f 344/344/344  342/342/342  268/268/268
f 346/346/346  344/344/344  268/268/268
f 316/316/316  271/271/271  269/269/269
f 350/350/350  270/270/270  272/272/272
f 317/317/317  316/316/316  269/269/269
f 348/348/348  346/346/346  270/270/270
f 350/350/350  348/348/348  270/270/270
f 315/315/315  273/273/273  271/271/271
f 354/354/354  272/272/272  274/274/274
f 316/316/316  315/315/315  271/271/271
f 352/352/352  350/350/350  272/272/272
f 354/354/354  352/352/352  272/272/272
f 314/314/314  275/275/275  273/273/273
f 358/358/358  274/274/274  276/276/276
f 315/315/315  314/314/314  273/273/273
f 356/356/356  354/354/354  274/274/274
f 358/358/358  356/356/356  274/274/274
f 313/313/313  277/277/277  275/275/275
f 362/362/362  276/276/276  278/278/278
f 314/314/314  313/313/313  275/275/275
f 360/360/360  358/358/358  276/276/276
f 362/362/362  360/360/360  276/276/276
f 312/312/312  279/279/279  277/277/277
f 366/366/366  278/278/278  280/280/280
f 313/313/313  312/312/312  277/277/277
f 364/364/364  362/362/362  278/278/278
f 366/366/366  364/364/364  278/278/278
f 311/311/311  281/281/281  279/279/279
f 370/370/370  280/280/280  282/282/282
f 312/312/312  311/311/311  279/279/279
f 368/368/368  366/366/366  280/280/280
f 370/370/370  368/368/368  280/280/280
f 310/310/310  283/283/283  281/281/281
f 374/374/374  282/282/282  284/284/284
f 311/311/311  310/310/310  281/281/281
f 372/372/372  370/370/370  282/282/282
f 374/374/374  372/372/372  282/282/282
f 309/309/309  285/285/285  283/283/283
f 378/378/378  284/284/284  286/286/286
f 310/310/310  309/309/309  283/283/283
f 376/376/376  374/374/374  284/284/284
f 378/378/378  376/376/376  284/284/284
f 308/308/308  287/287/287  285/285/285
f 382/382/382  286/286/286  288/288/288
f 309/309/309  308/308/308  285/285/285
f 380/380/380  378/378/378  286/286/286
f 382/382/382  380/380/380  286/286/286
f 307/307/307  289/289/289  287/287/287
f 386/386/386  288/288/288  290/290/290
f 308/308/308  307/307/307  287/287/287
f 384/384/384  382/382/382  288/288/288
f 386/386/386  384/384/384  288/288/288
f 306/306/306  291/291/291  289/289/289
f 390/390/390  290/290/290  292/292/292
f 307/307/307  306/306/306  289/289/289
f 388/388/388  386/386/386  290/290/290
f 390/390/390  388/388/388  290/290/290
f 305/305/305  293/293/293  291/291/291
f 394/394/394  292/292/292  294/294/294
f 306/306/306  305/305/305  291/291/291
f 392/392/392  390/390/390  292/292/292
f 394/394/394  392/392/392  292/292/292
f 304/304/304  295/295/295  293/293/293
f 398/398/398  294/294/294  296/296/296
f 305/305/305  304/304/304  293/293/293
f 396/396/396  394/394/394  294/294/294
f 398/398/398  396/396/396  294/294/294
f 300/300/300  297/297/297  295/295/295
f 402/402/402  296/296/296  298/298/298
f 303/303/303  300/300/300  295/295/295
f 304/304/304  303/303/303  295/295/295
f 400/400/400  398/398/398  296/296/296
f 402/402/402  400/400/400  296/296/296
f 1297/1297/1297  299/299/299  302/302/302
f 404/404/404  402/402/402  298/298/298
f 406/406/406  404/404/404  298/298/298
f 1297/1297/1297  408/408/408  299/299/299
f 452/452/452  325/325/325  327/327/327
f 452/452/452  327/327/327  329/329/329
f 451/451/451  329/329/329  331/331/331
f 452/452/452  329/329/329  451/451/451
f 451/451/451  331/331/331  333/333/333
f 450/450/450  333/333/333  335/335/335
f 451/451/451  333/333/333  450/450/450
f 450/450/450  335/335/335  337/337/337
f 449/449/449  337/337/337  339/339/339
f 450/450/450  337/337/337  449/449/449
f 449/449/449  339/339/339  341/341/341
f 448/448/448  341/341/341  343/343/343
f 449/449/449  341/341/341  448/448/448
f 447/447/447  343/343/343  345/345/345
f 448/448/448  343/343/343  447/447/447
f 447/447/447  345/345/345  347/347/347
f 446/446/446  347/347/347  349/349/349
f 447/447/447  347/347/347  446/446/446
f 446/446/446  349/349/349  351/351/351
f 445/445/445  351/351/351  353/353/353
f 446/446/446  351/351/351  445/445/445
f 445/445/445  353/353/353  355/355/355
f 444/444/444  355/355/355  357/357/357
f 445/445/445  355/355/355  444/444/444
f 444/444/444  357/357/357  359/359/359
f 443/443/443  359/359/359  361/361/361
f 444/444/444  359/359/359  443/443/443
f 443/443/443  361/361/361  363/363/363
f 442/442/442  363/363/363  365/365/365
f 443/443/443  363/363/363  442/442/442
f 441/441/441  365/365/365  367/367/367
f 442/442/442  365/365/365  441/441/441
f 441/441/441  367/367/367  369/369/369
f 440/440/440  369/369/369  371/371/371
f 441/441/441  369/369/369  440/440/440
f 440/440/440  371/371/371  373/373/373
f 439/439/439  373/373/373  375/375/375
f 440/440/440  373/373/373  439/439/439
f 439/439/439  375/375/375  377/377/377
f 438/438/438  377/377/377  379/379/379
f 439/439/439  377/377/377  438/438/438
f 438/438/438  379/379/379  381/381/381
f 437/437/437  381/381/381  383/383/383
f 438/438/438  381/381/381  437/437/437
f 437/437/437  383/383/383  385/385/385
f 436/436/436  385/385/385  387/387/387
f 437/437/437  385/385/385  436/436/436
f 435/435/435  387/387/387  389/389/389
f 436/436/436  387/387/387  435/435/435
f 435/435/435  389/389/389  391/391/391
f 434/434/434  391/391/391  393/393/393
f 435/435/435  391/391/391  434/434/434
f 434/434/434  393/393/393  395/395/395
f 433/433/433  395/395/395  397/397/397
f 434/434/434  395/395/395  433/433/433
f 433/433/433  397/397/397  399/399/399
f 432/432/432  399/399/399  401/401/401
f 433/433/433  399/399/399  432/432/432
f 432/432/432  401/401/401  403/403/403
f 431/431/431  403/403/403  405/405/405
f 432/432/432  403/403/403  431/431/431
f 431/431/431  405/405/405  407/407/407
f 431/431/431  407/407/407  428/428/428
f 1294/1294/1294  430/430/430  408/408/408
f 1297/1297/1297  1294/1294/1294  408/408/408
f 434/434/434  413/413/413  409/409/409
f 1889/1889/1889  411/411/411  414/414/414
f 521/521/521  434/434/434  409/409/409
f 594/594/594  522/522/522  410/410/410
f 600/600/600  594/594/594  410/410/410
f 2214/2214/2214  601/601/601  412/412/412
f 2214/2214/2214  412/412/412  1890/1890/1890
f 433/433/433  415/415/415  413/413/413
f 1879/1879/1879  414/414/414  416/416/416
f 434/434/434  433/433/433  413/413/413
f 1879/1879/1879  1876/1876/1876  414/414/414
f 1889/1889/1889  414/414/414  1876/1876/1876
f 432/432/432  417/417/417  415/415/415
f 1881/1881/1881  416/416/416  418/418/418
f 433/433/433  432/432/432  415/415/415
f 1881/1881/1881  1879/1879/1879  416/416/416
f 431/431/431  419/419/419  417/417/417
f 1883/1883/1883  418/418/418  421/421/421
f 432/432/432  431/431/431  417/417/417
f 1883/1883/1883  1881/1881/1881  418/418/418
f 428/428/428  423/423/423  419/419/419
f 529/529/529  420/420/420  424/424/424
f 431/431/431  428/428/428  419/419/419
f 2028/2028/2028  422/422/422  532/532/532
f 1885/1885/1885  1883/1883/1883  421/421/421
f 2028/2028/2028  1887/1887/1887  422/422/422
f 428/428/428  425/425/425  423/423/423
f 533/533/533  424/424/424  426/426/426
f 533/533/533  529/529/529  424/424/424
f 1184/1184/1184  427/427/427  430/430/430
f 535/535/535  533/533/533  426/426/426
f 1117/1117/1117  537/537/537  427/427/427
f 1184/1184/1184  1117/1117/1117  427/427/427
f 1230/1230/1230  1184/1184/1184  430/430/430
f 1230/1230/1230  430/430/430  1227/1227/1227
f 1294/1294/1294  1227/1227/1227  430/430/430
f 521/521/521  435/435/435  434/434/434
f 517/517/517  436/436/436  435/435/435
f 519/519/519  517/517/517  435/435/435
f 521/521/521  519/519/519  435/435/435
f 513/513/513  437/437/437  436/436/436
f 515/515/515  513/513/513  436/436/436
f 517/517/517  515/515/515  436/436/436
f 509/509/509  438/438/438  437/437/437
f 511/511/511  509/509/509  437/437/437
f 513/513/513  511/511/511  437/437/437
f 505/505/505  439/439/439  438/438/438
f 507/507/507  505/505/505  438/438/438
f 509/509/509  507/507/507  438/438/438
f 501/501/501  440/440/440  439/439/439
f 503/503/503  501/501/501  439/439/439
f 505/505/505  503/503/503  439/439/439
f 497/497/497  441/441/441  440/440/440
f 499/499/499  497/497/497  440/440/440
f 501/501/501  499/499/499  440/440/440
f 495/495/495  442/442/442  441/441/441
f 497/497/497  495/495/495  441/441/441
f 491/491/491  443/443/443  442/442/442
f 493/493/493  491/491/491  442/442/442
f 495/495/495  493/493/493  442/442/442
f 487/487/487  444/444/444  443/443/443
f 489/489/489  487/487/487  443/443/443
f 491/491/491  489/489/489  443/443/443
f 483/483/483  445/445/445  444/444/444
f 485/485/485  483/483/483  444/444/444
f 487/487/487  485/485/485  444/444/444
f 479/479/479  446/446/446  445/445/445
f 481/481/481  479/479/479  445/445/445
f 483/483/483  481/481/481  445/445/445
f 475/475/475  447/447/447  446/446/446
f 477/477/477  475/475/475  446/446/446
f 479/479/479  477/477/477  446/446/446
f 471/471/471  448/448/448  447/447/447
f 473/473/473  471/471/471  447/447/447
f 475/475/475  473/473/473  447/447/447
f 465/465/465  449/449/449  448/448/448
f 469/469/469  465/465/465  448/448/448
f 471/471/471  469/469/469  448/448/448
f 463/463/463  450/450/450  449/449/449
f 465/465/465  463/463/463  449/449/449
f 461/461/461  451/451/451  450/450/450
f 463/463/463  461/461/461  450/450/450
f 459/459/459  452/452/452  451/451/451
f 461/461/461  459/459/459  451/451/451
f 455/455/455  453/453/453  452/452/452
f 459/459/459  455/455/455  452/452/452
f 527/527/527  454/454/454  456/456/456
f 1428/1428/1428  457/457/457  460/460/460
f 527/527/527  456/456/456  523/523/523
f 1626/1626/1626  526/526/526  458/458/458
f 1626/1626/1626  458/458/458  1430/1430/1430
f 1434/1434/1434  460/460/460  462/462/462
f 1432/1432/1432  1428/1428/1428  460/460/460
f 1434/1434/1434  1432/1432/1432  460/460/460
f 1436/1436/1436  462/462/462  464/464/464
f 1436/1436/1436  1434/1434/1434  462/462/462
f 1438/1438/1438  464/464/464  467/467/467
f 1438/1438/1438  1436/1436/1436  464/464/464
f 602/602/602  466/466/466  470/470/470
f 1760/1760/1760  468/468/468  603/603/603
f 1441/1441/1441  1438/1438/1438  467/467/467
f 1760/1760/1760  1442/1442/1442  468/468/468
f 542/542/542  470/470/470  472/472/472
f 542/542/542  538/538/538  470/470/470
f 602/602/602  470/470/470  538/538/538
f 544/544/544  472/472/472  474/474/474
f 544/544/544  542/542/542  472/472/472
f 546/546/546  474/474/474  476/476/476
f 546/546/546  544/544/544  474/474/474
f 548/548/548  476/476/476  478/478/478
f 548/548/548  546/546/546  476/476/476
f 550/550/550  478/478/478  480/480/480
f 550/550/550  548/548/548  478/478/478
f 552/552/552  480/480/480  482/482/482
f 552/552/552  550/550/550  480/480/480
f 554/554/554  482/482/482  484/484/484
f 554/554/554  552/552/552  482/482/482
f 556/556/556  484/484/484  486/486/486
f 556/556/556  554/554/554  484/484/484
f 558/558/558  486/486/486  488/488/488
f 558/558/558  556/556/556  486/486/486
f 560/560/560  488/488/488  490/490/490
f 560/560/560  558/558/558  488/488/488
f 562/562/562  490/490/490  492/492/492
f 562/562/562  560/560/560  490/490/490
f 564/564/564  492/492/492  494/494/494
f 564/564/564  562/562/562  492/492/492
f 566/566/566  494/494/494  496/496/496
f 566/566/566  564/564/564  494/494/494
f 568/568/568  496/496/496  498/498/498
f 568/568/568  566/566/566  496/496/496
f 570/570/570  498/498/498  500/500/500
f 570/570/570  568/568/568  498/498/498
f 572/572/572  500/500/500  502/502/502
f 572/572/572  570/570/570  500/500/500
f 574/574/574  502/502/502  504/504/504
f 574/574/574  572/572/572  502/502/502
f 576/576/576  504/504/504  506/506/506
f 576/576/576  574/574/574  504/504/504
f 578/578/578  506/506/506  508/508/508
f 578/578/578  576/576/576  506/506/506
f 580/580/580  508/508/508  510/510/510
f 580/580/580  578/578/578  508/508/508
f 582/582/582  510/510/510  512/512/512
f 582/582/582  580/580/580  510/510/510
f 584/584/584  512/512/512  514/514/514
f 584/584/584  582/582/582  512/512/512
f 586/586/586  514/514/514  516/516/516
f 586/586/586  584/584/584  514/514/514
f 588/588/588  516/516/516  518/518/518
f 588/588/588  586/586/586  516/516/516
f 590/590/590  518/518/518  520/520/520
f 590/590/590  588/588/588  518/518/518
f 592/592/592  520/520/520  522/522/522
f 592/592/592  590/590/590  520/520/520
f 594/594/594  592/592/592  522/522/522
f 610/610/610  524/524/524  608/608/608
f 1416/1416/1416  609/609/609  525/525/525
f 1416/1416/1416  525/525/525  1412/1412/1412
f 1626/1626/1626  1414/1414/1414  526/526/526
f 631/631/631  530/530/530  534/534/534
f 635/635/635  530/530/530  631/631/631
f 1871/1871/1871  531/531/531  636/636/636
f 2028/2028/2028  532/532/532  1873/1873/1873
f 631/631/631  534/534/534  536/536/536
f 632/632/632  631/631/631  536/536/536
f 1074/1074/1074  634/634/634  537/537/537
f 1120/1120/1120  1074/1074/1074  537/537/537
f 1120/1120/1120  537/537/537  1117/1117/1117
f 613/613/613  539/539/539  543/543/543
f 1764/1764/1764  603/603/603  541/541/541
f 613/613/613  604/604/604  539/539/539
f 1426/1426/1426  540/540/540  605/605/605
f 1764/1764/1764  541/541/541  1427/1427/1427
f 614/614/614  543/543/543  545/545/545
f 614/614/614  613/613/613  543/543/543
f 614/614/614  545/545/545  547/547/547
f 615/615/615  547/547/547  549/549/549
f 615/615/615  614/614/614  547/547/547
f 615/615/615  549/549/549  551/551/551
f 616/616/616  551/551/551  553/553/553
f 616/616/616  615/615/615  551/551/551
f 616/616/616  553/553/553  555/555/555
f 617/617/617  555/555/555  557/557/557
f 617/617/617  616/616/616  555/555/555
f 617/617/617  557/557/557  559/559/559
f 618/618/618  559/559/559  561/561/561
f 618/618/618  617/617/617  559/559/559
f 618/618/618  561/561/561  563/563/563
f 619/619/619  563/563/563  565/565/565
f 619/619/619  618/618/618  563/563/563
f 619/619/619  565/565/565  567/567/567
f 620/620/620  567/567/567  569/569/569
f 620/620/620  619/619/619  567/567/567
f 621/621/621  569/569/569  571/571/571
f 621/621/621  620/620/620  569/569/569
f 621/621/621  571/571/571  573/573/573
f 622/622/622  573/573/573  575/575/575
f 622/622/622  621/621/621  573/573/573
f 622/622/622  575/575/575  577/577/577
f 623/623/623  577/577/577  579/579/579
f 623/623/623  622/622/622  577/577/577
f 623/623/623  579/579/579  581/581/581
f 624/624/624  581/581/581  583/583/583
f 624/624/624  623/623/623  581/581/581
f 624/624/624  583/583/583  585/585/585
f 625/625/625  585/585/585  587/587/587
f 625/625/625  624/624/624  585/585/585
f 625/625/625  587/587/587  589/589/589
f 626/626/626  589/589/589  591/591/591
f 626/626/626  625/625/625  589/589/589
f 626/626/626  591/591/591  593/593/593
f 627/627/627  593/593/593  595/595/595
f 627/627/627  626/626/626  593/593/593
f 600/600/600  596/596/596  594/594/594
f 627/627/627  595/595/595  597/597/597
f 2169/2169/2169  599/599/599  601/601/601
f 628/628/628  627/627/627  597/597/597
f 639/639/639  628/628/628  597/597/597
f 1862/1862/1862  640/640/640  598/598/598
f 1891/1891/1891  1862/1862/1862  598/598/598
f 2169/2169/2169  1892/1892/1892  599/599/599
f 2214/2214/2214  2169/2169/2169  601/601/601
f 1764/1764/1764  1760/1760/1760  603/603/603
f 612/612/612  606/606/606  604/604/604
f 1420/1420/1420  605/605/605  607/607/607
f 613/613/613  612/612/612  604/604/604
f 1422/1422/1422  605/605/605  1420/1420/1420
f 1426/1426/1426  605/605/605  1422/1422/1422
f 611/611/611  608/608/608  606/606/606
f 1418/1418/1418  607/607/607  609/609/609
f 612/612/612  611/611/611  606/606/606
f 1420/1420/1420  607/607/607  1418/1418/1418
f 611/611/611  610/610/610  608/608/608
f 1418/1418/1418  609/609/609  1416/1416/1416
f 643/643/643  610/610/610  611/611/611
f 643/643/643  641/641/641  610/610/610
f 647/647/647  611/611/611  612/612/612
f 645/645/645  643/643/643  611/611/611
f 647/647/647  645/645/645  611/611/611
f 651/651/651  612/612/612  613/613/613
f 649/649/649  647/647/647  612/612/612
f 651/651/651  649/649/649  612/612/612
f 655/655/655  613/613/613  614/614/614
f 653/653/653  651/651/651  613/613/613
f 655/655/655  653/653/653  613/613/613
f 659/659/659  614/614/614  615/615/615
f 657/657/657  655/655/655  614/614/614
f 659/659/659  657/657/657  614/614/614
f 661/661/661  615/615/615  616/616/616
f 661/661/661  659/659/659  615/615/615
f 665/665/665  616/616/616  617/617/617
f 663/663/663  661/661/661  616/616/616
f 665/665/665  663/663/663  616/616/616
f 669/669/669  617/617/617  618/618/618
f 667/667/667  665/665/665  617/617/617
f 669/669/669  667/667/667  617/617/617
f 673/673/673  618/618/618  619/619/619
f 671/671/671  669/669/669  618/618/618
f 673/673/673  671/671/671  618/618/618
f 677/677/677  619/619/619  620/620/620
f 675/675/675  673/673/673  619/619/619
f 677/677/677  675/675/675  619/619/619
f 681/681/681  620/620/620  621/621/621
f 679/679/679  677/677/677  620/620/620
f 681/681/681  679/679/679  620/620/620
f 683/683/683  621/621/621  622/622/622
f 683/683/683  681/681/681  621/621/621
f 687/687/687  622/622/622  623/623/623
f 685/685/685  683/683/683  622/622/622
f 687/687/687  685/685/685  622/622/622
f 691/691/691  623/623/623  624/624/624
f 689/689/689  687/687/687  623/623/623
f 691/691/691  689/689/689  623/623/623
f 695/695/695  624/624/624  625/625/625
f 693/693/693  691/691/691  624/624/624
f 695/695/695  693/693/693  624/624/624
f 699/699/699  625/625/625  626/626/626
f 697/697/697  695/695/695  625/625/625
f 699/699/699  697/697/697  625/625/625
f 703/703/703  626/626/626  627/627/627
f 701/701/701  699/699/699  626/626/626
f 703/703/703  701/701/701  626/626/626
f 705/705/705  627/627/627  628/628/628
f 705/705/705  703/703/703  627/627/627
f 639/639/639  629/629/629  628/628/628
f 709/709/709  628/628/628  629/629/629
f 707/707/707  705/705/705  628/628/628
f 709/709/709  707/707/707  628/628/628
f 637/637/637  630/630/630  629/629/629
f 713/713/713  629/629/629  630/630/630
f 639/639/639  637/637/637  629/629/629
f 711/711/711  709/709/709  629/629/629
f 713/713/713  711/711/711  629/629/629
f 635/635/635  631/631/631  630/630/630
f 717/717/717  630/630/630  631/631/631
f 637/637/637  635/635/635  630/630/630
f 715/715/715  713/713/713  630/630/630
f 717/717/717  715/715/715  630/630/630
f 721/721/721  631/631/631  632/632/632
f 719/719/719  717/717/717  631/631/631
f 721/721/721  719/719/719  631/631/631
f 723/723/723  721/721/721  632/632/632
f 1007/1007/1007  725/725/725  634/634/634
f 1074/1074/1074  1007/1007/1007  634/634/634
f 1867/1867/1867  636/636/636  638/638/638
f 1869/1869/1869  636/636/636  1867/1867/1867
f 1871/1871/1871  636/636/636  1869/1869/1869
f 1865/1865/1865  638/638/638  640/640/640
f 1867/1867/1867  638/638/638  1865/1865/1865
f 1865/1865/1865  640/640/640  1862/1862/1862
f 726/726/726  644/644/644  646/646/646
f 726/726/726  646/646/646  648/648/648
f 728/728/728  648/648/648  650/650/650
f 728/728/728  726/726/726  648/648/648
f 728/728/728  650/650/650  652/652/652
f 730/730/730  652/652/652  654/654/654
f 730/730/730  728/728/728  652/652/652
f 730/730/730  654/654/654  656/656/656
f 732/732/732  656/656/656  658/658/658
f 732/732/732  730/730/730  656/656/656
f 732/732/732  658/658/658  660/660/660
f 734/734/734  660/660/660  662/662/662
f 734/734/734  732/732/732  660/660/660
f 734/734/734  662/662/662  664/664/664
f 736/736/736  664/664/664  666/666/666
f 736/736/736  734/734/734  664/664/664
f 736/736/736  666/666/666  668/668/668
f 738/738/738  668/668/668  670/670/670
f 738/738/738  736/736/736  668/668/668
f 738/738/738  670/670/670  672/672/672
f 740/740/740  672/672/672  674/674/674
f 740/740/740  738/738/738  672/672/672
f 740/740/740  674/674/674  676/676/676
f 742/742/742  676/676/676  678/678/678
f 742/742/742  740/740/740  676/676/676
f 742/742/742  678/678/678  680/680/680
f 744/744/744  680/680/680  682/682/682
f 744/744/744  742/742/742  680/680/680
f 744/744/744  682/682/682  684/684/684
f 746/746/746  684/684/684  686/686/686
f 746/746/746  744/744/744  684/684/684
f 746/746/746  686/686/686  688/688/688
f 748/748/748  688/688/688  690/690/690
f 748/748/748  746/746/746  688/688/688
f 748/748/748  690/690/690  692/692/692
f 750/750/750  692/692/692  694/694/694
f 750/750/750  748/748/748  692/692/692
f 750/750/750  694/694/694  696/696/696
f 752/752/752  696/696/696  698/698/698
f 752/752/752  750/750/750  696/696/696
f 752/752/752  698/698/698  700/700/700
f 754/754/754  700/700/700  702/702/702
f 754/754/754  752/752/752  700/700/700
f 754/754/754  702/702/702  704/704/704
f 756/756/756  704/704/704  706/706/706
f 756/756/756  754/754/754  704/704/704
f 756/756/756  706/706/706  708/708/708
f 758/758/758  708/708/708  710/710/710
f 758/758/758  756/756/756  708/708/708
f 758/758/758  710/710/710  712/712/712
f 760/760/760  712/712/712  714/714/714
f 760/760/760  758/758/758  712/712/712
f 760/760/760  714/714/714  716/716/716
f 762/762/762  716/716/716  718/718/718
f 762/762/762  760/760/760  716/716/716
f 762/762/762  718/718/718  720/720/720
f 764/764/764  720/720/720  722/722/722
f 764/764/764  762/762/762  720/720/720
f 764/764/764  722/722/722  724/724/724
f 766/766/766  764/764/764  724/724/724
f 1010/1010/1010  768/768/768  725/725/725
f 1010/1010/1010  725/725/725  1007/1007/1007
f 834/834/834  727/727/727  729/729/729
f 835/835/835  727/727/727  834/834/834
f 833/833/833  729/729/729  731/731/731
f 834/834/834  729/729/729  833/833/833
f 832/832/832  731/731/731  733/733/733
f 833/833/833  731/731/731  832/832/832
f 831/831/831  733/733/733  735/735/735
f 832/832/832  733/733/733  831/831/831
f 830/830/830  735/735/735  737/737/737
f 831/831/831  735/735/735  830/830/830
f 829/829/829  737/737/737  739/739/739
f 830/830/830  737/737/737  829/829/829
f 828/828/828  739/739/739  741/741/741
f 829/829/829  739/739/739  828/828/828
f 827/827/827  741/741/741  743/743/743
f 828/828/828  741/741/741  827/827/827
f 826/826/826  743/743/743  745/745/745
f 827/827/827  743/743/743  826/826/826
f 825/825/825  745/745/745  747/747/747
f 826/826/826  745/745/745  825/825/825
f 824/824/824  747/747/747  749/749/749
f 825/825/825  747/747/747  824/824/824
f 823/823/823  749/749/749  751/751/751
f 824/824/824  749/749/749  823/823/823
f 822/822/822  751/751/751  753/753/753
f 823/823/823  751/751/751  822/822/822
f 821/821/821  753/753/753  755/755/755
f 822/822/822  753/753/753  821/821/821
f 820/820/820  755/755/755  757/757/757
f 821/821/821  755/755/755  820/820/820
f 819/819/819  757/757/757  759/759/759
f 820/820/820  757/757/757  819/819/819
f 818/818/818  759/759/759  761/761/761
f 819/819/819  759/759/759  818/818/818
f 817/817/817  761/761/761  763/763/763
f 818/818/818  761/761/761  817/817/817
f 816/816/816  763/763/763  765/765/765
f 817/817/817  763/763/763  816/816/816
f 815/815/815  765/765/765  767/767/767
f 816/816/816  765/765/765  815/815/815
f 815/815/815  767/767/767  812/812/812
f 964/964/964  814/814/814  768/768/768
f 1010/1010/1010  964/964/964  768/768/768
f 834/834/834  771/771/771  769/769/769
f 836/836/836  770/770/770  772/772/772
f 835/835/835  834/834/834  769/769/769
f 833/833/833  773/773/773  771/771/771
f 838/838/838  772/772/772  774/774/774
f 834/834/834  833/833/833  771/771/771
f 838/838/838  836/836/836  772/772/772
f 832/832/832  775/775/775  773/773/773
f 840/840/840  774/774/774  776/776/776
f 833/833/833  832/832/832  773/773/773
f 840/840/840  838/838/838  774/774/774
f 831/831/831  777/777/777  775/775/775
f 842/842/842  776/776/776  778/778/778
f 832/832/832  831/831/831  775/775/775
f 842/842/842  840/840/840  776/776/776
f 830/830/830  779/779/779  777/777/777
f 844/844/844  778/778/778  780/780/780
f 831/831/831  830/830/830  777/777/777
f 844/844/844  842/842/842  778/778/778
f 829/829/829  781/781/781  779/779/779
f 846/846/846  780/780/780  782/782/782
f 830/830/830  829/829/829  779/779/779
f 846/846/846  844/844/844  780/780/780
f 828/828/828  783/783/783  781/781/781
f 850/850/850  782/782/782  784/784/784
f 829/829/829  828/828/828  781/781/781
f 848/848/848  846/846/846  782/782/782
f 850/850/850  848/848/848  782/782/782
f 827/827/827  785/785/785  783/783/783
f 852/852/852  784/784/784  786/786/786
f 828/828/828  827/827/827  783/783/783
f 852/852/852  850/850/850  784/784/784
f 826/826/826  787/787/787  785/785/785
f 852/852/852  786/786/786  788/788/788
f 827/827/827  826/826/826  785/785/785
f 825/825/825  789/789/789  787/787/787
f 854/854/854  788/788/788  790/790/790
f 826/826/826  825/825/825  787/787/787
f 854/854/854  852/852/852  788/788/788
f 824/824/824  791/791/791  789/789/789
f 856/856/856  790/790/790  792/792/792
f 825/825/825  824/824/824  789/789/789
f 856/856/856  854/854/854  790/790/790
f 823/823/823  793/793/793  791/791/791
f 858/858/858  792/792/792  794/794/794
f 824/824/824  823/823/823  791/791/791
f 858/858/858  856/856/856  792/792/792
f 822/822/822  795/795/795  793/793/793
f 860/860/860  794/794/794  796/796/796
f 823/823/823  822/822/822  793/793/793
f 860/860/860  858/858/858  794/794/794
f 821/821/821  797/797/797  795/795/795
f 862/862/862  796/796/796  798/798/798
f 822/822/822  821/821/821  795/795/795
f 862/862/862  860/860/860  796/796/796
f 820/820/820  799/799/799  797/797/797
f 864/864/864  798/798/798  800/800/800
f 821/821/821  820/820/820  797/797/797
f 864/864/864  862/862/862  798/798/798
f 819/819/819  801/801/801  799/799/799
f 866/866/866  800/800/800  802/802/802
f 820/820/820  819/819/819  799/799/799
f 866/866/866  864/864/864  800/800/800
f 818/818/818  803/803/803  801/801/801
f 870/870/870  802/802/802  804/804/804
f 819/819/819  818/818/818  801/801/801
f 868/868/868  866/866/866  802/802/802
f 870/870/870  868/868/868  802/802/802
f 817/817/817  805/805/805  803/803/803
f 872/872/872  804/804/804  806/806/806
f 818/818/818  817/817/817  803/803/803
f 872/872/872  870/870/870  804/804/804
f 816/816/816  807/807/807  805/805/805
f 874/874/874  806/806/806  808/808/808
f 817/817/817  816/816/816  805/805/805
f 874/874/874  872/872/872  806/806/806
f 812/812/812  809/809/809  807/807/807
f 874/874/874  808/808/808  810/810/810
f 815/815/815  812/812/812  807/807/807
f 816/816/816  815/815/815  807/807/807
f 964/964/964  811/811/811  814/814/814
f 876/876/876  874/874/874  810/810/810
f 881/881/881  878/878/878  811/811/811
f 964/964/964  881/881/881  811/811/811
f 884/884/884  837/837/837  839/839/839
f 884/884/884  882/882/882  837/837/837
f 886/886/886  839/839/839  841/841/841
f 886/886/886  884/884/884  839/839/839
f 888/888/888  841/841/841  843/843/843
f 888/888/888  886/886/886  841/841/841
f 890/890/890  843/843/843  845/845/845
f 890/890/890  888/888/888  843/843/843
f 890/890/890  845/845/845  847/847/847
f 892/892/892  847/847/847  849/849/849
f 892/892/892  890/890/890  847/847/847
f 894/894/894  849/849/849  851/851/851
f 894/894/894  892/892/892  849/849/849
f 896/896/896  851/851/851  853/853/853
f 896/896/896  894/894/894  851/851/851
f 898/898/898  853/853/853  855/855/855
f 898/898/898  896/896/896  853/853/853
f 900/900/900  855/855/855  857/857/857
f 900/900/900  898/898/898  855/855/855
f 904/904/904  857/857/857  859/859/859
f 902/902/902  900/900/900  857/857/857
f 904/904/904  902/902/902  857/857/857
f 906/906/906  859/859/859  861/861/861
f 906/906/906  904/904/904  859/859/859
f 908/908/908  861/861/861  863/863/863
f 908/908/908  906/906/906  861/861/861
f 910/910/910  863/863/863  865/865/865
f 910/910/910  908/908/908  863/863/863
f 912/912/912  865/865/865  867/867/867
f 912/912/912  910/910/910  865/865/865
f 912/912/912  867/867/867  869/869/869
f 914/914/914  869/869/869  871/871/871
f 914/914/914  912/912/912  869/869/869
f 916/916/916  871/871/871  873/873/873
f 916/916/916  914/914/914  871/871/871
f 918/918/918  873/873/873  875/875/875
f 918/918/918  916/916/916  873/873/873
f 920/920/920  875/875/875  877/877/877
f 920/920/920  918/918/918  875/875/875
f 920/920/920  877/877/877  879/879/879
f 960/960/960  921/921/921  880/880/880
f 962/962/962  960/960/960  880/880/880
f 922/922/922  883/883/883  885/885/885
f 926/926/926  885/885/885  887/887/887
f 924/924/924  922/922/922  885/885/885
f 926/926/926  924/924/924  885/885/885
f 928/928/928  887/887/887  889/889/889
f 928/928/928  926/926/926  887/887/887
f 930/930/930  889/889/889  891/891/891
f 930/930/930  928/928/928  889/889/889
f 932/932/932  891/891/891  893/893/893
f 932/932/932  930/930/930  891/891/891
f 934/934/934  893/893/893  895/895/895
f 934/934/934  932/932/932  893/893/893
f 936/936/936  895/895/895  897/897/897
f 936/936/936  934/934/934  895/895/895
f 936/936/936  897/897/897  899/899/899
f 938/938/938  899/899/899  901/901/901
f 938/938/938  936/936/936  899/899/899
f 940/940/940  901/901/901  903/903/903
f 940/940/940  938/938/938  901/901/901
f 942/942/942  903/903/903  905/905/905
f 942/942/942  940/940/940  903/903/903
f 944/944/944  905/905/905  907/907/907
f 944/944/944  942/942/942  905/905/905
f 946/946/946  907/907/907  909/909/909
f 946/946/946  944/944/944  907/907/907
f 948/948/948  909/909/909  911/911/911
f 948/948/948  946/946/946  909/909/909
f 950/950/950  911/911/911  913/913/913
f 950/950/950  948/948/948  911/911/911
f 952/952/952  913/913/913  915/915/915
f 952/952/952  950/950/950  913/913/913
f 954/954/954  915/915/915  917/917/917
f 954/954/954  952/952/952  915/915/915
f 956/956/956  917/917/917  919/919/919
f 956/956/956  954/954/954  917/917/917
f 958/958/958  919/919/919  921/921/921
f 958/958/958  956/956/956  919/919/919
f 960/960/960  958/958/958  921/921/921
f 1030/1030/1030  923/923/923  925/925/925
f 1031/1031/1031  923/923/923  1030/1030/1030
f 1029/1029/1029  925/925/925  927/927/927
f 1030/1030/1030  925/925/925  1029/1029/1029
f 1028/1028/1028  927/927/927  929/929/929
f 1029/1029/1029  927/927/927  1028/1028/1028
f 1027/1027/1027  929/929/929  931/931/931
f 1028/1028/1028  929/929/929  1027/1027/1027
f 1026/1026/1026  931/931/931  933/933/933
f 1027/1027/1027  931/931/931  1026/1026/1026
f 1025/1025/1025  933/933/933  935/935/935
f 1026/1026/1026  933/933/933  1025/1025/1025
f 1024/1024/1024  935/935/935  937/937/937
f 1025/1025/1025  935/935/935  1024/1024/1024
f 1023/1023/1023  937/937/937  939/939/939
f 1024/1024/1024  937/937/937  1023/1023/1023
f 1022/1022/1022  939/939/939  941/941/941
f 1023/1023/1023  939/939/939  1022/1022/1022
f 1021/1021/1021  941/941/941  943/943/943
f 1022/1022/1022  941/941/941  1021/1021/1021
f 1020/1020/1020  943/943/943  945/945/945
f 1021/1021/1021  943/943/943  1020/1020/1020
f 1019/1019/1019  945/945/945  947/947/947
f 1020/1020/1020  945/945/945  1019/1019/1019
f 1018/1018/1018  947/947/947  949/949/949
f 1019/1019/1019  947/947/947  1018/1018/1018
f 1017/1017/1017  949/949/949  951/951/951
f 1018/1018/1018  949/949/949  1017/1017/1017
f 1016/1016/1016  951/951/951  953/953/953
f 1017/1017/1017  951/951/951  1016/1016/1016
f 1015/1015/1015  953/953/953  955/955/955
f 1016/1016/1016  953/953/953  1015/1015/1015
f 1014/1014/1014  955/955/955  957/957/957
f 1015/1015/1015  955/955/955  1014/1014/1014
f 1013/1013/1013  957/957/957  959/959/959
f 1014/1014/1014  957/957/957  1013/1013/1013
f 1012/1012/1012  959/959/959  961/961/961
f 1013/1013/1013  959/959/959  1012/1012/1012
f 1011/1011/1011  961/961/961  963/963/963
f 1012/1012/1012  961/961/961  1011/1011/1011
f 1011/1011/1011  963/963/963  1008/1008/1008
f 1030/1030/1030  967/967/967  965/965/965
f 1032/1032/1032  966/966/966  968/968/968
f 1031/1031/1031  1030/1030/1030  965/965/965
f 1029/1029/1029  969/969/969  967/967/967
f 1034/1034/1034  968/968/968  970/970/970
f 1030/1030/1030  1029/1029/1029  967/967/967
f 1034/1034/1034  1032/1032/1032  968/968/968
f 1028/1028/1028  971/971/971  969/969/969
f 1036/1036/1036  970/970/970  972/972/972
f 1029/1029/1029  1028/1028/1028  969/969/969
f 1036/1036/1036  1034/1034/1034  970/970/970
f 1027/1027/1027  973/973/973  971/971/971
f 1038/1038/1038  972/972/972  974/974/974
f 1028/1028/1028  1027/1027/1027  971/971/971
f 1038/1038/1038  1036/1036/1036  972/972/972
f 1026/1026/1026  975/975/975  973/973/973
f 1040/1040/1040  974/974/974  976/976/976
f 1027/1027/1027  1026/1026/1026  973/973/973
f 1040/1040/1040  1038/1038/1038  974/974/974
f 1025/1025/1025  977/977/977  975/975/975
f 1042/1042/1042  976/976/976  978/978/978
f 1026/1026/1026  1025/1025/1025  975/975/975
f 1042/1042/1042  1040/1040/1040  976/976/976
f 1024/1024/1024  979/979/979  977/977/977
f 1044/1044/1044  978/978/978  980/980/980
f 1025/1025/1025  1024/1024/1024  977/977/977
f 1044/1044/1044  1042/1042/1042  978/978/978
f 1023/1023/1023  981/981/981  979/979/979
f 1046/1046/1046  980/980/980  982/982/982
f 1024/1024/1024  1023/1023/1023  979/979/979
f 1046/1046/1046  1044/1044/1044  980/980/980
f 1022/1022/1022  983/983/983  981/981/981
f 1048/1048/1048  982/982/982  984/984/984
f 1023/1023/1023  1022/1022/1022  981/981/981
f 1048/1048/1048  1046/1046/1046  982/982/982
f 1021/1021/1021  985/985/985  983/983/983
f 1050/1050/1050  984/984/984  986/986/986
f 1022/1022/1022  1021/1021/1021  983/983/983
f 1050/1050/1050  1048/1048/1048  984/984/984
f 1020/1020/1020  987/987/987  985/985/985
f 1052/1052/1052  986/986/986  988/988/988
f 1021/1021/1021  1020/1020/1020  985/985/985
f 1052/1052/1052  1050/1050/1050  986/986/986
f 1019/1019/1019  989/989/989  987/987/987
f 1054/1054/1054  988/988/988  990/990/990
f 1020/1020/1020  1019/1019/1019  987/987/987
f 1054/1054/1054  1052/1052/1052  988/988/988
f 1018/1018/1018  991/991/991  989/989/989
f 1056/1056/1056  990/990/990  992/992/992
f 1019/1019/1019  1018/1018/1018  989/989/989
f 1056/1056/1056  1054/1054/1054  990/990/990
f 1017/1017/1017  993/993/993  991/991/991
f 1058/1058/1058  992/992/992  994/994/994
f 1018/1018/1018  1017/1017/1017  991/991/991
f 1058/1058/1058  1056/1056/1056  992/992/992
f 1016/1016/1016  995/995/995  993/993/993
f 1060/1060/1060  994/994/994  996/996/996
f 1017/1017/1017  1016/1016/1016  993/993/993
f 1060/1060/1060  1058/1058/1058  994/994/994
f 1015/1015/1015  997/997/997  995/995/995
f 1062/1062/1062  996/996/996  998/998/998
f 1016/1016/1016  1015/1015/1015  995/995/995
f 1062/1062/1062  1060/1060/1060  996/996/996
f 1014/1014/1014  999/999/999  997/997/997
f 1064/1064/1064  998/998/998  1000/1000/1000
f 1015/1015/1015  1014/1014/1014  997/997/997
f 1064/1064/1064  1062/1062/1062  998/998/998
f 1013/1013/1013  1001/1001/1001  999/999/999
f 1066/1066/1066  1000/1000/1000  1002/1002/1002
f 1014/1014/1014  1013/1013/1013  999/999/999
f 1066/1066/1066  1064/1064/1064  1000/1000/1000
f 1012/1012/1012  1003/1003/1003  1001/1001/1001
f 1068/1068/1068  1002/1002/1002  1004/1004/1004
f 1013/1013/1013  1012/1012/1012  1001/1001/1001
f 1068/1068/1068  1066/1066/1066  1002/1002/1002
f 1008/1008/1008  1005/1005/1005  1003/1003/1003
f 1070/1070/1070  1004/1004/1004  1006/1006/1006
f 1011/1011/1011  1008/1008/1008  1003/1003/1003
f 1012/1012/1012  1011/1011/1011  1003/1003/1003
f 1070/1070/1070  1068/1068/1068  1004/1004/1004
f 1072/1072/1072  1070/1070/1070  1006/1006/1006
f 1140/1140/1140  1033/1033/1033  1035/1035/1035
f 1141/1141/1141  1033/1033/1033  1140/1140/1140
f 1139/1139/1139  1035/1035/1035  1037/1037/1037
f 1140/1140/1140  1035/1035/1035  1139/1139/1139
f 1138/1138/1138  1037/1037/1037  1039/1039/1039
f 1139/1139/1139  1037/1037/1037  1138/1138/1138
f 1137/1137/1137  1039/1039/1039  1041/1041/1041
f 1138/1138/1138  1039/1039/1039  1137/1137/1137
f 1136/1136/1136  1041/1041/1041  1043/1043/1043
f 1137/1137/1137  1041/1041/1041  1136/1136/1136
f 1135/1135/1135  1043/1043/1043  1045/1045/1045
f 1136/1136/1136  1043/1043/1043  1135/1135/1135
f 1134/1134/1134  1045/1045/1045  1047/1047/1047
f 1135/1135/1135  1045/1045/1045  1134/1134/1134
f 1133/1133/1133  1047/1047/1047  1049/1049/1049
f 1134/1134/1134  1047/1047/1047  1133/1133/1133
f 1132/1132/1132  1049/1049/1049  1051/1051/1051
f 1133/1133/1133  1049/1049/1049  1132/1132/1132
f 1131/1131/1131  1051/1051/1051  1053/1053/1053
f 1132/1132/1132  1051/1051/1051  1131/1131/1131
f 1130/1130/1130  1053/1053/1053  1055/1055/1055
f 1131/1131/1131  1053/1053/1053  1130/1130/1130
f 1129/1129/1129  1055/1055/1055  1057/1057/1057
f 1130/1130/1130  1055/1055/1055  1129/1129/1129
f 1128/1128/1128  1057/1057/1057  1059/1059/1059
f 1129/1129/1129  1057/1057/1057  1128/1128/1128
f 1127/1127/1127  1059/1059/1059  1061/1061/1061
f 1128/1128/1128  1059/1059/1059  1127/1127/1127
f 1126/1126/1126  1061/1061/1061  1063/1063/1063
f 1127/1127/1127  1061/1061/1061  1126/1126/1126
f 1125/1125/1125  1063/1063/1063  1065/1065/1065
f 1126/1126/1126  1063/1063/1063  1125/1125/1125
f 1124/1124/1124  1065/1065/1065  1067/1067/1067
f 1125/1125/1125  1065/1065/1065  1124/1124/1124
f 1123/1123/1123  1067/1067/1067  1069/1069/1069
f 1124/1124/1124  1067/1067/1067  1123/1123/1123
f 1122/1122/1122  1069/1069/1069  1071/1071/1071
f 1123/1123/1123  1069/1069/1069  1122/1122/1122
f 1121/1121/1121  1071/1071/1071  1073/1073/1073
f 1122/1122/1122  1071/1071/1071  1121/1121/1121
f 1121/1121/1121  1073/1073/1073  1118/1118/1118
f 1140/1140/1140  1077/1077/1077  1075/1075/1075
f 1142/1142/1142  1076/1076/1076  1078/1078/1078
f 1141/1141/1141  1140/1140/1140  1075/1075/1075
f 1139/1139/1139  1079/1079/1079  1077/1077/1077
f 1144/1144/1144  1078/1078/1078  1080/1080/1080
f 1140/1140/1140  1139/1139/1139  1077/1077/1077
f 1144/1144/1144  1142/1142/1142  1078/1078/1078
f 1138/1138/1138  1081/1081/1081  1079/1079/1079
f 1146/1146/1146  1080/1080/1080  1082/1082/1082
f 1139/1139/1139  1138/1138/1138  1079/1079/1079
f 1146/1146/1146  1144/1144/1144  1080/1080/1080
f 1137/1137/1137  1083/1083/1083  1081/1081/1081
f 1148/1148/1148  1082/1082/1082  1084/1084/1084
f 1138/1138/1138  1137/1137/1137  1081/1081/1081
f 1148/1148/1148  1146/1146/1146  1082/1082/1082
f 1136/1136/1136  1085/1085/1085  1083/1083/1083
f 1150/1150/1150  1084/1084/1084  1086/1086/1086
f 1137/1137/1137  1136/1136/1136  1083/1083/1083
f 1150/1150/1150  1148/1148/1148  1084/1084/1084
f 1135/1135/1135  1087/1087/1087  1085/1085/1085
f 1152/1152/1152  1086/1086/1086  1088/1088/1088
f 1136/1136/1136  1135/1135/1135  1085/1085/1085
f 1152/1152/1152  1150/1150/1150  1086/1086/1086
f 1134/1134/1134  1089/1089/1089  1087/1087/1087
f 1154/1154/1154  1088/1088/1088  1090/1090/1090
f 1135/1135/1135  1134/1134/1134  1087/1087/1087
f 1154/1154/1154  1152/1152/1152  1088/1088/1088
f 1133/1133/1133  1091/1091/1091  1089/1089/1089
f 1156/1156/1156  1090/1090/1090  1092/1092/1092
f 1134/1134/1134  1133/1133/1133  1089/1089/1089
f 1156/1156/1156  1154/1154/1154  1090/1090/1090
f 1132/1132/1132  1093/1093/1093  1091/1091/1091
f 1158/1158/1158  1092/1092/1092  1094/1094/1094
f 1133/1133/1133  1132/1132/1132  1091/1091/1091
f 1158/1158/1158  1156/1156/1156  1092/1092/1092
f 1131/1131/1131  1095/1095/1095  1093/1093/1093
f 1160/1160/1160  1094/1094/1094  1096/1096/1096
f 1132/1132/1132  1131/1131/1131  1093/1093/1093
f 1160/1160/1160  1158/1158/1158  1094/1094/1094
f 1130/1130/1130  1097/1097/1097  1095/1095/1095
f 1162/1162/1162  1096/1096/1096  1098/1098/1098
f 1131/1131/1131  1130/1130/1130  1095/1095/1095
f 1162/1162/1162  1160/1160/1160  1096/1096/1096
f 1129/1129/1129  1099/1099/1099  1097/1097/1097
f 1164/1164/1164  1098/1098/1098  1100/1100/1100
f 1130/1130/1130  1129/1129/1129  1097/1097/1097
f 1164/1164/1164  1162/1162/1162  1098/1098/1098
f 1128/1128/1128  1101/1101/1101  1099/1099/1099
f 1166/1166/1166  1100/1100/1100  1102/1102/1102
f 1129/1129/1129  1128/1128/1128  1099/1099/1099
f 1166/1166/1166  1164/1164/1164  1100/1100/1100
f 1127/1127/1127  1103/1103/1103  1101/1101/1101
f 1168/1168/1168  1102/1102/1102  1104/1104/1104
f 1128/1128/1128  1127/1127/1127  1101/1101/1101
f 1168/1168/1168  1166/1166/1166  1102/1102/1102
f 1126/1126/1126  1105/1105/1105  1103/1103/1103
f 1170/1170/1170  1104/1104/1104  1106/1106/1106
f 1127/1127/1127  1126/1126/1126  1103/1103/1103
f 1170/1170/1170  1168/1168/1168  1104/1104/1104
f 1125/1125/1125  1107/1107/1107  1105/1105/1105
f 1172/1172/1172  1106/1106/1106  1108/1108/1108
f 1126/1126/1126  1125/1125/1125  1105/1105/1105
f 1172/1172/1172  1170/1170/1170  1106/1106/1106
f 1124/1124/1124  1109/1109/1109  1107/1107/1107
f 1174/1174/1174  1108/1108/1108  1110/1110/1110
f 1125/1125/1125  1124/1124/1124  1107/1107/1107
f 1174/1174/1174  1172/1172/1172  1108/1108/1108
f 1123/1123/1123  1111/1111/1111  1109/1109/1109
f 1176/1176/1176  1110/1110/1110  1112/1112/1112
f 1124/1124/1124  1123/1123/1123  1109/1109/1109
f 1176/1176/1176  1174/1174/1174  1110/1110/1110
f 1122/1122/1122  1113/1113/1113  1111/1111/1111
f 1178/1178/1178  1112/1112/1112  1114/1114/1114
f 1123/1123/1123  1122/1122/1122  1111/1111/1111
f 1178/1178/1178  1176/1176/1176  1112/1112/1112
f 1118/1118/1118  1115/1115/1115  1113/1113/1113
f 1180/1180/1180  1114/1114/1114  1116/1116/1116
f 1121/1121/1121  1118/1118/1118  1113/1113/1113
f 1122/1122/1122  1121/1121/1121  1113/1113/1113
f 1180/1180/1180  1178/1178/1178  1114/1114/1114
f 1182/1182/1182  1180/1180/1180  1116/1116/1116
f 1250/1250/1250  1143/1143/1143  1145/1145/1145
f 1251/1251/1251  1143/1143/1143  1250/1250/1250
f 1249/1249/1249  1145/1145/1145  1147/1147/1147
f 1250/1250/1250  1145/1145/1145  1249/1249/1249
f 1248/1248/1248  1147/1147/1147  1149/1149/1149
f 1249/1249/1249  1147/1147/1147  1248/1248/1248
f 1247/1247/1247  1149/1149/1149  1151/1151/1151
f 1248/1248/1248  1149/1149/1149  1247/1247/1247
f 1246/1246/1246  1151/1151/1151  1153/1153/1153
f 1247/1247/1247  1151/1151/1151  1246/1246/1246
f 1245/1245/1245  1153/1153/1153  1155/1155/1155
f 1246/1246/1246  1153/1153/1153  1245/1245/1245
f 1244/1244/1244  1155/1155/1155  1157/1157/1157
f 1245/1245/1245  1155/1155/1155  1244/1244/1244
f 1243/1243/1243  1157/1157/1157  1159/1159/1159
f 1244/1244/1244  1157/1157/1157  1243/1243/1243
f 1242/1242/1242  1159/1159/1159  1161/1161/1161
f 1243/1243/1243  1159/1159/1159  1242/1242/1242
f 1241/1241/1241  1161/1161/1161  1163/1163/1163
f 1242/1242/1242  1161/1161/1161  1241/1241/1241
f 1240/1240/1240  1163/1163/1163  1165/1165/1165
f 1241/1241/1241  1163/1163/1163  1240/1240/1240
f 1239/1239/1239  1165/1165/1165  1167/1167/1167
f 1240/1240/1240  1165/1165/1165  1239/1239/1239
f 1238/1238/1238  1167/1167/1167  1169/1169/1169
f 1239/1239/1239  1167/1167/1167  1238/1238/1238
f 1237/1237/1237  1169/1169/1169  1171/1171/1171
f 1238/1238/1238  1169/1169/1169  1237/1237/1237
f 1236/1236/1236  1171/1171/1171  1173/1173/1173
f 1237/1237/1237  1171/1171/1171  1236/1236/1236
f 1235/1235/1235  1173/1173/1173  1175/1175/1175
f 1236/1236/1236  1173/1173/1173  1235/1235/1235
f 1234/1234/1234  1175/1175/1175  1177/1177/1177
f 1235/1235/1235  1175/1175/1175  1234/1234/1234
f 1233/1233/1233  1177/1177/1177  1179/1179/1179
f 1234/1234/1234  1177/1177/1177  1233/1233/1233
f 1232/1232/1232  1179/1179/1179  1181/1181/1181
f 1233/1233/1233  1179/1179/1179  1232/1232/1232
f 1231/1231/1231  1181/1181/1181  1183/1183/1183
f 1232/1232/1232  1181/1181/1181  1231/1231/1231
f 1231/1231/1231  1183/1183/1183  1228/1228/1228
f 1250/1250/1250  1187/1187/1187  1185/1185/1185
f 1252/1252/1252  1186/1186/1186  1188/1188/1188
f 1251/1251/1251  1250/1250/1250  1185/1185/1185
f 1249/1249/1249  1189/1189/1189  1187/1187/1187
f 1254/1254/1254  1188/1188/1188  1190/1190/1190
f 1250/1250/1250  1249/1249/1249  1187/1187/1187
f 1254/1254/1254  1252/1252/1252  1188/1188/1188
f 1248/1248/1248  1191/1191/1191  1189/1189/1189
f 1256/1256/1256  1190/1190/1190  1192/1192/1192
f 1249/1249/1249  1248/1248/1248  1189/1189/1189
f 1256/1256/1256  1254/1254/1254  1190/1190/1190
f 1247/1247/1247  1193/1193/1193  1191/1191/1191
f 1258/1258/1258  1192/1192/1192  1194/1194/1194
f 1248/1248/1248  1247/1247/1247  1191/1191/1191
f 1258/1258/1258  1256/1256/1256  1192/1192/1192
f 1246/1246/1246  1195/1195/1195  1193/1193/1193
f 1260/1260/1260  1194/1194/1194  1196/1196/1196
f 1247/1247/1247  1246/1246/1246  1193/1193/1193
f 1260/1260/1260  1258/1258/1258  1194/1194/1194
f 1245/1245/1245  1197/1197/1197  1195/1195/1195
f 1262/1262/1262  1196/1196/1196  1198/1198/1198
f 1246/1246/1246  1245/1245/1245  1195/1195/1195
f 1262/1262/1262  1260/1260/1260  1196/1196/1196
f 1244/1244/1244  1199/1199/1199  1197/1197/1197
f 1264/1264/1264  1198/1198/1198  1200/1200/1200
f 1245/1245/1245  1244/1244/1244  1197/1197/1197
f 1264/1264/1264  1262/1262/1262  1198/1198/1198
f 1243/1243/1243  1201/1201/1201  1199/1199/1199
f 1266/1266/1266  1200/1200/1200  1202/1202/1202
f 1244/1244/1244  1243/1243/1243  1199/1199/1199
f 1266/1266/1266  1264/1264/1264  1200/1200/1200
f 1242/1242/1242  1203/1203/1203  1201/1201/1201
f 1268/1268/1268  1202/1202/1202  1204/1204/1204
f 1243/1243/1243  1242/1242/1242  1201/1201/1201
f 1268/1268/1268  1266/1266/1266  1202/1202/1202
f 1241/1241/1241  1205/1205/1205  1203/1203/1203
f 1270/1270/1270  1204/1204/1204  1206/1206/1206
f 1242/1242/1242  1241/1241/1241  1203/1203/1203
f 1270/1270/1270  1268/1268/1268  1204/1204/1204
f 1240/1240/1240  1207/1207/1207  1205/1205/1205
f 1272/1272/1272  1206/1206/1206  1208/1208/1208
f 1241/1241/1241  1240/1240/1240  1205/1205/1205
f 1272/1272/1272  1270/1270/1270  1206/1206/1206
f 1239/1239/1239  1209/1209/1209  1207/1207/1207
f 1274/1274/1274  1208/1208/1208  1210/1210/1210
f 1240/1240/1240  1239/1239/1239  1207/1207/1207
f 1274/1274/1274  1272/1272/1272  1208/1208/1208
f 1238/1238/1238  1211/1211/1211  1209/1209/1209
f 1276/1276/1276  1210/1210/1210  1212/1212/1212
f 1239/1239/1239  1238/1238/1238  1209/1209/1209
f 1276/1276/1276  1274/1274/1274  1210/1210/1210
f 1237/1237/1237  1213/1213/1213  1211/1211/1211
f 1278/1278/1278  1212/1212/1212  1214/1214/1214
f 1238/1238/1238  1237/1237/1237  1211/1211/1211
f 1278/1278/1278  1276/1276/1276  1212/1212/1212
f 1236/1236/1236  1215/1215/1215  1213/1213/1213
f 1280/1280/1280  1214/1214/1214  1216/1216/1216
f 1237/1237/1237  1236/1236/1236  1213/1213/1213
f 1280/1280/1280  1278/1278/1278  1214/1214/1214
f 1235/1235/1235  1217/1217/1217  1215/1215/1215
f 1282/1282/1282  1216/1216/1216  1218/1218/1218
f 1236/1236/1236  1235/1235/1235  1215/1215/1215
f 1282/1282/1282  1280/1280/1280  1216/1216/1216
f 1234/1234/1234  1219/1219/1219  1217/1217/1217
f 1284/1284/1284  1218/1218/1218  1220/1220/1220
f 1235/1235/1235  1234/1234/1234  1217/1217/1217
f 1284/1284/1284  1282/1282/1282  1218/1218/1218
f 1233/1233/1233  1221/1221/1221  1219/1219/1219
f 1286/1286/1286  1220/1220/1220  1222/1222/1222
f 1234/1234/1234  1233/1233/1233  1219/1219/1219
f 1286/1286/1286  1284/1284/1284  1220/1220/1220
f 1232/1232/1232  1223/1223/1223  1221/1221/1221
f 1288/1288/1288  1222/1222/1222  1224/1224/1224
f 1233/1233/1233  1232/1232/1232  1221/1221/1221
f 1288/1288/1288  1286/1286/1286  1222/1222/1222
f 1228/1228/1228  1225/1225/1225  1223/1223/1223
f 1290/1290/1290  1224/1224/1224  1226/1226/1226
f 1231/1231/1231  1228/1228/1228  1223/1223/1223
f 1232/1232/1232  1231/1231/1231  1223/1223/1223
f 1290/1290/1290  1288/1288/1288  1224/1224/1224
f 1292/1292/1292  1290/1290/1290  1226/1226/1226
f 1317/1317/1317  1253/1253/1253  1255/1255/1255
f 1318/1318/1318  1253/1253/1253  1317/1317/1317
f 1316/1316/1316  1255/1255/1255  1257/1257/1257
f 1317/1317/1317  1255/1255/1255  1316/1316/1316
f 1315/1315/1315  1257/1257/1257  1259/1259/1259
f 1316/1316/1316  1257/1257/1257  1315/1315/1315
f 1314/1314/1314  1259/1259/1259  1261/1261/1261
f 1315/1315/1315  1259/1259/1259  1314/1314/1314
f 1313/1313/1313  1261/1261/1261  1263/1263/1263
f 1314/1314/1314  1261/1261/1261  1313/1313/1313
f 1312/1312/1312  1263/1263/1263  1265/1265/1265
f 1313/1313/1313  1263/1263/1263  1312/1312/1312
f 1311/1311/1311  1265/1265/1265  1267/1267/1267
f 1312/1312/1312  1265/1265/1265  1311/1311/1311
f 1310/1310/1310  1267/1267/1267  1269/1269/1269
f 1311/1311/1311  1267/1267/1267  1310/1310/1310
f 1309/1309/1309  1269/1269/1269  1271/1271/1271
f 1310/1310/1310  1269/1269/1269  1309/1309/1309
f 1308/1308/1308  1271/1271/1271  1273/1273/1273
f 1309/1309/1309  1271/1271/1271  1308/1308/1308
f 1307/1307/1307  1273/1273/1273  1275/1275/1275
f 1308/1308/1308  1273/1273/1273  1307/1307/1307
f 1306/1306/1306  1275/1275/1275  1277/1277/1277
f 1307/1307/1307  1275/1275/1275  1306/1306/1306
f 1305/1305/1305  1277/1277/1277  1279/1279/1279
f 1306/1306/1306  1277/1277/1277  1305/1305/1305
f 1304/1304/1304  1279/1279/1279  1281/1281/1281
f 1305/1305/1305  1279/1279/1279  1304/1304/1304
f 1303/1303/1303  1281/1281/1281  1283/1283/1283
f 1304/1304/1304  1281/1281/1281  1303/1303/1303
f 1302/1302/1302  1283/1283/1283  1285/1285/1285
f 1303/1303/1303  1283/1283/1283  1302/1302/1302
f 1301/1301/1301  1285/1285/1285  1287/1287/1287
f 1302/1302/1302  1285/1285/1285  1301/1301/1301
f 1300/1300/1300  1287/1287/1287  1289/1289/1289
f 1301/1301/1301  1287/1287/1287  1300/1300/1300
f 1299/1299/1299  1289/1289/1289  1291/1291/1291
f 1300/1300/1300  1289/1289/1289  1299/1299/1299
f 1298/1298/1298  1291/1291/1291  1293/1293/1293
f 1299/1299/1299  1291/1291/1291  1298/1298/1298
f 1298/1298/1298  1293/1293/1293  1295/1295/1295
f 1348/1348/1348  1322/1322/1322  1319/1319/1319
f 1713/1713/1713  1320/1320/1320  1323/1323/1323
f 1351/1351/1351  1348/1348/1348  1319/1319/1319
f 1425/1425/1425  1352/1352/1352  1321/1321/1321
f 1425/1425/1425  1321/1321/1321  1423/1423/1423
f 1764/1764/1764  1423/1423/1423  1321/1321/1321
f 1717/1717/1717  1321/1321/1321  1714/1714/1714
f 1764/1764/1764  1321/1321/1321  1717/1717/1717
f 1346/1346/1346  1324/1324/1324  1322/1322/1322
f 1375/1375/1375  1323/1323/1323  1328/1328/1328
f 1348/1348/1348  1346/1346/1346  1322/1322/1322
f 1377/1377/1377  1323/1323/1323  1375/1375/1375
f 1713/1713/1713  1323/1323/1323  1377/1377/1377
f 1344/1344/1344  1329/1329/1329  1324/1324/1324
f 1555/1555/1555  1325/1325/1325  1330/1330/1330
f 1346/1346/1346  1344/1344/1344  1324/1324/1324
f 1375/1375/1375  1328/1328/1328  1373/1373/1373
f 1651/1651/1651  1372/1372/1372  1326/1326/1326
f 1699/1699/1699  1327/1327/1327  1556/1556/1556
f 1694/1694/1694  1652/1652/1652  1327/1327/1327
f 1697/1697/1697  1694/1694/1694  1327/1327/1327
f 1699/1699/1699  1697/1697/1697  1327/1327/1327
f 1342/1342/1342  1331/1331/1331  1329/1329/1329
f 1544/1544/1544  1330/1330/1330  1332/1332/1332
f 1344/1344/1344  1342/1342/1342  1329/1329/1329
f 1537/1537/1537  1526/1526/1526  1330/1330/1330
f 1555/1555/1555  1330/1330/1330  1526/1526/1526
f 1540/1540/1540  1537/1537/1537  1330/1330/1330
f 1542/1542/1542  1540/1540/1540  1330/1330/1330
f 1544/1544/1544  1542/1542/1542  1330/1330/1330
f 1342/1342/1342  1333/1333/1333  1331/1331/1331
f 1522/1522/1522  1332/1332/1332  1334/1334/1334
f 1524/1524/1524  1332/1332/1332  1522/1522/1522
f 1546/1546/1546  1332/1332/1332  1524/1524/1524
f 1546/1546/1546  1544/1544/1544  1332/1332/1332
f 1339/1339/1339  1335/1335/1335  1333/1333/1333
f 1520/1520/1520  1334/1334/1334  1336/1336/1336
f 1342/1342/1342  1339/1339/1339  1333/1333/1333
f 1522/1522/1522  1334/1334/1334  1520/1520/1520
f 1357/1357/1357  1337/1337/1337  1341/1341/1341
f 1559/1559/1559  1337/1337/1337  1357/1357/1357
f 1520/1520/1520  1336/1336/1336  1516/1516/1516
f 2504/2504/2504  1518/1518/1518  1338/1338/1338
f 2502/2502/2502  1338/1338/1338  1560/1560/1560
f 2504/2504/2504  1338/1338/1338  2502/2502/2502
f 1402/1402/1402  1340/1340/1340  1343/1343/1343
f 1400/1400/1400  1356/1356/1356  1340/1340/1340
f 1402/1402/1402  1400/1400/1400  1340/1340/1340
f 1405/1405/1405  1343/1343/1343  1345/1345/1345
f 1405/1405/1405  1402/1402/1402  1343/1343/1343
f 1407/1407/1407  1345/1345/1345  1347/1347/1347
f 1407/1407/1407  1405/1405/1405  1345/1345/1345
f 1409/1409/1409  1347/1347/1347  1349/1349/1349
f 1409/1409/1409  1407/1407/1407  1347/1347/1347
f 1355/1355/1355  1350/1350/1350  1352/1352/1352
f 1409/1409/1409  1349/1349/1349  1353/1353/1353
f 1425/1425/1425  1355/1355/1355  1352/1352/1352
f 1419/1419/1419  1410/1410/1410  1354/1354/1354
f 1424/1424/1424  1419/1419/1419  1354/1354/1354
f 1398/1398/1398  1358/1358/1358  1356/1356/1356
f 1561/1561/1561  1357/1357/1357  1359/1359/1359
f 1400/1400/1400  1398/1398/1398  1356/1356/1356
f 1561/1561/1561  1559/1559/1559  1357/1357/1357
f 1398/1398/1398  1360/1360/1360  1358/1358/1358
f 1561/1561/1561  1359/1359/1359  1361/1361/1361
f 1396/1396/1396  1362/1362/1362  1360/1360/1360
f 1563/1563/1563  1361/1361/1361  1363/1363/1363
f 1398/1398/1398  1396/1396/1396  1360/1360/1360
f 1563/1563/1563  1561/1561/1561  1361/1361/1361
f 1392/1392/1392  1364/1364/1364  1362/1362/1362
f 1565/1565/1565  1363/1363/1363  1365/1365/1365
f 1394/1394/1394  1392/1392/1392  1362/1362/1362
f 1396/1396/1396  1394/1394/1394  1362/1362/1362
f 1565/1565/1565  1563/1563/1563  1363/1363/1363
f 1389/1389/1389  1366/1366/1366  1364/1364/1364
f 1567/1567/1567  1365/1365/1365  1367/1367/1367
f 1392/1392/1392  1389/1389/1389  1364/1364/1364
f 1567/1567/1567  1565/1565/1565  1365/1365/1365
f 1387/1387/1387  1369/1369/1369  1366/1366/1366
f 1570/1570/1570  1368/1368/1368  1370/1370/1370
f 1389/1389/1389  1387/1387/1387  1366/1366/1366
f 1569/1569/1569  1567/1567/1567  1367/1367/1367
f 1384/1384/1384  1371/1371/1371  1369/1369/1369
f 1651/1651/1651  1370/1370/1370  1372/1372/1372
f 1387/1387/1387  1384/1384/1384  1369/1369/1369
f 1651/1651/1651  1570/1570/1570  1370/1370/1370
f 1382/1382/1382  1374/1374/1374  1371/1371/1371
f 1384/1384/1384  1382/1382/1382  1371/1371/1371
f 1379/1379/1379  1376/1376/1376  1374/1374/1374
f 1382/1382/1382  1379/1379/1379  1374/1374/1374
f 1721/1721/1721  1378/1378/1378  1381/1381/1381
f 1721/1721/1721  1714/1714/1714  1378/1378/1378
f 1718/1718/1718  1380/1380/1380  1383/1383/1383
f 1718/1718/1718  1715/1715/1715  1380/1380/1380
f 1720/1720/1720  1380/1380/1380  1715/1715/1715
f 1718/1718/1718  1383/1383/1383  1386/1386/1386
f 1653/1653/1653  1385/1385/1385  1388/1388/1388
f 1718/1718/1718  1386/1386/1386  1655/1655/1655
f 1657/1657/1657  1388/1388/1388  1391/1391/1391
f 1657/1657/1657  1653/1653/1653  1388/1388/1388
f 1573/1573/1573  1390/1390/1390  1393/1393/1393
f 1657/1657/1657  1391/1391/1391  1575/1575/1575
f 1579/1579/1579  1393/1393/1393  1395/1395/1395
f 1577/1577/1577  1573/1573/1573  1393/1393/1393
f 1579/1579/1579  1577/1577/1577  1393/1393/1393
f 1579/1579/1579  1395/1395/1395  1397/1397/1397
f 1581/1581/1581  1397/1397/1397  1399/1399/1399
f 1581/1581/1581  1579/1579/1579  1397/1397/1397
f 1583/1583/1583  1399/1399/1399  1401/1401/1401
f 1583/1583/1583  1581/1581/1581  1399/1399/1399
f 1585/1585/1585  1401/1401/1401  1404/1404/1404
f 1585/1585/1585  1583/1583/1583  1401/1401/1401
f 1411/1411/1411  1403/1403/1403  1406/1406/1406
f 1585/1585/1585  1404/1404/1404  1413/1413/1413
f 1415/1415/1415  1406/1406/1406  1408/1408/1408
f 1415/1415/1415  1411/1411/1411  1406/1406/1406
f 1417/1417/1417  1408/1408/1408  1410/1410/1410
f 1417/1417/1417  1415/1415/1415  1408/1408/1408
f 1419/1419/1419  1417/1417/1417  1410/1410/1410
f 1594/1594/1594  1586/1586/1586  1414/1414/1414
f 1596/1596/1596  1594/1594/1594  1414/1414/1414
f 1626/1626/1626  1596/1596/1596  1414/1414/1414
f 1424/1424/1424  1421/1421/1421  1419/1419/1419
f 1764/1764/1764  1427/1427/1427  1423/1423/1423
f 1443/1443/1443  1429/1429/1429  1433/1433/1433
f 1458/1458/1458  1431/1431/1431  1445/1445/1445
f 1627/1627/1627  1431/1431/1431  1458/1458/1458
f 1448/1448/1448  1433/1433/1433  1435/1435/1435
f 1446/1446/1446  1443/1443/1443  1433/1433/1433
f 1448/1448/1448  1446/1446/1446  1433/1433/1433
f 1450/1450/1450  1435/1435/1435  1437/1437/1437
f 1450/1450/1450  1448/1448/1448  1435/1435/1435
f 1452/1452/1452  1437/1437/1437  1439/1439/1439
f 1452/1452/1452  1450/1450/1450  1437/1437/1437
f 1534/1534/1534  1440/1440/1440  1442/1442/1442
f 1455/1455/1455  1452/1452/1452  1439/1439/1439
f 1536/1536/1536  1456/1456/1456  1440/1440/1440
f 1536/1536/1536  1440/1440/1440  1534/1534/1534
f 1760/1760/1760  1534/1534/1534  1442/1442/1442
f 1506/1506/1506  1444/1444/1444  1447/1447/1447
f 1503/1503/1503  1457/1457/1457  1444/1444/1444
f 1506/1506/1506  1503/1503/1503  1444/1444/1444
f 1508/1508/1508  1447/1447/1447  1449/1449/1449
f 1508/1508/1508  1506/1506/1506  1447/1447/1447
f 1510/1510/1510  1449/1449/1449  1451/1451/1451
f 1510/1510/1510  1508/1508/1508  1449/1449/1449
f 1512/1512/1512  1451/1451/1451  1453/1453/1453
f 1512/1512/1512  1510/1510/1510  1451/1451/1451
f 1514/1514/1514  1454/1454/1454  1456/1456/1456
f 1536/1536/1536  1514/1514/1514  1456/1456/1456
f 1499/1499/1499  1459/1459/1459  1457/1457/1457
f 1625/1625/1625  1458/1458/1458  1460/1460/1460
f 1501/1501/1501  1499/1499/1499  1457/1457/1457
f 1503/1503/1503  1501/1501/1501  1457/1457/1457
f 1627/1627/1627  1458/1458/1458  1625/1625/1625
f 1497/1497/1497  1461/1461/1461  1459/1459/1459
f 1625/1625/1625  1460/1460/1460  1462/1462/1462
f 1499/1499/1499  1497/1497/1497  1459/1459/1459
f 1495/1495/1495  1463/1463/1463  1461/1461/1461
f 1623/1623/1623  1462/1462/1462  1464/1464/1464
f 1497/1497/1497  1495/1495/1495  1461/1461/1461
f 1625/1625/1625  1462/1462/1462  1623/1623/1623
f 1495/1495/1495  1465/1465/1465  1463/1463/1463
f 1621/1621/1621  1464/1464/1464  1466/1466/1466
f 1623/1623/1623  1464/1464/1464  1621/1621/1621
f 1493/1493/1493  1467/1467/1467  1465/1465/1465
f 1619/1619/1619  1466/1466/1466  1468/1468/1468
f 1495/1495/1495  1493/1493/1493  1465/1465/1465
f 1621/1621/1621  1466/1466/1466  1619/1619/1619
f 1490/1490/1490  1470/1470/1470  1467/1467/1467
f 1617/1617/1617  1469/1469/1469  1471/1471/1471
f 1493/1493/1493  1490/1490/1490  1467/1467/1467
f 1619/1619/1619  1468/1468/1468  1615/1615/1615
f 1488/1488/1488  1472/1472/1472  1470/1470/1470
f 1677/1677/1677  1471/1471/1471  1473/1473/1473
f 1490/1490/1490  1488/1488/1488  1470/1470/1470
f 1677/1677/1677  1617/1617/1617  1471/1471/1471
f 1485/1485/1485  1475/1475/1475  1472/1472/1472
f 1675/1675/1675  1474/1474/1474  1476/1476/1476
f 1488/1488/1488  1485/1485/1485  1472/1472/1472
f 1677/1677/1677  1473/1473/1473  1673/1673/1673
f 1483/1483/1483  1477/1477/1477  1475/1475/1475
f 1762/1762/1762  1476/1476/1476  1478/1478/1478
f 1485/1485/1485  1483/1483/1483  1475/1475/1475
f 1762/1762/1762  1675/1675/1675  1476/1476/1476
f 1483/1483/1483  1480/1480/1480  1477/1477/1477
f 1768/1768/1768  1479/1479/1479  1482/1482/1482
f 1765/1765/1765  1762/1762/1762  1478/1478/1478
f 1768/1768/1768  1766/1766/1766  1479/1479/1479
f 1531/1531/1531  1481/1481/1481  1484/1484/1484
f 1533/1533/1533  1481/1481/1481  1531/1531/1531
f 1767/1767/1767  1481/1481/1481  1533/1533/1533
f 1531/1531/1531  1484/1484/1484  1487/1487/1487
f 1527/1527/1527  1486/1486/1486  1489/1489/1489
f 1531/1531/1531  1487/1487/1487  1529/1529/1529
f 1687/1687/1687  1489/1489/1489  1492/1492/1492
f 1687/1687/1687  1527/1527/1527  1489/1489/1489
f 1637/1637/1637  1491/1491/1491  1494/1494/1494
f 1687/1687/1687  1492/1492/1492  1638/1638/1638
f 1643/1643/1643  1494/1494/1494  1496/1496/1496
f 1641/1641/1641  1637/1637/1637  1494/1494/1494
f 1643/1643/1643  1641/1641/1641  1494/1494/1494
f 1643/1643/1643  1496/1496/1496  1498/1498/1498
f 1645/1645/1645  1498/1498/1498  1500/1500/1500
f 1645/1645/1645  1643/1643/1643  1498/1498/1498
f 1647/1647/1647  1500/1500/1500  1502/1502/1502
f 1647/1647/1647  1645/1645/1645  1500/1500/1500
f 1649/1649/1649  1502/1502/1502  1505/1505/1505
f 1649/1649/1649  1647/1647/1647  1502/1502/1502
f 1515/1515/1515  1504/1504/1504  1507/1507/1507
f 1649/1649/1649  1505/1505/1505  1517/1517/1517
f 1521/1521/1521  1507/1507/1507  1509/1509/1509
f 1519/1519/1519  1515/1515/1515  1507/1507/1507
f 1521/1521/1521  1519/1519/1519  1507/1507/1507
f 1525/1525/1525  1509/1509/1509  1511/1511/1511
f 1523/1523/1523  1521/1521/1521  1509/1509/1509
f 1525/1525/1525  1523/1523/1523  1509/1509/1509
f 1530/1530/1530  1511/1511/1511  1513/1513/1513
f 1530/1530/1530  1525/1525/1525  1511/1511/1511
f 1535/1535/1535  1530/1530/1530  1513/1513/1513
f 2413/2413/2413  1650/1650/1650  1518/1518/1518
f 2411/2411/2411  1518/1518/1518  2409/2409/2409
f 2504/2504/2504  2409/2409/2409  1518/1518/1518
f 2413/2413/2413  1518/1518/1518  2411/2411/2411
f 1551/1551/1551  1524/1524/1524  1526/1526/1526
f 1549/1549/1549  1546/1546/1546  1524/1524/1524
f 1551/1551/1551  1549/1549/1549  1524/1524/1524
f 1553/1553/1553  1526/1526/1526  1537/1537/1537
f 1553/1553/1553  1551/1551/1551  1526/1526/1526
f 1704/1704/1704  1556/1556/1556  1528/1528/1528
f 1706/1706/1706  1528/1528/1528  1688/1688/1688
f 1706/1706/1706  1704/1704/1704  1528/1528/1528
f 1535/1535/1535  1532/1532/1532  1530/1530/1530
f 1766/1766/1766  1534/1534/1534  1760/1760/1760
f 1768/1768/1768  1534/1534/1534  1766/1766/1766
f 2292/2292/2292  1538/1538/1538  1541/1541/1541
f 2295/2295/2295  1554/1554/1554  1539/1539/1539
f 2295/2295/2295  1539/1539/1539  2293/2293/2293
f 2308/2308/2308  1541/1541/1541  1543/1543/1543
f 2308/2308/2308  2292/2292/2292  1541/1541/1541
f 2306/2306/2306  1543/1543/1543  1545/1545/1545
f 2308/2308/2308  1543/1543/1543  2306/2306/2306
f 2304/2304/2304  1545/1545/1545  1547/1547/1547
f 2306/2306/2306  1545/1545/1545  2304/2304/2304
f 2302/2302/2302  1548/1548/1548  1550/1550/1550
f 2304/2304/2304  1547/1547/1547  2301/2301/2301
f 2299/2299/2299  1550/1550/1550  1552/1552/1552
f 2302/2302/2302  1550/1550/1550  2299/2299/2299
f 2297/2297/2297  1552/1552/1552  1554/1554/1554
f 2299/2299/2299  1552/1552/1552  2297/2297/2297
f 2297/2297/2297  1554/1554/1554  2295/2295/2295
f 1669/1669/1669  1558/1558/1558  1667/1667/1667
f 1705/1705/1705  1667/1667/1667  1558/1558/1558
f 1700/1700/1700  1558/1558/1558  1669/1669/1669
f 2498/2498/2498  1560/1560/1560  1562/1562/1562
f 2500/2500/2500  1560/1560/1560  2498/2498/2498
f 2502/2502/2502  1560/1560/1560  2500/2500/2500
f 2496/2496/2496  1562/1562/1562  1564/1564/1564
f 2498/2498/2498  1562/1562/1562  2496/2496/2496
f 2492/2492/2492  1564/1564/1564  1566/1566/1566
f 2494/2494/2494  1564/1564/1564  2492/2492/2492
f 2496/2496/2496  1564/1564/1564  2494/2494/2494
f 2488/2488/2488  1566/1566/1566  1568/1568/1568
f 2490/2490/2490  1566/1566/1566  2488/2488/2488
f 2492/2492/2492  1566/1566/1566  2490/2490/2490
f 2486/2486/2486  1568/1568/1568  1572/1572/1572
f 2488/2488/2488  1568/1568/1568  2486/2486/2486
f 1689/1689/1689  1571/1571/1571  1652/1652/1652
f 2431/2431/2431  1572/1572/1572  1691/1691/1691
f 2482/2482/2482  1572/1572/1572  2431/2431/2431
f 2484/2484/2484  1572/1572/1572  2482/2482/2482
f 2486/2486/2486  1572/1572/1572  2484/2484/2484
f 1628/1628/1628  1574/1574/1574  1578/1578/1578
f 1662/1662/1662  1576/1576/1576  1629/1629/1629
f 1662/1662/1662  1658/1658/1658  1576/1576/1576
f 1633/1633/1633  1578/1578/1578  1580/1580/1580
f 1631/1631/1631  1628/1628/1628  1578/1578/1578
f 1633/1633/1633  1631/1631/1631  1578/1578/1578
f 1635/1635/1635  1580/1580/1580  1582/1582/1582
f 1635/1635/1635  1633/1633/1633  1580/1580/1580
f 1587/1587/1587  1582/1582/1582  1584/1584/1584
f 1635/1635/1635  1582/1582/1582  1587/1587/1587
f 1590/1590/1590  1584/1584/1584  1586/1586/1586
f 1590/1590/1590  1587/1587/1587  1584/1584/1584
f 1592/1592/1592  1590/1590/1590  1586/1586/1586
f 1594/1594/1594  1592/1592/1592  1586/1586/1586
f 2220/2220/2220  1589/1589/1589  1591/1591/1591
f 2219/2219/2219  1636/1636/1636  1588/1588/1588
f 2257/2257/2257  1591/1591/1591  1593/1593/1593
f 2255/2255/2255  2220/2220/2220  1591/1591/1591
f 2257/2257/2257  2255/2255/2255  1591/1591/1591
f 2259/2259/2259  1593/1593/1593  1595/1595/1595
f 2259/2259/2259  2257/2257/2257  1593/1593/1593
f 2263/2263/2263  1595/1595/1595  1597/1597/1597
f 2261/2261/2261  2259/2259/2259  1595/1595/1595
f 2263/2263/2263  2261/2261/2261  1595/1595/1595
f 1626/1626/1626  1598/1598/1598  1596/1596/1596
f 2265/2265/2265  1597/1597/1597  1599/1599/1599
f 2265/2265/2265  2263/2263/2263  1597/1597/1597
f 1624/1624/1624  1600/1600/1600  1598/1598/1598
f 2269/2269/2269  1599/1599/1599  1601/1601/1601
f 1626/1626/1626  1624/1624/1624  1598/1598/1598
f 2267/2267/2267  2265/2265/2265  1599/1599/1599
f 2269/2269/2269  2267/2267/2267  1599/1599/1599
f 1624/1624/1624  1602/1602/1602  1600/1600/1600
f 2271/2271/2271  1601/1601/1601  1604/1604/1604
f 2271/2271/2271  2269/2269/2269  1601/1601/1601
f 1622/1622/1622  1605/1605/1605  1602/1602/1602
f 2237/2237/2237  1603/1603/1603  1606/1606/1606
f 1624/1624/1624  1622/1622/1622  1602/1602/1602
f 2271/2271/2271  1604/1604/1604  2238/2238/2238
f 1620/1620/1620  1607/1607/1607  1605/1605/1605
f 2240/2240/2240  1606/1606/1606  1608/1608/1608
f 1622/1622/1622  1620/1620/1620  1605/1605/1605
f 2240/2240/2240  2237/2237/2237  1606/1606/1606
f 1618/1618/1618  1609/1609/1609  1607/1607/1607
f 2242/2242/2242  1608/1608/1608  1610/1610/1610
f 1620/1620/1620  1618/1618/1618  1607/1607/1607
f 2242/2242/2242  2240/2240/2240  1608/1608/1608
f 1614/1614/1614  1611/1611/1611  1609/1609/1609
f 1702/1702/1702  1610/1610/1610  1613/1613/1613
f 1618/1618/1618  1614/1614/1614  1609/1609/1609
f 2244/2244/2244  1610/1610/1610  1702/1702/1702
f 2244/2244/2244  2242/2242/2242  1610/1610/1610
f 1676/1676/1676  1612/1612/1612  1616/1616/1616
f 1678/1678/1678  1612/1612/1612  1676/1676/1676
f 1712/1712/1712  1613/1613/1613  1679/1679/1679
f 1712/1712/1712  1702/1702/1702  1613/1613/1613
f 1690/1690/1690  1630/1630/1630  1632/1632/1632
f 1693/1693/1693  1663/1663/1663  1630/1630/1630
f 1693/1693/1693  1630/1630/1630  1690/1690/1690
f 2222/2222/2222  1632/1632/1632  1634/1634/1634
f 2222/2222/2222  1690/1690/1690  1632/1632/1632
f 2226/2226/2226  1634/1634/1634  1636/1636/1636
f 2224/2224/2224  2222/2222/2222  1634/1634/1634
f 2226/2226/2226  2224/2224/2224  1634/1634/1634
f 2226/2226/2226  1636/1636/1636  2219/2219/2219
f 2429/2429/2429  1640/1640/1640  1642/1642/1642
f 1711/1711/1711  1688/1688/1688  1639/1639/1639
f 1711/1711/1711  1639/1639/1639  1701/1701/1701
f 2431/2431/2431  1703/1703/1703  1640/1640/1640
f 2431/2431/2431  1640/1640/1640  2429/2429/2429
f 2425/2425/2425  1642/1642/1642  1644/1644/1644
f 2427/2427/2427  1642/1642/1642  2425/2425/2425
f 2429/2429/2429  1642/1642/1642  2427/2427/2427
f 2423/2423/2423  1644/1644/1644  1646/1646/1646
f 2425/2425/2425  1644/1644/1644  2423/2423/2423
f 2419/2419/2419  1646/1646/1646  1648/1648/1648
f 2421/2421/2421  1646/1646/1646  2419/2419/2419
f 2423/2423/2423  1646/1646/1646  2421/2421/2421
f 2415/2415/2415  1648/1648/1648  1650/1650/1650
f 2417/2417/2417  1648/1648/1648  2415/2415/2415
f 2419/2419/2419  1648/1648/1648  2417/2417/2417
f 2415/2415/2415  1650/1650/1650  2413/2413/2413
f 1692/1692/1692  1689/1689/1689  1652/1652/1652
f 1694/1694/1694  1692/1692/1692  1652/1652/1652
f 1670/1670/1670  1654/1654/1654  1658/1658/1658
f 1668/1668/1668  1664/1664/1664  1654/1654/1654
f 1731/1731/1731  1656/1656/1656  1666/1666/1666
f 1670/1670/1670  1668/1668/1668  1654/1654/1654
f 1725/1725/1725  1719/1719/1719  1656/1656/1656
f 1727/1727/1727  1725/1725/1725  1656/1656/1656
f 1729/1729/1729  1727/1727/1727  1656/1656/1656
f 1731/1731/1731  1729/1729/1729  1656/1656/1656
f 1662/1662/1662  1659/1659/1659  1658/1658/1658
f 1670/1670/1670  1658/1658/1658  1659/1659/1659
f 1695/1695/1695  1660/1660/1660  1663/1663/1663
f 1698/1698/1698  1671/1671/1671  1661/1661/1661
f 1698/1698/1698  1661/1661/1661  1696/1696/1696
f 1695/1695/1695  1663/1663/1663  1693/1693/1693
f 1685/1685/1685  1672/1672/1672  1664/1664/1664
f 1761/1761/1761  1666/1666/1666  1674/1674/1674
f 1705/1705/1705  1686/1686/1686  1667/1667/1667
f 1734/1734/1734  1731/1731/1731  1666/1666/1666
f 1761/1761/1761  1734/1734/1734  1666/1666/1666
f 1700/1700/1700  1669/1669/1669  1671/1671/1671
f 1700/1700/1700  1671/1671/1671  1698/1698/1698
f 1680/1680/1680  1676/1676/1676  1672/1672/1672
f 1683/1683/1683  1680/1680/1680  1672/1672/1672
f 1685/1685/1685  1683/1683/1683  1672/1672/1672
f 1680/1680/1680  1678/1678/1678  1676/1676/1676
f 1709/1709/1709  1679/1679/1679  1681/1681/1681
f 1712/1712/1712  1679/1679/1679  1709/1709/1709
f 1710/1710/1710  1682/1682/1682  1684/1684/1684
f 1707/1707/1707  1684/1684/1684  1686/1686/1686
f 1710/1710/1710  1684/1684/1684  1707/1707/1707
f 1707/1707/1707  1686/1686/1686  1705/1705/1705
f 1708/1708/1708  1706/1706/1706  1688/1688/1688
f 1711/1711/1711  1708/1708/1708  1688/1688/1688
f 2431/2431/2431  1691/1691/1691  1703/1703/1703
f 2548/2548/2548  1703/1703/1703  1691/1691/1691
f 2551/2551/2551  1691/1691/1691  2223/2223/2223
f 2551/2551/2551  2548/2548/2548  1691/1691/1691
f 2543/2543/2543  2245/2245/2245  1703/1703/1703
f 2545/2545/2545  2543/2543/2543  1703/1703/1703
f 2548/2548/2548  2545/2545/2545  1703/1703/1703
f 1721/1721/1721  1717/1717/1717  1714/1714/1714
f 1743/1743/1743  1716/1716/1716  1719/1719/1719
f 1743/1743/1743  1740/1740/1740  1716/1716/1716
f 1758/1758/1758  1716/1716/1716  1740/1740/1740
f 1763/1763/1763  1716/1716/1716  1758/1758/1758
f 1761/1761/1761  1719/1719/1719  1725/1725/1725
f 1745/1745/1745  1743/1743/1743  1719/1719/1719
f 1747/1747/1747  1745/1745/1745  1719/1719/1719
f 1749/1749/1749  1747/1747/1747  1719/1719/1719
f 1752/1752/1752  1749/1749/1749  1719/1719/1719
f 1761/1761/1761  1752/1752/1752  1719/1719/1719
f 1761/1761/1761  1725/1725/1725  1722/1722/1722
f 2310/2310/2310  1723/1723/1723  1726/1726/1726
f 1761/1761/1761  1722/1722/1722  1738/1738/1738
f 2313/2313/2313  1739/1739/1739  1724/1724/1724
f 2313/2313/2313  1724/1724/1724  2311/2311/2311
f 2326/2326/2326  1726/1726/1726  1728/1728/1728
f 2326/2326/2326  2310/2310/2310  1726/1726/1726
f 2324/2324/2324  1728/1728/1728  1730/1730/1730
f 2326/2326/2326  1728/1728/1728  2324/2324/2324
f 2322/2322/2322  1730/1730/1730  1732/1732/1732
f 2324/2324/2324  1730/1730/1730  2322/2322/2322
f 2320/2320/2320  1733/1733/1733  1735/1735/1735
f 2322/2322/2322  1732/1732/1732  2319/2319/2319
f 1761/1761/1761  1736/1736/1736  1734/1734/1734
f 2317/2317/2317  1735/1735/1735  1737/1737/1737
f 2320/2320/2320  1735/1735/1735  2317/2317/2317
f 1761/1761/1761  1738/1738/1738  1736/1736/1736
f 2315/2315/2315  1737/1737/1737  1739/1739/1739
f 2317/2317/2317  1737/1737/1737  2315/2315/2315
f 2315/2315/2315  1739/1739/1739  2313/2313/2313
f 2328/2328/2328  1741/1741/1741  1744/1744/1744
f 1758/1758/1758  1740/1740/1740  1756/1756/1756
f 2331/2331/2331  1757/1757/1757  1742/1742/1742
f 2331/2331/2331  1742/1742/1742  2329/2329/2329
f 2344/2344/2344  1744/1744/1744  1746/1746/1746
f 2344/2344/2344  2328/2328/2328  1744/1744/1744
f 2342/2342/2342  1746/1746/1746  1748/1748/1748
f 2344/2344/2344  1746/1746/1746  2342/2342/2342
f 2340/2340/2340  1748/1748/1748  1750/1750/1750
f 2342/2342/2342  1748/1748/1748  2340/2340/2340
f 2338/2338/2338  1751/1751/1751  1753/1753/1753
f 2340/2340/2340  1750/1750/1750  2337/2337/2337
f 1758/1758/1758  1754/1754/1754  1752/1752/1752
f 2335/2335/2335  1753/1753/1753  1755/1755/1755
f 1761/1761/1761  1758/1758/1758  1752/1752/1752
f 2338/2338/2338  1753/1753/1753  2335/2335/2335
f 1758/1758/1758  1756/1756/1756  1754/1754/1754
f 2333/2333/2333  1755/1755/1755  1757/1757/1757
f 2335/2335/2335  1755/1755/1755  2333/2333/2333
f 2333/2333/2333  1757/1757/1757  2331/2331/2331
f 1765/1765/1765  1759/1759/1759  1762/1762/1762
f 1796/1796/1796  1772/1772/1772  1769/1769/1769
f 1806/1806/1806  1770/1770/1770  1773/1773/1773
f 1801/1801/1801  1796/1796/1796  1769/1769/1769
f 1875/1875/1875  1802/1802/1802  1771/1771/1771
f 1806/1806/1806  1803/1803/1803  1770/1770/1770
f 1875/1875/1875  1771/1771/1771  1805/1805/1805
f 1791/1791/1791  1774/1774/1774  1772/1772/1772
f 1808/1808/1808  1773/1773/1773  1775/1775/1775
f 1796/1796/1796  1791/1791/1791  1772/1772/1772
f 1808/1808/1808  1806/1806/1806  1773/1773/1773
f 1787/1787/1787  1776/1776/1776  1774/1774/1774
f 1810/1810/1810  1775/1775/1775  1777/1777/1777
f 1789/1789/1789  1787/1787/1787  1774/1774/1774
f 1791/1791/1791  1789/1789/1789  1774/1774/1774
f 1810/1810/1810  1808/1808/1808  1775/1775/1775
f 1781/1781/1781  1778/1778/1778  1776/1776/1776
f 1812/1812/1812  1777/1777/1777  1779/1779/1779
f 1785/1785/1785  1781/1781/1781  1776/1776/1776
f 1787/1787/1787  1785/1785/1785  1776/1776/1776
f 1812/1812/1812  1810/1810/1810  1777/1777/1777
f 2021/2021/2021  1780/1780/1780  1783/1783/1783
f 1815/1815/1815  1812/1812/1812  1779/1779/1779
f 1859/1859/1859  1815/1815/1815  1779/1779/1779
f 2021/2021/2021  1860/1860/1860  1780/1780/1780
f 1982/1982/1982  1782/1782/1782  1786/1786/1786
f 2693/2693/2693  1784/1784/1784  1984/1984/1984
f 2750/2750/2750  2022/2022/2022  1784/1784/1784
f 2748/2748/2748  1784/1784/1784  2693/2693/2693
f 2750/2750/2750  1784/1784/1784  2748/2748/2748
f 1980/1980/1980  1786/1786/1786  1788/1788/1788
f 1982/1982/1982  1786/1786/1786  1980/1980/1980
f 1978/1978/1978  1788/1788/1788  1790/1790/1790
f 1980/1980/1980  1788/1788/1788  1978/1978/1978
f 1992/1992/1992  1790/1790/1790  1792/1792/1792
f 1987/1987/1987  1978/1978/1978  1790/1790/1790
f 1990/1990/1990  1987/1987/1987  1790/1790/1790
f 1992/1992/1992  1990/1990/1990  1790/1790/1790
f 1845/1845/1845  1795/1795/1795  1797/1797/1797
f 1847/1847/1847  1793/1793/1793  1844/1844/1844
f 2101/2101/2101  1793/1793/1793  1847/1847/1847
f 1996/1996/1996  1792/1792/1792  1976/1976/1976
f 2005/2005/2005  1976/1976/1976  1792/1792/1792
f 1994/1994/1994  1992/1992/1992  1792/1792/1792
f 1996/1996/1996  1994/1994/1994  1792/1792/1792
f 2154/2154/2154  2006/2006/2006  1794/1794/1794
f 2156/2156/2156  1794/1794/1794  2102/2102/2102
f 2156/2156/2156  2154/2154/2154  1794/1794/1794
f 1801/1801/1801  1798/1798/1798  1796/1796/1796
f 1839/1839/1839  1797/1797/1797  1799/1799/1799
f 1842/1842/1842  1797/1797/1797  1839/1839/1839
f 1845/1845/1845  1797/1797/1797  1842/1842/1842
f 1863/1863/1863  1800/1800/1800  1802/1802/1802
f 2163/2163/2163  1839/1839/1839  1799/1799/1799
f 1892/1892/1892  1800/1800/1800  1863/1863/1863
f 2169/2169/2169  1800/1800/1800  1892/1892/1892
f 2171/2171/2171  2164/2164/2164  1800/1800/1800
f 2171/2171/2171  1800/1800/1800  2169/2169/2169
f 1875/1875/1875  1863/1863/1863  1802/1802/1802
f 1864/1864/1864  1804/1804/1804  1807/1807/1807
f 1864/1864/1864  1861/1861/1861  1804/1804/1804
f 1874/1874/1874  1804/1804/1804  1861/1861/1861
f 1866/1866/1866  1807/1807/1807  1809/1809/1809
f 1866/1866/1866  1864/1864/1864  1807/1807/1807
f 1868/1868/1868  1809/1809/1809  1811/1811/1811
f 1868/1868/1868  1866/1866/1866  1809/1809/1809
f 1868/1868/1868  1811/1811/1811  1813/1813/1813
f 1872/1872/1872  1814/1814/1814  1816/1816/1816
f 1870/1870/1870  1868/1868/1868  1813/1813/1813
f 1857/1857/1857  1817/1817/1817  1815/1815/1815
f 2029/2029/2029  1816/1816/1816  1818/1818/1818
f 1859/1859/1859  1857/1857/1857  1815/1815/1815
f 2027/2027/2027  1872/1872/1872  1816/1816/1816
f 2029/2029/2029  2027/2027/2027  1816/1816/1816
f 1855/1855/1855  1819/1819/1819  1817/1817/1817
f 2029/2029/2029  1818/1818/1818  1820/1820/1820
f 1857/1857/1857  1855/1855/1855  1817/1817/1817
f 1853/1853/1853  1821/1821/1821  1819/1819/1819
f 2031/2031/2031  1820/1820/1820  1822/1822/1822
f 1855/1855/1855  1853/1853/1853  1819/1819/1819
f 2031/2031/2031  2029/2029/2029  1820/1820/1820
f 1853/1853/1853  1823/1823/1823  1821/1821/1821
f 2033/2033/2033  1822/1822/1822  1824/1824/1824
f 2033/2033/2033  2031/2031/2031  1822/1822/1822
f 1851/1851/1851  1825/1825/1825  1823/1823/1823
f 2035/2035/2035  1824/1824/1824  1826/1826/1826
f 1853/1853/1853  1851/1851/1851  1823/1823/1823
f 2035/2035/2035  2033/2033/2033  1824/1824/1824
f 1848/1848/1848  1828/1828/1828  1825/1825/1825
f 2025/2025/2025  1827/1827/1827  1829/1829/1829
f 1851/1851/1851  1848/1848/1848  1825/1825/1825
f 2035/2035/2035  1826/1826/1826  2023/2023/2023
f 1846/1846/1846  1830/1830/1830  1828/1828/1828
f 2103/2103/2103  1829/1829/1829  1831/1831/1831
f 1848/1848/1848  1846/1846/1846  1828/1828/1828
f 2103/2103/2103  2025/2025/2025  1829/1829/1829
f 1843/1843/1843  1833/1833/1833  1830/1830/1830
f 2107/2107/2107  1832/1832/1832  1834/1834/1834
f 1846/1846/1846  1843/1843/1843  1830/1830/1830
f 2105/2105/2105  2103/2103/2103  1831/1831/1831
f 1841/1841/1841  1835/1835/1835  1833/1833/1833
f 2165/2165/2165  1834/1834/1834  1836/1836/1836
f 1843/1843/1843  1841/1841/1841  1833/1833/1833
f 2165/2165/2165  2107/2107/2107  1834/1834/1834
f 1841/1841/1841  1838/1838/1838  1835/1835/1835
f 2164/2164/2164  1837/1837/1837  1840/1840/1840
f 2171/2171/2171  1837/1837/1837  2164/2164/2164
f 2170/2170/2170  2165/2165/2165  1836/1836/1836
f 2101/2101/2101  1847/1847/1847  1850/1850/1850
f 2009/2009/2009  1849/1849/1849  1852/1852/1852
f 2101/2101/2101  1850/1850/1850  2010/2010/2010
f 2015/2015/2015  1852/1852/1852  1854/1854/1854
f 2013/2013/2013  2009/2009/2009  1852/1852/1852
f 2015/2015/2015  2013/2013/2013  1852/1852/1852
f 2015/2015/2015  1854/1854/1854  1856/1856/1856
f 2017/2017/2017  1856/1856/1856  1858/1858/1858
f 2017/2017/2017  2015/2015/2015  1856/1856/1856
f 2019/2019/2019  1858/1858/1858  1860/1860/1860
f 2019/2019/2019  2017/2017/2017  1858/1858/1858
f 2021/2021/2021  2019/2019/2019  1860/1860/1860
f 1905/1905/1905  1877/1877/1877  1880/1880/1880
f 2214/2214/2214  1890/1890/1890  1878/1878/1878
f 1967/1967/1967  1878/1878/1878  1906/1906/1906
f 2214/2214/2214  1878/1878/1878  1967/1967/1967
f 1896/1896/1896  1880/1880/1880  1882/1882/1882
f 1896/1896/1896  1893/1893/1893  1880/1880/1880
f 1905/1905/1905  1880/1880/1880  1893/1893/1893
f 1898/1898/1898  1882/1882/1882  1884/1884/1884
f 1898/1898/1898  1896/1896/1896  1882/1882/1882
f 1900/1900/1900  1884/1884/1884  1886/1886/1886
f 1900/1900/1900  1898/1898/1898  1884/1884/1884
f 1902/1902/1902  1900/1900/1900  1886/1886/1886
f 2050/2050/2050  1904/1904/1904  1888/1888/1888
f 2081/2081/2081  1887/1887/1887  2028/2028/2028
f 2079/2079/2079  2049/2049/2049  1887/1887/1887
f 2081/2081/2081  2079/2079/2079  1887/1887/1887
f 1907/1907/1907  1894/1894/1894  1897/1897/1897
f 1986/1986/1986  1906/1906/1906  1895/1895/1895
f 1986/1986/1986  1895/1895/1895  1909/1909/1909
f 1910/1910/1910  1897/1897/1897  1899/1899/1899
f 1910/1910/1910  1907/1907/1907  1897/1897/1897
f 1912/1912/1912  1899/1899/1899  1901/1901/1901
f 1912/1912/1912  1910/1910/1910  1899/1899/1899
f 1914/1914/1914  1901/1901/1901  1903/1903/1903
f 1914/1914/1914  1912/1912/1912  1901/1901/1901
f 1916/1916/1916  1914/1914/1914  1903/1903/1903
f 1963/1963/1963  1916/1916/1916  1903/1903/1903
f 2050/2050/2050  1964/1964/1964  1904/1904/1904
f 1986/1986/1986  1967/1967/1967  1906/1906/1906
f 1968/1968/1968  1908/1908/1908  1911/1911/1911
f 1968/1968/1968  1965/1965/1965  1908/1908/1908
f 1985/1985/1985  1908/1908/1908  1965/1965/1965
f 1970/1970/1970  1911/1911/1911  1913/1913/1913
f 1970/1970/1970  1968/1968/1968  1911/1911/1911
f 1975/1975/1975  1913/1913/1913  1915/1915/1915
f 1975/1975/1975  1970/1970/1970  1913/1913/1913
f 1979/1979/1979  1915/1915/1915  1917/1917/1917
f 1977/1977/1977  1975/1975/1975  1915/1915/1915
f 1979/1979/1979  1977/1977/1977  1915/1915/1915
f 1963/1963/1963  1919/1919/1919  1916/1916/1916
f 1983/1983/1983  1918/1918/1918  1920/1920/1920
f 1981/1981/1981  1979/1979/1979  1917/1917/1917
f 1961/1961/1961  1921/1921/1921  1919/1919/1919
f 2093/2093/2093  1920/1920/1920  1922/1922/1922
f 1963/1963/1963  1961/1961/1961  1919/1919/1919
f 2091/2091/2091  1983/1983/1983  1920/1920/1920
f 2093/2093/2093  2091/2091/2091  1920/1920/1920
f 1961/1961/1961  1923/1923/1923  1921/1921/1921
f 2093/2093/2093  1922/1922/1922  1924/1924/1924
f 1959/1959/1959  1925/1925/1925  1923/1923/1923
f 2095/2095/2095  1924/1924/1924  1926/1926/1926
f 1961/1961/1961  1959/1959/1959  1923/1923/1923
f 2095/2095/2095  2093/2093/2093  1924/1924/1924
f 1955/1955/1955  1927/1927/1927  1925/1925/1925
f 2097/2097/2097  1926/1926/1926  1928/1928/1928
f 1957/1957/1957  1955/1955/1955  1925/1925/1925
f 1959/1959/1959  1957/1957/1957  1925/1925/1925
f 2097/2097/2097  2095/2095/2095  1926/1926/1926
f 1952/1952/1952  1929/1929/1929  1927/1927/1927
f 2099/2099/2099  1928/1928/1928  1930/1930/1930
f 1955/1955/1955  1952/1952/1952  1927/1927/1927
f 2099/2099/2099  2097/2097/2097  1928/1928/1928
f 1950/1950/1950  1932/1932/1932  1929/1929/1929
f 2088/2088/2088  1931/1931/1931  1933/1933/1933
f 1952/1952/1952  1950/1950/1950  1929/1929/1929
f 2099/2099/2099  1930/1930/1930  2087/2087/2087
f 1947/1947/1947  1934/1934/1934  1932/1932/1932
f 2137/2137/2137  1933/1933/1933  1935/1935/1935
f 1950/1950/1950  1947/1947/1947  1932/1932/1932
f 2137/2137/2137  2088/2088/2088  1933/1933/1933
f 1945/1945/1945  1937/1937/1937  1934/1934/1934
f 1974/1974/1974  1936/1936/1936  1938/1938/1938
f 1947/1947/1947  1945/1945/1945  1934/1934/1934
f 2137/2137/2137  1935/1935/1935  1972/1972/1972
f 1942/1942/1942  1939/1939/1939  1937/1937/1937
f 1969/1969/1969  1938/1938/1938  1940/1940/1940
f 1945/1945/1945  1942/1942/1942  1937/1937/1937
f 1974/1974/1974  1938/1938/1938  1969/1969/1969
f 2216/2216/2216  1941/1941/1941  1944/1944/1944
f 2217/2217/2217  1969/1969/1969  1940/1940/1940
f 2218/2218/2218  1941/1941/1941  2216/2216/2216
f 2209/2209/2209  1943/1943/1943  1946/1946/1946
f 2211/2211/2211  1943/1943/1943  2209/2209/2209
f 2215/2215/2215  1943/1943/1943  2211/2211/2211
f 2209/2209/2209  1946/1946/1946  1949/1949/1949
f 2117/2117/2117  1948/1948/1948  1951/1951/1951
f 2209/2209/2209  1949/1949/1949  2119/2119/2119
f 2115/2115/2115  1951/1951/1951  1954/1954/1954
f 2117/2117/2117  1951/1951/1951  2115/2115/2115
f 2060/2060/2060  1953/1953/1953  1956/1956/1956
f 2115/2115/2115  1954/1954/1954  2062/2062/2062
f 2056/2056/2056  1956/1956/1956  1958/1958/1958
f 2058/2058/2058  1956/1956/1956  2056/2056/2056
f 2060/2060/2060  1956/1956/1956  2058/2058/2058
f 2056/2056/2056  1958/1958/1958  1960/1960/1960
f 2054/2054/2054  1960/1960/1960  1962/1962/1962
f 2056/2056/2056  1960/1960/1960  2054/2054/2054
f 2052/2052/2052  1962/1962/1962  1964/1964/1964
f 2054/2054/2054  1962/1962/1962  2052/2052/2052
f 2052/2052/2052  1964/1964/1964  2050/2050/2050
f 2217/2217/2217  1966/1966/1966  1969/1969/1969
f 2214/2214/2214  1967/1967/1967  2212/2212/2212
f 2218/2218/2218  2212/2212/2212  1967/1967/1967
f 2005/2005/2005  1971/1971/1971  1976/1976/1976
f 2149/2149/2149  1973/1973/1973  2006/2006/2006
f 2144/2144/2144  2138/2138/2138  1973/1973/1973
f 2147/2147/2147  2144/2144/2144  1973/1973/1973
f 2149/2149/2149  2147/2147/2147  1973/1973/1973
f 2003/2003/2003  1976/1976/1976  1978/1978/1978
f 1999/1999/1999  1996/1996/1996  1976/1976/1976
f 2001/2001/2001  1999/1999/1999  1976/1976/1976
f 2003/2003/2003  2001/2001/2001  1976/1976/1976
f 2003/2003/2003  1978/1978/1978  1987/1987/1987
f 2691/2691/2691  1984/1984/1984  2092/2092/2092
f 2693/2693/2693  1984/1984/1984  2691/2691/2691
f 2346/2346/2346  1988/1988/1988  1991/1991/1991
f 2349/2349/2349  2004/2004/2004  1989/1989/1989
f 2349/2349/2349  1989/1989/1989  2347/2347/2347
f 2362/2362/2362  1991/1991/1991  1993/1993/1993
f 2362/2362/2362  2346/2346/2346  1991/1991/1991
f 2360/2360/2360  1993/1993/1993  1995/1995/1995
f 2362/2362/2362  1993/1993/1993  2360/2360/2360
f 2358/2358/2358  1995/1995/1995  1997/1997/1997
f 2360/2360/2360  1995/1995/1995  2358/2358/2358
f 2356/2356/2356  1998/1998/1998  2000/2000/2000
f 2358/2358/2358  1997/1997/1997  2355/2355/2355
f 2353/2353/2353  2000/2000/2000  2002/2002/2002
f 2356/2356/2356  2000/2000/2000  2353/2353/2353
f 2351/2351/2351  2002/2002/2002  2004/2004/2004
f 2353/2353/2353  2002/2002/2002  2351/2351/2351
f 2351/2351/2351  2004/2004/2004  2349/2349/2349
f 2125/2125/2125  2008/2008/2008  2123/2123/2123
f 2155/2155/2155  2123/2123/2123  2008/2008/2008
f 2150/2150/2150  2008/2008/2008  2125/2125/2125
f 2760/2760/2760  2012/2012/2012  2014/2014/2014
f 2161/2161/2161  2102/2102/2102  2011/2011/2011
f 2161/2161/2161  2011/2011/2011  2151/2151/2151
f 2721/2721/2721  2153/2153/2153  2012/2012/2012
f 2760/2760/2760  2721/2721/2721  2012/2012/2012
f 2758/2758/2758  2014/2014/2014  2016/2016/2016
f 2760/2760/2760  2014/2014/2014  2758/2758/2758
f 2756/2756/2756  2016/2016/2016  2018/2018/2018
f 2758/2758/2758  2016/2016/2016  2756/2756/2756
f 2754/2754/2754  2018/2018/2018  2020/2020/2020
f 2756/2756/2756  2018/2018/2018  2754/2754/2754
f 2752/2752/2752  2020/2020/2020  2022/2022/2022
f 2754/2754/2754  2020/2020/2020  2752/2752/2752
f 2752/2752/2752  2022/2022/2022  2750/2750/2750
f 2044/2044/2044  2036/2036/2036  2024/2024/2024
f 2046/2046/2046  2044/2044/2044  2024/2024/2024
f 2104/2104/2104  2047/2047/2047  2026/2026/2026
f 2083/2083/2083  2028/2028/2028  2030/2030/2030
f 2083/2083/2083  2081/2081/2081  2028/2028/2028
f 2037/2037/2037  2030/2030/2030  2032/2032/2032
f 2085/2085/2085  2030/2030/2030  2037/2037/2037
f 2085/2085/2085  2083/2083/2083  2030/2030/2030
f 2040/2040/2040  2032/2032/2032  2034/2034/2034
f 2040/2040/2040  2037/2037/2037  2032/2032/2032
f 2042/2042/2042  2034/2034/2034  2036/2036/2036
f 2042/2042/2042  2040/2040/2040  2034/2034/2034
f 2044/2044/2044  2042/2042/2042  2036/2036/2036
f 2228/2228/2228  2038/2038/2038  2041/2041/2041
f 2289/2289/2289  2086/2086/2086  2039/2039/2039
f 2289/2289/2289  2039/2039/2039  2229/2229/2229
f 2231/2231/2231  2041/2041/2041  2043/2043/2043
f 2231/2231/2231  2228/2228/2228  2041/2041/2041
f 2233/2233/2233  2043/2043/2043  2045/2045/2045
f 2233/2233/2233  2231/2231/2231  2043/2043/2043
f 2152/2152/2152  2045/2045/2045  2048/2048/2048
f 2235/2235/2235  2045/2045/2045  2152/2152/2152
f 2235/2235/2235  2233/2233/2233  2045/2045/2045
f 2128/2128/2128  2047/2047/2047  2104/2104/2104
f 2162/2162/2162  2048/2048/2048  2129/2129/2129
f 2162/2162/2162  2152/2152/2152  2048/2048/2048
f 2075/2075/2075  2051/2051/2051  2049/2049/2049
f 2077/2077/2077  2075/2075/2075  2049/2049/2049
f 2079/2079/2079  2077/2077/2077  2049/2049/2049
f 2072/2072/2072  2053/2053/2053  2051/2051/2051
f 2075/2075/2075  2072/2072/2072  2051/2051/2051
f 2070/2070/2070  2055/2055/2055  2053/2053/2053
f 2072/2072/2072  2070/2070/2070  2053/2053/2053
f 2068/2068/2068  2057/2057/2057  2055/2055/2055
f 2070/2070/2070  2068/2068/2068  2055/2055/2055
f 2063/2063/2063  2059/2059/2059  2057/2057/2057
f 2066/2066/2066  2063/2063/2063  2057/2057/2057
f 2068/2068/2068  2066/2066/2066  2057/2057/2057
f 2112/2112/2112  2061/2061/2061  2064/2064/2064
f 2114/2114/2114  2061/2061/2061  2112/2112/2112
f 2140/2140/2140  2065/2065/2065  2067/2067/2067
f 2143/2143/2143  2113/2113/2113  2065/2065/2065
f 2143/2143/2143  2065/2065/2065  2140/2140/2140
f 2246/2246/2246  2067/2067/2067  2069/2069/2069
f 2246/2246/2246  2140/2140/2140  2067/2067/2067
f 2250/2250/2250  2069/2069/2069  2071/2071/2071
f 2248/2248/2248  2246/2246/2246  2069/2069/2069
f 2250/2250/2250  2248/2248/2248  2069/2069/2069
f 2252/2252/2252  2071/2071/2071  2073/2073/2073
f 2252/2252/2252  2250/2250/2250  2071/2071/2071
f 2253/2253/2253  2074/2074/2074  2076/2076/2076
f 2275/2275/2275  2076/2076/2076  2078/2078/2078
f 2273/2273/2273  2253/2253/2253  2076/2076/2076
f 2275/2275/2275  2273/2273/2273  2076/2076/2076
f 2277/2277/2277  2078/2078/2078  2080/2080/2080
f 2277/2277/2277  2275/2275/2275  2078/2078/2078
f 2281/2281/2281  2080/2080/2080  2082/2082/2082
f 2279/2279/2279  2277/2277/2277  2080/2080/2080
f 2281/2281/2281  2279/2279/2279  2080/2080/2080
f 2283/2283/2283  2082/2082/2082  2084/2084/2084
f 2283/2283/2283  2281/2281/2281  2082/2082/2082
f 2287/2287/2287  2084/2084/2084  2086/2086/2086
f 2285/2285/2285  2283/2283/2283  2084/2084/2084
f 2287/2287/2287  2285/2285/2285  2084/2084/2084
f 2289/2289/2289  2287/2287/2287  2086/2086/2086
f 2681/2681/2681  2100/2100/2100  2090/2090/2090
f 2139/2139/2139  2089/2089/2089  2138/2138/2138
f 3061/3061/3061  2090/2090/2090  2141/2141/2141
f 2681/2681/2681  2090/2090/2090  2679/2679/2679
f 2926/2926/2926  2679/2679/2679  2090/2090/2090
f 3061/3061/3061  2926/2926/2926  2090/2090/2090
f 2689/2689/2689  2092/2092/2092  2094/2094/2094
f 2691/2691/2691  2092/2092/2092  2689/2689/2689
f 2687/2687/2687  2094/2094/2094  2096/2096/2096
f 2689/2689/2689  2094/2094/2094  2687/2687/2687
f 2685/2685/2685  2096/2096/2096  2098/2098/2098
f 2687/2687/2687  2096/2096/2096  2685/2685/2685
f 2683/2683/2683  2098/2098/2098  2100/2100/2100
f 2685/2685/2685  2098/2098/2098  2683/2683/2683
f 2683/2683/2683  2100/2100/2100  2681/2681/2681
f 2158/2158/2158  2156/2156/2156  2102/2102/2102
f 2161/2161/2161  2158/2158/2158  2102/2102/2102
f 2130/2130/2130  2104/2104/2104  2106/2106/2106
f 2130/2130/2130  2128/2128/2128  2104/2104/2104
f 2135/2135/2135  2106/2106/2106  2120/2120/2120
f 2166/2166/2166  2122/2122/2122  2108/2108/2108
f 2133/2133/2133  2130/2130/2130  2106/2106/2106
f 2135/2135/2135  2133/2133/2133  2106/2106/2106
f 2114/2114/2114  2112/2112/2112  2109/2109/2109
f 2145/2145/2145  2110/2110/2110  2113/2113/2113
f 2126/2126/2126  2114/2114/2114  2109/2109/2109
f 2148/2148/2148  2127/2127/2127  2111/2111/2111
f 2148/2148/2148  2111/2111/2111  2146/2146/2146
f 2145/2145/2145  2113/2113/2113  2143/2143/2143
f 2126/2126/2126  2116/2116/2116  2114/2114/2114
f 2124/2124/2124  2120/2120/2120  2116/2116/2116
f 2172/2172/2172  2118/2118/2118  2122/2122/2122
f 2126/2126/2126  2124/2124/2124  2116/2116/2116
f 2188/2188/2188  2118/2118/2118  2172/2172/2172
f 2186/2186/2186  2184/2184/2184  2118/2118/2118
f 2208/2208/2208  2118/2118/2118  2184/2184/2184
f 2188/2188/2188  2186/2186/2186  2118/2118/2118
f 2155/2155/2155  2136/2136/2136  2123/2123/2123
f 2175/2175/2175  2122/2122/2122  2166/2166/2166
f 2175/2175/2175  2172/2172/2172  2122/2122/2122
f 2150/2150/2150  2125/2125/2125  2127/2127/2127
f 2150/2150/2150  2127/2127/2127  2148/2148/2148
f 2159/2159/2159  2129/2129/2129  2131/2131/2131
f 2162/2162/2162  2129/2129/2129  2159/2159/2159
f 2160/2160/2160  2132/2132/2132  2134/2134/2134
f 2157/2157/2157  2134/2134/2134  2136/2136/2136
f 2160/2160/2160  2134/2134/2134  2157/2157/2157
f 2157/2157/2157  2136/2136/2136  2155/2155/2155
f 2142/2142/2142  2139/2139/2139  2138/2138/2138
f 2144/2144/2144  2142/2142/2142  2138/2138/2138
f 3063/3063/3063  2141/2141/2141  2247/2247/2247
f 3063/3063/3063  3061/3061/3061  2141/2141/2141
f 3069/3069/3069  2236/2236/2236  2153/2153/2153
f 3075/3075/3075  2153/2153/2153  2721/2721/2721
f 3071/3071/3071  3069/3069/3069  2153/2153/2153
f 3073/3073/3073  3071/3071/3071  2153/2153/2153
f 3075/3075/3075  3073/3073/3073  2153/2153/2153
f 2170/2170/2170  2167/2167/2167  2165/2165/2165
f 2193/2193/2193  2166/2166/2166  2168/2168/2168
f 2177/2177/2177  2175/2175/2175  2166/2166/2166
f 2179/2179/2179  2177/2177/2177  2166/2166/2166
f 2181/2181/2181  2179/2179/2179  2166/2166/2166
f 2184/2184/2184  2181/2181/2181  2166/2166/2166
f 2208/2208/2208  2184/2184/2184  2166/2166/2166
f 2208/2208/2208  2166/2166/2166  2193/2193/2193
f 2195/2195/2195  2193/2193/2193  2168/2168/2168
f 2197/2197/2197  2195/2195/2195  2168/2168/2168
f 2199/2199/2199  2197/2197/2197  2168/2168/2168
f 2210/2210/2210  2199/2199/2199  2168/2168/2168
f 2213/2213/2213  2210/2210/2210  2168/2168/2168
f 2364/2364/2364  2173/2173/2173  2176/2176/2176
f 2367/2367/2367  2189/2189/2189  2174/2174/2174
f 2367/2367/2367  2174/2174/2174  2365/2365/2365
f 2380/2380/2380  2176/2176/2176  2178/2178/2178
f 2380/2380/2380  2364/2364/2364  2176/2176/2176
f 2378/2378/2378  2178/2178/2178  2180/2180/2180
f 2380/2380/2380  2178/2178/2178  2378/2378/2378
f 2376/2376/2376  2180/2180/2180  2182/2182/2182
f 2378/2378/2378  2180/2180/2180  2376/2376/2376
f 2374/2374/2374  2183/2183/2183  2185/2185/2185
f 2376/2376/2376  2182/2182/2182  2373/2373/2373
f 2371/2371/2371  2185/2185/2185  2187/2187/2187
f 2374/2374/2374  2185/2185/2185  2371/2371/2371
f 2369/2369/2369  2187/2187/2187  2189/2189/2189
f 2371/2371/2371  2187/2187/2187  2369/2369/2369
f 2369/2369/2369  2189/2189/2189  2367/2367/2367
f 2208/2208/2208  2193/2193/2193  2190/2190/2190
f 2382/2382/2382  2191/2191/2191  2194/2194/2194
f 2208/2208/2208  2190/2190/2190  2206/2206/2206
f 2385/2385/2385  2207/2207/2207  2192/2192/2192
f 2385/2385/2385  2192/2192/2192  2383/2383/2383
f 2398/2398/2398  2194/2194/2194  2196/2196/2196
f 2398/2398/2398  2382/2382/2382  2194/2194/2194
f 2396/2396/2396  2196/2196/2196  2198/2198/2198
f 2398/2398/2398  2196/2196/2196  2396/2396/2396
f 2394/2394/2394  2198/2198/2198  2200/2200/2200
f 2396/2396/2396  2198/2198/2198  2394/2394/2394
f 2210/2210/2210  2202/2202/2202  2199/2199/2199
f 2392/2392/2392  2201/2201/2201  2203/2203/2203
f 2394/2394/2394  2200/2200/2200  2391/2391/2391
f 2208/2208/2208  2204/2204/2204  2202/2202/2202
f 2389/2389/2389  2203/2203/2203  2205/2205/2205
f 2210/2210/2210  2208/2208/2208  2202/2202/2202
f 2392/2392/2392  2203/2203/2203  2389/2389/2389
f 2208/2208/2208  2206/2206/2206  2204/2204/2204
f 2387/2387/2387  2205/2205/2205  2207/2207/2207
f 2389/2389/2389  2205/2205/2205  2387/2387/2387
f 2387/2387/2387  2207/2207/2207  2385/2385/2385
f 2218/2218/2218  2216/2216/2216  2212/2212/2212
f 2516/2516/2516  2227/2227/2227  2221/2221/2221
f 2518/2518/2518  2221/2221/2221  2256/2256/2256
f 2518/2518/2518  2516/2516/2516  2221/2221/2221
f 2553/2553/2553  2223/2223/2223  2225/2225/2225
f 2553/2553/2553  2551/2551/2551  2223/2223/2223
f 2514/2514/2514  2225/2225/2225  2227/2227/2227
f 2514/2514/2514  2511/2511/2511  2225/2225/2225
f 2553/2553/2553  2225/2225/2225  2511/2511/2511
f 2516/2516/2516  2514/2514/2514  2227/2227/2227
f 3080/3080/3080  2230/2230/2230  2232/2232/2232
f 3077/3077/3077  2290/2290/2290  2230/2230/2230
f 3080/3080/3080  3077/3077/3077  2230/2230/2230
f 3084/3084/3084  2232/2232/2232  2234/2234/2234
f 3082/3082/3082  3080/3080/3080  2232/2232/2232
f 3084/3084/3084  3082/3082/3082  2232/2232/2232
f 2249/2249/2249  2234/2234/2234  2236/2236/2236
f 2251/2251/2251  2234/2234/2234  2249/2249/2249
f 3084/3084/3084  2234/2234/2234  2251/2251/2251
f 2249/2249/2249  2236/2236/2236  2247/2247/2247
f 3069/3069/3069  2247/2247/2247  2236/2236/2236
f 2534/2534/2534  2239/2239/2239  2241/2241/2241
f 2531/2531/2531  2272/2272/2272  2239/2239/2239
f 2534/2534/2534  2531/2531/2531  2239/2239/2239
f 2536/2536/2536  2241/2241/2241  2243/2243/2243
f 2536/2536/2536  2534/2534/2534  2241/2241/2241
f 2538/2538/2538  2243/2243/2243  2245/2245/2245
f 2538/2538/2538  2536/2536/2536  2243/2243/2243
f 2541/2541/2541  2538/2538/2538  2245/2245/2245
f 2543/2543/2543  2541/2541/2541  2245/2245/2245
f 3065/3065/3065  3063/3063/3063  2247/2247/2247
f 3067/3067/3067  3065/3065/3065  2247/2247/2247
f 3069/3069/3069  3067/3067/3067  2247/2247/2247
f 3086/3086/3086  2251/2251/2251  2254/2254/2254
f 3086/3086/3086  3084/3084/3084  2251/2251/2251
f 3092/3092/3092  2254/2254/2254  2274/2274/2274
f 3088/3088/3088  3086/3086/3086  2254/2254/2254
f 3090/3090/3090  3088/3088/3088  2254/2254/2254
f 3092/3092/3092  3090/3090/3090  2254/2254/2254
f 2521/2521/2521  2256/2256/2256  2258/2258/2258
f 2521/2521/2521  2518/2518/2518  2256/2256/2256
f 2523/2523/2523  2258/2258/2258  2260/2260/2260
f 2523/2523/2523  2521/2521/2521  2258/2258/2258
f 2266/2266/2266  2260/2260/2260  2262/2262/2262
f 2268/2268/2268  2260/2260/2260  2266/2266/2266
f 2525/2525/2525  2260/2260/2260  2268/2268/2268
f 2525/2525/2525  2523/2523/2523  2260/2260/2260
f 2266/2266/2266  2262/2262/2262  2264/2264/2264
f 2525/2525/2525  2268/2268/2268  2270/2270/2270
f 2529/2529/2529  2270/2270/2270  2272/2272/2272
f 2527/2527/2527  2525/2525/2525  2270/2270/2270
f 2529/2529/2529  2527/2527/2527  2270/2270/2270
f 2531/2531/2531  2529/2529/2529  2272/2272/2272
f 3095/3095/3095  2274/2274/2274  2276/2276/2276
f 3095/3095/3095  3092/3092/3092  2274/2274/2274
f 2286/2286/2286  2276/2276/2276  2278/2278/2278
f 2288/2288/2288  2276/2276/2276  2286/2286/2286
f 3099/3099/3099  2276/2276/2276  2288/2288/2288
f 3097/3097/3097  3095/3095/3095  2276/2276/2276
f 3099/3099/3099  3097/3097/3097  2276/2276/2276
f 2286/2286/2286  2278/2278/2278  2280/2280/2280
f 2284/2284/2284  2280/2280/2280  2282/2282/2282
f 2286/2286/2286  2280/2280/2280  2284/2284/2284
f 3099/3099/3099  2288/2288/2288  2290/2290/2290
f 3101/3101/3101  2290/2290/2290  3077/3077/3077
f 3101/3101/3101  3099/3099/3099  2290/2290/2290
f 2298/2298/2298  2294/2294/2294  2291/2291/2291
f 2300/2300/2300  2298/2298/2298  2291/2291/2291
f 2307/2307/2307  2300/2300/2300  2291/2291/2291
f 2298/2298/2298  2296/2296/2296  2294/2294/2294
f 2307/2307/2307  2303/2303/2303  2300/2300/2300
f 2307/2307/2307  2305/2305/2305  2303/2303/2303
f 2316/2316/2316  2312/2312/2312  2309/2309/2309
f 2318/2318/2318  2316/2316/2316  2309/2309/2309
f 2325/2325/2325  2318/2318/2318  2309/2309/2309
f 2316/2316/2316  2314/2314/2314  2312/2312/2312
f 2325/2325/2325  2321/2321/2321  2318/2318/2318
f 2325/2325/2325  2323/2323/2323  2321/2321/2321
f 2334/2334/2334  2330/2330/2330  2327/2327/2327
f 2336/2336/2336  2334/2334/2334  2327/2327/2327
f 2343/2343/2343  2336/2336/2336  2327/2327/2327
f 2334/2334/2334  2332/2332/2332  2330/2330/2330
f 2343/2343/2343  2339/2339/2339  2336/2336/2336
f 2343/2343/2343  2341/2341/2341  2339/2339/2339
f 2352/2352/2352  2348/2348/2348  2345/2345/2345
f 2354/2354/2354  2352/2352/2352  2345/2345/2345
f 2361/2361/2361  2354/2354/2354  2345/2345/2345
f 2352/2352/2352  2350/2350/2350  2348/2348/2348
f 2361/2361/2361  2357/2357/2357  2354/2354/2354
f 2361/2361/2361  2359/2359/2359  2357/2357/2357
f 2370/2370/2370  2366/2366/2366  2363/2363/2363
f 2372/2372/2372  2370/2370/2370  2363/2363/2363
f 2379/2379/2379  2372/2372/2372  2363/2363/2363
f 2370/2370/2370  2368/2368/2368  2366/2366/2366
f 2379/2379/2379  2375/2375/2375  2372/2372/2372
f 2379/2379/2379  2377/2377/2377  2375/2375/2375
f 2388/2388/2388  2384/2384/2384  2381/2381/2381
f 2390/2390/2390  2388/2388/2388  2381/2381/2381
f 2397/2397/2397  2390/2390/2390  2381/2381/2381
f 2388/2388/2388  2386/2386/2386  2384/2384/2384
f 2397/2397/2397  2393/2393/2393  2390/2390/2390
f 2397/2397/2397  2395/2395/2395  2393/2393/2393
f 2450/2450/2450  2402/2402/2402  2399/2399/2399
f 2456/2456/2456  2400/2400/2400  2403/2403/2403
f 2452/2452/2452  2450/2450/2450  2399/2399/2399
f 2457/2457/2457  2454/2454/2454  2401/2401/2401
f 2448/2448/2448  2404/2404/2404  2402/2402/2402
f 2510/2510/2510  2403/2403/2403  2405/2405/2405
f 2450/2450/2450  2448/2448/2448  2402/2402/2402
f 2510/2510/2510  2456/2456/2456  2403/2403/2403
f 2410/2410/2410  2406/2406/2406  2404/2404/2404
f 2508/2508/2508  2405/2405/2405  2407/2407/2407
f 2448/2448/2448  2410/2410/2410  2404/2404/2404
f 2510/2510/2510  2405/2405/2405  2508/2508/2508
f 2410/2410/2410  2408/2408/2408  2406/2406/2406
f 2506/2506/2506  2407/2407/2407  2409/2409/2409
f 2508/2508/2508  2407/2407/2407  2506/2506/2506
f 2506/2506/2506  2409/2409/2409  2504/2504/2504
f 2448/2448/2448  2412/2412/2412  2410/2410/2410
f 2446/2446/2446  2414/2414/2414  2412/2412/2412
f 2448/2448/2448  2446/2446/2446  2412/2412/2412
f 2444/2444/2444  2416/2416/2416  2414/2414/2414
f 2446/2446/2446  2444/2444/2444  2414/2414/2414
f 2442/2442/2442  2418/2418/2418  2416/2416/2416
f 2444/2444/2444  2442/2442/2442  2416/2416/2416
f 2442/2442/2442  2420/2420/2420  2418/2418/2418
f 2440/2440/2440  2422/2422/2422  2420/2420/2420
f 2442/2442/2442  2440/2440/2440  2420/2420/2420
f 2426/2426/2426  2424/2424/2424  2422/2422/2422
f 2428/2428/2428  2426/2426/2426  2422/2422/2422
f 2440/2440/2440  2428/2428/2428  2422/2422/2422
f 2438/2438/2438  2430/2430/2430  2428/2428/2428
f 2440/2440/2440  2438/2438/2438  2428/2428/2428
f 2435/2435/2435  2432/2432/2432  2430/2430/2430
f 2482/2482/2482  2431/2431/2431  2433/2433/2433
f 2438/2438/2438  2435/2435/2435  2430/2430/2430
f 2559/2559/2559  2434/2434/2434  2436/2436/2436
f 2480/2480/2480  2434/2434/2434  2476/2476/2476
f 2555/2555/2555  2476/2476/2476  2434/2434/2434
f 2482/2482/2482  2433/2433/2433  2479/2479/2479
f 2559/2559/2559  2555/2555/2555  2434/2434/2434
f 2560/2560/2560  2437/2437/2437  2439/2439/2439
f 2586/2586/2586  2439/2439/2439  2441/2441/2441
f 2584/2584/2584  2560/2560/2560  2439/2439/2439
f 2586/2586/2586  2584/2584/2584  2439/2439/2439
f 2590/2590/2590  2441/2441/2441  2443/2443/2443
f 2588/2588/2588  2586/2586/2586  2441/2441/2441
f 2590/2590/2590  2588/2588/2588  2441/2441/2441
f 2594/2594/2594  2443/2443/2443  2445/2445/2445
f 2592/2592/2592  2590/2590/2590  2443/2443/2443
f 2594/2594/2594  2592/2592/2592  2443/2443/2443
f 2563/2563/2563  2445/2445/2445  2447/2447/2447
f 2596/2596/2596  2445/2445/2445  2563/2563/2563
f 2596/2596/2596  2594/2594/2594  2445/2445/2445
f 2568/2568/2568  2447/2447/2447  2449/2449/2449
f 2566/2566/2566  2563/2563/2563  2447/2447/2447
f 2568/2568/2568  2566/2566/2566  2447/2447/2447
f 2572/2572/2572  2449/2449/2449  2451/2451/2451
f 2570/2570/2570  2568/2568/2568  2449/2449/2449
f 2572/2572/2572  2570/2570/2570  2449/2449/2449
f 2576/2576/2576  2451/2451/2451  2453/2453/2453
f 2574/2574/2574  2572/2572/2572  2451/2451/2451
f 2576/2576/2576  2574/2574/2574  2451/2451/2451
f 2581/2581/2581  2454/2454/2454  2457/2457/2457
f 2578/2578/2578  2576/2576/2576  2453/2453/2453
f 2580/2580/2580  2578/2578/2578  2453/2453/2453
f 2509/2509/2509  2458/2458/2458  2455/2455/2455
f 2616/2616/2616  2457/2457/2457  2460/2460/2460
f 2616/2616/2616  2581/2581/2581  2457/2457/2457
f 2509/2509/2509  2461/2461/2461  2458/2458/2458
f 2615/2615/2615  2459/2459/2459  2462/2462/2462
f 2507/2507/2507  2463/2463/2463  2461/2461/2461
f 2621/2621/2621  2462/2462/2462  2464/2464/2464
f 2509/2509/2509  2507/2507/2507  2461/2461/2461
f 2619/2619/2619  2615/2615/2615  2462/2462/2462
f 2621/2621/2621  2619/2619/2619  2462/2462/2462
f 2499/2499/2499  2465/2465/2465  2463/2463/2463
f 2625/2625/2625  2464/2464/2464  2466/2466/2466
f 2501/2501/2501  2499/2499/2499  2463/2463/2463
f 2507/2507/2507  2501/2501/2501  2463/2463/2463
f 2623/2623/2623  2621/2621/2621  2464/2464/2464
f 2625/2625/2625  2623/2623/2623  2464/2464/2464
f 2495/2495/2495  2467/2467/2467  2465/2465/2465
f 2629/2629/2629  2466/2466/2466  2468/2468/2468
f 2497/2497/2497  2495/2495/2495  2465/2465/2465
f 2499/2499/2499  2497/2497/2497  2465/2465/2465
f 2627/2627/2627  2625/2625/2625  2466/2466/2466
f 2629/2629/2629  2627/2627/2627  2466/2466/2466
f 2493/2493/2493  2469/2469/2469  2467/2467/2467
f 2598/2598/2598  2468/2468/2468  2470/2470/2470
f 2495/2495/2495  2493/2493/2493  2467/2467/2467
f 2631/2631/2631  2468/2468/2468  2598/2598/2598
f 2631/2631/2631  2629/2629/2629  2468/2468/2468
f 2491/2491/2491  2471/2471/2471  2469/2469/2469
f 2603/2603/2603  2470/2470/2470  2472/2472/2472
f 2493/2493/2493  2491/2491/2491  2469/2469/2469
f 2601/2601/2601  2598/2598/2598  2470/2470/2470
f 2603/2603/2603  2601/2601/2601  2470/2470/2470
f 2481/2481/2481  2473/2473/2473  2471/2471/2471
f 2607/2607/2607  2472/2472/2472  2474/2474/2474
f 2483/2483/2483  2481/2481/2481  2471/2471/2471
f 2489/2489/2489  2483/2483/2483  2471/2471/2471
f 2491/2491/2491  2489/2489/2489  2471/2471/2471
f 2605/2605/2605  2603/2603/2603  2472/2472/2472
f 2607/2607/2607  2605/2605/2605  2472/2472/2472
f 2478/2478/2478  2475/2475/2475  2473/2473/2473
f 2611/2611/2611  2474/2474/2474  2477/2477/2477
f 2481/2481/2481  2478/2478/2478  2473/2473/2473
f 2609/2609/2609  2607/2607/2607  2474/2474/2474
f 2611/2611/2611  2609/2609/2609  2474/2474/2474
f 2613/2613/2613  2477/2477/2477  2556/2556/2556
f 2613/2613/2613  2611/2611/2611  2477/2477/2477
f 2489/2489/2489  2485/2485/2485  2483/2483/2483
f 2489/2489/2489  2487/2487/2487  2485/2485/2485
f 2505/2505/2505  2503/2503/2503  2501/2501/2501
f 2507/2507/2507  2505/2505/2505  2501/2501/2501
f 2649/2649/2649  2512/2512/2512  2515/2515/2515
f 2668/2668/2668  2554/2554/2554  2513/2513/2513
f 2668/2668/2668  2513/2513/2513  2650/2650/2650
f 2654/2654/2654  2515/2515/2515  2517/2517/2517
f 2652/2652/2652  2649/2649/2649  2515/2515/2515
f 2654/2654/2654  2652/2652/2652  2515/2515/2515
f 2643/2643/2643  2517/2517/2517  2520/2520/2520
f 2654/2654/2654  2517/2517/2517  2643/2643/2643
f 2642/2642/2642  2519/2519/2519  2522/2522/2522
f 2647/2647/2647  2522/2522/2522  2524/2524/2524
f 2645/2645/2645  2642/2642/2642  2522/2522/2522
f 2647/2647/2647  2645/2645/2645  2522/2522/2522
f 2633/2633/2633  2524/2524/2524  2526/2526/2526
f 2647/2647/2647  2524/2524/2524  2633/2633/2633
f 2633/2633/2633  2526/2526/2526  2528/2528/2528
f 2635/2635/2635  2528/2528/2528  2530/2530/2530
f 2635/2635/2635  2633/2633/2633  2528/2528/2528
f 2637/2637/2637  2530/2530/2530  2532/2532/2532
f 2637/2637/2637  2635/2635/2635  2530/2530/2530
f 2640/2640/2640  2533/2533/2533  2535/2535/2535
f 2639/2639/2639  2637/2637/2637  2532/2532/2532
f 2659/2659/2659  2535/2535/2535  2537/2537/2537
f 2659/2659/2659  2640/2640/2640  2535/2535/2535
f 2661/2661/2661  2537/2537/2537  2539/2539/2539
f 2661/2661/2661  2659/2659/2659  2537/2537/2537
f 2657/2657/2657  2540/2540/2540  2542/2542/2542
f 2661/2661/2661  2539/2539/2539  2656/2656/2656
f 2670/2670/2670  2542/2542/2542  2544/2544/2544
f 2670/2670/2670  2657/2657/2657  2542/2542/2542
f 2672/2672/2672  2544/2544/2544  2546/2546/2546
f 2672/2672/2672  2670/2670/2670  2544/2544/2544
f 2675/2675/2675  2547/2547/2547  2550/2550/2550
f 2674/2674/2674  2672/2672/2672  2546/2546/2546
f 2663/2663/2663  2549/2549/2549  2552/2552/2552
f 2675/2675/2675  2550/2550/2550  2664/2664/2664
f 2666/2666/2666  2552/2552/2552  2554/2554/2554
f 2666/2666/2666  2663/2663/2663  2552/2552/2552
f 2668/2668/2668  2666/2666/2666  2554/2554/2554
f 3273/3273/3273  2557/2557/2557  2562/2562/2562
f 3356/3356/3356  2614/2614/2614  2558/2558/2558
f 3281/3281/3281  2557/2557/2557  3273/3273/3273
f 3356/3356/3356  2558/2558/2558  3282/3282/3282
f 3268/3268/3268  2561/2561/2561  2585/2585/2585
f 3268/3268/3268  3236/3236/3236  2561/2561/2561
f 3272/3272/3272  2561/2561/2561  3236/3236/3236
f 3254/3254/3254  2565/2565/2565  2567/2567/2567
f 3256/3256/3256  2597/2597/2597  2564/2564/2564
f 3256/3256/3256  2564/2564/2564  3253/3253/3253
f 3251/3251/3251  2567/2567/2567  2569/2569/2569
f 3254/3254/3254  2567/2567/2567  3251/3251/3251
f 3249/3249/3249  2569/2569/2569  2571/2571/2571
f 3251/3251/3251  2569/2569/2569  3249/3249/3249
f 3247/3247/3247  2571/2571/2571  2573/2573/2573
f 3249/3249/3249  2571/2571/2571  3247/3247/3247
f 3245/3245/3245  2573/2573/2573  2575/2575/2575
f 3247/3247/3247  2573/2573/2573  3245/3245/3245
f 3243/3243/3243  2575/2575/2575  2577/2577/2577
f 3245/3245/3245  2575/2575/2575  3243/3243/3243
f 3241/3241/3241  2577/2577/2577  2579/2579/2579
f 3243/3243/3243  2577/2577/2577  3241/3241/3241
f 3239/3239/3239  2579/2579/2579  2583/2583/2583
f 3241/3241/3241  2579/2579/2579  3239/3239/3239
f 3277/3277/3277  2582/2582/2582  2617/2617/2617
f 3280/3280/3280  3239/3239/3239  2583/2583/2583
f 3279/3279/3279  2582/2582/2582  3277/3277/3277
f 3266/3266/3266  2585/2585/2585  2587/2587/2587
f 3268/3268/3268  2585/2585/2585  3266/3266/3266
f 3264/3264/3264  2587/2587/2587  2589/2589/2589
f 3266/3266/3266  2587/2587/2587  3264/3264/3264
f 3262/3262/3262  2589/2589/2589  2591/2591/2591
f 3264/3264/3264  2589/2589/2589  3262/3262/3262
f 3260/3260/3260  2591/2591/2591  2593/2593/2593
f 3262/3262/3262  2591/2591/2591  3260/3260/3260
f 3258/3258/3258  2593/2593/2593  2595/2595/2595
f 3260/3260/3260  2593/2593/2593  3258/3258/3258
f 3256/3256/3256  2595/2595/2595  2597/2597/2597
f 3258/3258/3258  2595/2595/2595  3256/3256/3256
f 3341/3341/3341  2599/2599/2599  2602/2602/2602
f 3362/3362/3362  2632/2632/2632  2600/2600/2600
f 3362/3362/3362  2600/2600/2600  3343/3343/3343
f 3344/3344/3344  2602/2602/2602  2604/2604/2604
f 3344/3344/3344  3341/3341/3341  2602/2602/2602
f 3346/3346/3346  2604/2604/2604  2606/2606/2606
f 3346/3346/3346  3344/3344/3344  2604/2604/2604
f 3348/3348/3348  2606/2606/2606  2608/2608/2608
f 3348/3348/3348  3346/3346/3346  2606/2606/2606
f 3350/3350/3350  2608/2608/2608  2610/2610/2610
f 3350/3350/3350  3348/3348/3348  2608/2608/2608
f 3352/3352/3352  2610/2610/2610  2612/2612/2612
f 3352/3352/3352  3350/3350/3350  2610/2610/2610
f 3354/3354/3354  2612/2612/2612  2614/2614/2614
f 3354/3354/3354  3352/3352/3352  2612/2612/2612
f 3356/3356/3356  3354/3354/3354  2614/2614/2614
f 3374/3374/3374  2618/2618/2618  2620/2620/2620
f 3360/3360/3360  3278/3278/3278  2618/2618/2618
f 3374/3374/3374  3360/3360/3360  2618/2618/2618
f 3372/3372/3372  2620/2620/2620  2622/2622/2622
f 3374/3374/3374  2620/2620/2620  3372/3372/3372
f 3370/3370/3370  2622/2622/2622  2624/2624/2624
f 3372/3372/3372  2622/2622/2622  3370/3370/3370
f 3368/3368/3368  2624/2624/2624  2626/2626/2626
f 3370/3370/3370  2624/2624/2624  3368/3368/3368
f 3366/3366/3366  2626/2626/2626  2628/2628/2628
f 3368/3368/3368  2626/2626/2626  3366/3366/3366
f 3364/3364/3364  2628/2628/2628  2630/2630/2630
f 3366/3366/3366  2628/2628/2628  3364/3364/3364
f 3362/3362/3362  2630/2630/2630  2632/2632/2632
f 3364/3364/3364  2630/2630/2630  3362/3362/3362
f 3328/3328/3328  2634/2634/2634  2636/2636/2636
f 3328/3328/3328  2648/2648/2648  2634/2634/2634
f 3333/3333/3333  2636/2636/2636  2638/2638/2638
f 3330/3330/3330  3328/3328/3328  2636/2636/2636
f 3333/3333/3333  3330/3330/3330  2636/2636/2636
f 3339/3339/3339  2638/2638/2638  2641/2641/2641
f 3335/3335/3335  3333/3333/3333  2638/2638/2638
f 3337/3337/3337  3335/3335/3335  2638/2638/2638
f 3339/3339/3339  3337/3337/3337  2638/2638/2638
f 3283/3283/3283  2641/2641/2641  2660/2660/2660
f 3339/3339/3339  2641/2641/2641  3283/3283/3283
f 3314/3314/3314  2644/2644/2644  2646/2646/2646
f 3312/3312/3312  2655/2655/2655  2644/2644/2644
f 3314/3314/3314  3312/3312/3312  2644/2644/2644
f 3319/3319/3319  2646/2646/2646  2648/2648/2648
f 3317/3317/3317  3314/3314/3314  2646/2646/2646
f 3319/3319/3319  3317/3317/3317  2646/2646/2646
f 3321/3321/3321  3319/3319/3319  2648/2648/2648
f 3323/3323/3323  3321/3321/3321  2648/2648/2648
f 3325/3325/3325  3323/3323/3323  2648/2648/2648
f 3328/3328/3328  3325/3325/3325  2648/2648/2648
f 2658/2658/2658  2651/2651/2651  2653/2653/2653
f 2671/2671/2671  2651/2651/2651  2658/2658/2658
f 2671/2671/2671  2669/2669/2669  2651/2651/2651
f 3306/3306/3306  2653/2653/2653  2655/2655/2655
f 2662/2662/2662  2658/2658/2658  2653/2653/2653
f 3299/3299/3299  2662/2662/2662  2653/2653/2653
f 3301/3301/3301  3299/3299/3299  2653/2653/2653
f 3303/3303/3303  3301/3301/3301  2653/2653/2653
f 3306/3306/3306  3303/3303/3303  2653/2653/2653
f 3308/3308/3308  3306/3306/3306  2655/2655/2655
f 3310/3310/3310  3308/3308/3308  2655/2655/2655
f 3312/3312/3312  3310/3310/3310  2655/2655/2655
f 3290/3290/3290  2660/2660/2660  2662/2662/2662
f 3286/3286/3286  3283/3283/3283  2660/2660/2660
f 3288/3288/3288  3286/3286/3286  2660/2660/2660
f 3290/3290/3290  3288/3288/3288  2660/2660/2660
f 3292/3292/3292  3290/3290/3290  2662/2662/2662
f 3294/3294/3294  3292/3292/3292  2662/2662/2662
f 3297/3297/3297  3294/3294/3294  2662/2662/2662
f 3299/3299/3299  3297/3297/3297  2662/2662/2662
f 2676/2676/2676  2665/2665/2665  2667/2667/2667
f 2671/2671/2671  2667/2667/2667  2669/2669/2669
f 2673/2673/2673  2667/2667/2667  2671/2671/2671
f 2676/2676/2676  2667/2667/2667  2673/2673/2673
f 2714/2714/2714  2680/2680/2680  2677/2677/2677
f 2716/2716/2716  2714/2714/2714  2677/2677/2677
f 2824/2824/2824  2718/2718/2718  2678/2678/2678
f 2925/2925/2925  2824/2824/2824  2678/2678/2678
f 2684/2684/2684  2682/2682/2682  2680/2680/2680
f 2712/2712/2712  2684/2684/2684  2680/2680/2680
f 2714/2714/2714  2712/2712/2712  2680/2680/2680
f 2710/2710/2710  2686/2686/2686  2684/2684/2684
f 2712/2712/2712  2710/2710/2710  2684/2684/2684
f 2708/2708/2708  2688/2688/2688  2686/2686/2686
f 2710/2710/2710  2708/2708/2708  2686/2686/2686
f 2706/2706/2706  2690/2690/2690  2688/2688/2688
f 2708/2708/2708  2706/2706/2706  2688/2688/2688
f 2704/2704/2704  2692/2692/2692  2690/2690/2690
f 2706/2706/2706  2704/2704/2704  2690/2690/2690
f 2704/2704/2704  2694/2694/2694  2692/2692/2692
f 3046/3046/3046  2693/2693/2693  2695/2695/2695
f 3046/3046/3046  2748/2748/2748  2693/2693/2693
f 2699/2699/2699  2696/2696/2696  2694/2694/2694
f 3055/3055/3055  2695/2695/2695  2698/2698/2698
f 2702/2702/2702  2699/2699/2699  2694/2694/2694
f 2704/2704/2704  2702/2702/2702  2694/2694/2694
f 3048/3048/3048  3046/3046/3046  2695/2695/2695
f 3050/3050/3050  3048/3048/3048  2695/2695/2695
f 3053/3053/3053  3050/3050/3050  2695/2695/2695
f 3055/3055/3055  3053/3053/3053  2695/2695/2695
f 2802/2802/2802  2697/2697/2697  2700/2700/2700
f 3059/3059/3059  2698/2698/2698  2803/2803/2803
f 3057/3057/3057  3055/3055/3055  2698/2698/2698
f 3059/3059/3059  3057/3057/3057  2698/2698/2698
f 2800/2800/2800  2701/2701/2701  2703/2703/2703
f 2802/2802/2802  2700/2700/2700  2799/2799/2799
f 2828/2828/2828  2703/2703/2703  2705/2705/2705
f 2826/2826/2826  2800/2800/2800  2703/2703/2703
f 2828/2828/2828  2826/2826/2826  2703/2703/2703
f 2736/2736/2736  2705/2705/2705  2707/2707/2707
f 2830/2830/2830  2705/2705/2705  2736/2736/2736
f 2830/2830/2830  2828/2828/2828  2705/2705/2705
f 2873/2873/2873  2707/2707/2707  2709/2709/2709
f 2869/2869/2869  2736/2736/2736  2707/2707/2707
f 2871/2871/2871  2869/2869/2869  2707/2707/2707
f 2873/2873/2873  2871/2871/2871  2707/2707/2707
f 2849/2849/2849  2709/2709/2709  2711/2711/2711
f 2873/2873/2873  2709/2709/2709  2849/2849/2849
f 2854/2854/2854  2711/2711/2711  2713/2713/2713
f 2852/2852/2852  2849/2849/2849  2711/2711/2711
f 2854/2854/2854  2852/2852/2852  2711/2711/2711
f 2843/2843/2843  2713/2713/2713  2715/2715/2715
f 2730/2730/2730  2713/2713/2713  2728/2728/2728
f 2843/2843/2843  2728/2728/2728  2713/2713/2713
f 2856/2856/2856  2713/2713/2713  2730/2730/2730
f 2856/2856/2856  2854/2854/2854  2713/2713/2713
f 2847/2847/2847  2715/2715/2715  2717/2717/2717
f 2845/2845/2845  2843/2843/2843  2715/2715/2715
f 2847/2847/2847  2845/2845/2845  2715/2715/2715
f 2847/2847/2847  2717/2717/2717  2823/2823/2823
f 2759/2759/2759  2722/2722/2722  2719/2719/2719
f 2894/2894/2894  2720/2720/2720  2724/2724/2724
f 3075/3075/3075  2721/2721/2721  2895/2895/2895
f 2759/2759/2759  2725/2725/2725  2722/2722/2722
f 2836/2836/2836  2723/2723/2723  2726/2726/2726
f 2894/2894/2894  2724/2724/2724  2837/2837/2837
f 2759/2759/2759  2727/2727/2727  2725/2725/2725
f 2841/2841/2841  2726/2726/2726  2728/2728/2728
f 2839/2839/2839  2836/2836/2836  2726/2726/2726
f 2841/2841/2841  2839/2839/2839  2726/2726/2726
f 2755/2755/2755  2729/2729/2729  2727/2727/2727
f 2757/2757/2757  2755/2755/2755  2727/2727/2727
f 2759/2759/2759  2757/2757/2757  2727/2727/2727
f 2843/2843/2843  2841/2841/2841  2728/2728/2728
f 2753/2753/2753  2731/2731/2731  2729/2729/2729
f 2860/2860/2860  2730/2730/2730  2732/2732/2732
f 2755/2755/2755  2753/2753/2753  2729/2729/2729
f 2858/2858/2858  2856/2856/2856  2730/2730/2730
f 2860/2860/2860  2858/2858/2858  2730/2730/2730
f 2751/2751/2751  2733/2733/2733  2731/2731/2731
f 2862/2862/2862  2732/2732/2732  2734/2734/2734
f 2753/2753/2753  2751/2751/2751  2731/2731/2731
f 2862/2862/2862  2860/2860/2860  2732/2732/2732
f 2749/2749/2749  2735/2735/2735  2733/2733/2733
f 2867/2867/2867  2734/2734/2734  2736/2736/2736
f 2751/2751/2751  2749/2749/2749  2733/2733/2733
f 2865/2865/2865  2862/2862/2862  2734/2734/2734
f 2867/2867/2867  2865/2865/2865  2734/2734/2734
f 2745/2745/2745  2737/2737/2737  2735/2735/2735
f 2830/2830/2830  2736/2736/2736  2738/2738/2738
f 2749/2749/2749  2745/2745/2745  2735/2735/2735
f 2869/2869/2869  2867/2867/2867  2736/2736/2736
f 2742/2742/2742  2739/2739/2739  2737/2737/2737
f 2834/2834/2834  2738/2738/2738  2741/2741/2741
f 2745/2745/2745  2742/2742/2742  2737/2737/2737
f 2832/2832/2832  2830/2830/2830  2738/2738/2738
f 2834/2834/2834  2832/2832/2832  2738/2738/2738
f 2774/2774/2774  2740/2740/2740  2743/2743/2743
f 2834/2834/2834  2741/2741/2741  2775/2775/2775
f 2772/2772/2772  2744/2744/2744  2746/2746/2746
f 2774/2774/2774  2743/2743/2743  2771/2771/2771
f 2749/2749/2749  2747/2747/2747  2745/2745/2745
f 3037/3037/3037  2746/2746/2746  2748/2748/2748
f 3031/3031/3031  2772/2772/2772  2746/2746/2746
f 3033/3033/3033  3031/3031/3031  2746/2746/2746
f 3035/3035/3035  3033/3033/3033  2746/2746/2746
f 3037/3037/3037  3035/3035/3035  2746/2746/2746
f 3040/3040/3040  3037/3037/3037  2748/2748/2748
f 3042/3042/3042  3040/3040/3040  2748/2748/2748
f 3044/3044/3044  3042/3042/3042  2748/2748/2748
f 3046/3046/3046  3044/3044/3044  2748/2748/2748
f 2774/2774/2774  2765/2765/2765  2761/2761/2761
f 3001/3001/3001  2762/2762/2762  2766/2766/2766
f 2789/2789/2789  2774/2774/2774  2761/2761/2761
g 2
usemtl MTL1
f 3209/3209/3209  2790/2790/2790  2764/2764/2764
g 3
usemtl MTL0
f 2997/2997/2997  2973/2973/2973  2762/2762/2762
f 3188/3188/3188  2763/2763/2763  2974/2974/2974
f 2999/2999/2999  2997/2997/2997  2762/2762/2762
f 3001/3001/3001  2999/2999/2999  2762/2762/2762
f 3190/3190/3190  2763/2763/2763  3188/3188/3188
f 3208/3208/3208  2763/2763/2763  3190/3190/3190
f 2774/2774/2774  2768/2768/2768  2765/2765/2765
f 3002/3002/3002  2767/2767/2767  2769/2769/2769
f 2774/2774/2774  2771/2771/2771  2768/2768/2768
f 3032/3032/3032  2769/2769/2769  2773/2773/2773
f 3107/3107/3107  3002/3002/3002  2769/2769/2769
f 3107/3107/3107  2769/2769/2769  3032/3032/3032
f 2780/2780/2780  2777/2777/2777  2774/2774/2774
f 2953/2953/2953  2776/2776/2776  2779/2779/2779
f 2784/2784/2784  2780/2780/2780  2774/2774/2774
f 2787/2787/2787  2784/2784/2784  2774/2774/2774
f 2789/2789/2789  2787/2787/2787  2774/2774/2774
f 2953/2953/2953  2835/2835/2835  2776/2776/2776
f 2971/2971/2971  2778/2778/2778  2781/2781/2781
f 2971/2971/2971  2952/2952/2952  2778/2778/2778
g 4
usemtl MTL1
f 3214/3214/3214  2782/2782/2782  2786/2786/2786
g 5
usemtl MTL0
f 3141/3141/3141  2972/2972/2972  2783/2783/2783
f 3215/3215/3215  3141/3141/3141  2783/2783/2783
g 6
usemtl MTL1
f 3212/3212/3212  2785/2785/2785  2788/2788/2788
f 3213/3213/3213  2886/2886/2886  2786/2786/2786
f 3214/3214/3214  2786/2786/2786  2886/2886/2886
f 2883/2883/2883  2788/2788/2788  2791/2791/2791
f 2885/2885/2885  2788/2788/2788  2883/2883/2883
f 3212/3212/3212  2788/2788/2788  2885/2885/2885
f 3211/3211/3211  2883/2883/2883  2791/2791/2791
f 3210/3210/3210  2790/2790/2790  3209/3209/3209
g 7
usemtl MTL0
f 2818/2818/2818  2796/2796/2796  2792/2792/2792
f 2956/2956/2956  2793/2793/2793  2797/2797/2797
f 2820/2820/2820  2818/2818/2818  2792/2792/2792
g 8
usemtl MTL1
f 3218/3218/3218  2821/2821/2821  2794/2794/2794
g 9
usemtl MTL0
f 2958/2958/2958  2793/2793/2793  2956/2956/2956
f 3150/3150/3150  2795/2795/2795  2959/2959/2959
f 3152/3152/3152  2795/2795/2795  3150/3150/3150
f 3219/3219/3219  2795/2795/2795  3152/3152/3152
f 2808/2808/2808  2799/2799/2799  2796/2796/2796
f 2827/2827/2827  2798/2798/2798  2801/2801/2801
f 2811/2811/2811  2808/2808/2808  2796/2796/2796
f 2815/2815/2815  2811/2811/2811  2796/2796/2796
f 2818/2818/2818  2815/2815/2815  2796/2796/2796
f 2957/2957/2957  2798/2798/2798  2827/2827/2827
f 2805/2805/2805  2802/2802/2802  2799/2799/2799
f 2808/2808/2808  2805/2805/2805  2799/2799/2799
f 3060/3060/3060  2804/2804/2804  2806/2806/2806
f 2980/2980/2980  2806/2806/2806  2810/2810/2810
f 3109/3109/3109  2806/2806/2806  2980/2980/2980
f 3109/3109/3109  3060/3060/3060  2806/2806/2806
f 2977/2977/2977  2809/2809/2809  2812/2812/2812
f 2979/2979/2979  2809/2809/2809  2977/2977/2977
f 3233/3233/3233  2814/2814/2814  2816/2816/2816
f 3198/3198/3198  2978/2978/2978  2813/2813/2813
f 3202/3202/3202  3198/3198/3198  2813/2813/2813
f 3206/3206/3206  3202/3202/3202  2813/2813/2813
f 3233/3233/3233  3207/3207/3207  2814/2814/2814
g 10
usemtl MTL1
f 3234/3234/3234  2817/2817/2817  2819/2819/2819
f 2911/2911/2911  2819/2819/2819  2822/2822/2822
f 2914/2914/2914  2819/2819/2819  2911/2911/2911
f 3234/3234/3234  2819/2819/2819  2914/2914/2914
f 3216/3216/3216  2821/2821/2821  2908/2908/2908
f 3218/3218/3218  2908/2908/2908  2821/2821/2821
f 3217/3217/3217  2911/2911/2911  2822/2822/2822
g 11
usemtl MTL0
f 2941/2941/2941  2848/2848/2848  2825/2825/2825
f 2907/2907/2907  2903/2903/2903  2824/2824/2824
f 2928/2928/2928  2824/2824/2824  2903/2903/2903
f 2910/2910/2910  2907/2907/2907  2824/2824/2824
f 2912/2912/2912  2910/2910/2910  2824/2824/2824
f 2915/2915/2915  2912/2912/2912  2824/2824/2824
f 2919/2919/2919  2915/2915/2915  2824/2824/2824
f 2922/2922/2922  2919/2919/2919  2824/2824/2824
f 2925/2925/2925  2922/2922/2922  2824/2824/2824
f 2941/2941/2941  2825/2825/2825  2930/2930/2930
f 2957/2957/2957  2827/2827/2827  2829/2829/2829
f 2957/2957/2957  2829/2829/2829  2831/2831/2831
f 2955/2955/2955  2831/2831/2831  2833/2833/2833
f 2957/2957/2957  2831/2831/2831  2955/2955/2955
f 2953/2953/2953  2833/2833/2833  2835/2835/2835
f 2955/2955/2955  2833/2833/2833  2953/2953/2953
f 2893/2893/2893  2838/2838/2838  2840/2840/2840
f 2900/2900/2900  2837/2837/2837  2891/2891/2891
f 2897/2897/2897  2894/2894/2894  2837/2837/2837
f 2900/2900/2900  2897/2897/2897  2837/2837/2837
f 2945/2945/2945  2840/2840/2840  2842/2842/2842
f 2945/2945/2945  2893/2893/2893  2840/2840/2840
f 2945/2945/2945  2842/2842/2842  2844/2844/2844
f 2943/2943/2943  2844/2844/2844  2846/2846/2846
f 2945/2945/2945  2844/2844/2844  2943/2943/2943
f 2941/2941/2941  2846/2846/2846  2848/2848/2848
f 2943/2943/2943  2846/2846/2846  2941/2941/2941
f 4407/4407/4407  2850/2850/2850  2853/2853/2853
f 4900/4900/4900  2874/2874/2874  2851/2851/2851
f 4900/4900/4900  2851/2851/2851  4408/4408/4408
f 4412/4412/4412  2853/2853/2853  2855/2855/2855
f 4410/4410/4410  4407/4407/4407  2853/2853/2853
f 4412/4412/4412  4410/4410/4410  2853/2853/2853
f 4414/4414/4414  2855/2855/2855  2857/2857/2857
f 4414/4414/4414  4412/4412/4412  2855/2855/2855
f 4416/4416/4416  2857/2857/2857  2859/2859/2859
f 4416/4416/4416  4414/4414/4414  2857/2857/2857
f 4418/4418/4418  2859/2859/2859  2861/2861/2861
f 4418/4418/4418  4416/4416/4416  2859/2859/2859
f 4418/4418/4418  2861/2861/2861  2863/2863/2863
f 4405/4405/4405  2864/2864/2864  2866/2866/2866
f 4418/4418/4418  2863/2863/2863  4404/4404/4404
f 4893/4893/4893  2866/2866/2866  2868/2868/2868
f 4893/4893/4893  4405/4405/4405  2866/2866/2866
f 4896/4896/4896  2868/2868/2868  2870/2870/2870
f 4896/4896/4896  4893/4893/4893  2868/2868/2868
f 4898/4898/4898  2870/2870/2870  2872/2872/2872
f 4898/4898/4898  4896/4896/4896  2870/2870/2870
f 4900/4900/4900  2872/2872/2872  2874/2874/2874
f 4900/4900/4900  4898/4898/4898  2872/2872/2872
f 2891/2891/2891  2879/2879/2879  2875/2875/2875
g 12
usemtl MTL1
f 3210/3210/3210  2878/2878/2878  2880/2880/2880
g 13
usemtl MTL0
f 2900/2900/2900  2891/2891/2891  2875/2875/2875
f 3007/3007/3007  2901/2901/2901  2876/2876/2876
f 3194/3194/3194  3008/3008/3008  2877/2877/2877
f 3194/3194/3194  2877/2877/2877  3190/3190/3190
f 3208/3208/3208  3190/3190/3190  2877/2877/2877
g 14
usemtl MTL1
f 3210/3210/3210  3209/3209/3209  2878/2878/2878
g 15
usemtl MTL0
f 2891/2891/2891  2882/2882/2882  2879/2879/2879
g 16
usemtl MTL1
f 3211/3211/3211  2881/2881/2881  2883/2883/2883
g 17
usemtl MTL0
f 2887/2887/2887  2884/2884/2884  2882/2882/2882
f 2891/2891/2891  2887/2887/2887  2882/2882/2882
g 18
usemtl MTL1
f 3214/3214/3214  2886/2886/2886  2889/2889/2889
g 19
usemtl MTL0
f 2944/2944/2944  2888/2888/2888  2892/2892/2892
f 2946/2946/2946  2888/2888/2888  2944/2944/2944
f 3139/3139/3139  2890/2890/2890  2947/2947/2947
f 3141/3141/3141  2890/2890/2890  3139/3139/3139
f 3215/3215/3215  2890/2890/2890  3141/3141/3141
f 3103/3103/3103  2896/2896/2896  2898/2898/2898
f 3103/3103/3103  3076/3076/3076  2896/2896/2896
f 3010/3010/3010  2898/2898/2898  2902/2902/2902
f 3103/3103/3103  2898/2898/2898  3010/3010/3010
f 3009/3009/3009  2901/2901/2901  3007/3007/3007
g 20
usemtl MTL1
f 3218/3218/3218  2905/2905/2905  2908/2908/2908
g 21
usemtl MTL0
f 2938/2938/2938  2929/2929/2929  2904/2904/2904
f 3152/3152/3152  2939/2939/2939  2906/2906/2906
f 3219/3219/3219  3152/3152/3152  2906/2906/2906
g 22
usemtl MTL1
f 3217/3217/3217  2909/2909/2909  2911/2911/2911
g 23
usemtl MTL0
f 3207/3207/3207  2913/2913/2913  2918/2918/2918
f 3233/3233/3233  2913/2913/2913  3207/3207/3207
f 3029/3029/3029  2916/2916/2916  2920/2920/2920
f 3027/3027/3027  3003/3003/3003  2916/2916/2916
f 3204/3204/3204  2917/2917/2917  3004/3004/3004
f 3029/3029/3029  3027/3027/3027  2916/2916/2916
f 3204/3204/3204  3202/3202/3202  2917/2917/2917
f 3206/3206/3206  2917/2917/2917  3202/3202/3202
f 3030/3030/3030  2921/2921/2921  2923/2923/2923
f 3062/3062/3062  2923/2923/2923  2927/2927/2927
f 3105/3105/3105  3030/3030/3030  2923/2923/2923
f 3105/3105/3105  2923/2923/2923  3062/3062/3062
f 2940/2940/2940  2929/2929/2929  2938/2938/2938
f 2942/2942/2942  2934/2934/2934  2931/2931/2931
f 3135/3135/3135  2933/2933/2933  2935/2935/2935
f 2950/2950/2950  2942/2942/2942  2931/2931/2931
f 3137/3137/3137  2951/2951/2951  2932/2932/2932
f 3137/3137/3137  2932/2932/2932  3134/3134/3134
f 2940/2940/2940  2936/2936/2936  2934/2934/2934
f 3154/3154/3154  2935/2935/2935  2937/2937/2937
f 2942/2942/2942  2940/2940/2940  2934/2934/2934
f 3154/3154/3154  3135/3135/3135  2935/2935/2935
f 2940/2940/2940  2938/2938/2938  2936/2936/2936
f 3154/3154/3154  2937/2937/2937  2939/2939/2939
f 3154/3154/3154  2939/2939/2939  3152/3152/3152
f 2948/2948/2948  2944/2944/2944  2942/2942/2942
f 2950/2950/2950  2948/2948/2948  2942/2942/2942
f 2948/2948/2948  2946/2946/2946  2944/2944/2944
f 3139/3139/3139  2947/2947/2947  2949/2949/2949
f 3137/3137/3137  2949/2949/2949  2951/2951/2951
f 3139/3139/3139  2949/2949/2949  3137/3137/3137
f 2967/2967/2967  2954/2954/2954  2952/2952/2952
f 2969/2969/2969  2967/2967/2967  2952/2952/2952
f 2971/2971/2971  2969/2969/2969  2952/2952/2952
f 2960/2960/2960  2956/2956/2956  2954/2954/2954
f 2962/2962/2962  2960/2960/2960  2954/2954/2954
f 2964/2964/2964  2962/2962/2962  2954/2954/2954
f 2967/2967/2967  2964/2964/2964  2954/2954/2954
f 2960/2960/2960  2958/2958/2958  2956/2956/2956
f 3150/3150/3150  2959/2959/2959  2961/2961/2961
f 3148/3148/3148  2961/2961/2961  2963/2963/2963
f 3150/3150/3150  2961/2961/2961  3148/3148/3148
f 3148/3148/3148  2963/2963/2963  2966/2966/2966
f 3145/3145/3145  2965/2965/2965  2968/2968/2968
f 3148/3148/3148  2966/2966/2966  3146/3146/3146
f 3143/3143/3143  2968/2968/2968  2970/2970/2970
f 3145/3145/3145  2968/2968/2968  3143/3143/3143
f 3143/3143/3143  2970/2970/2970  2972/2972/2972
f 3143/3143/3143  2972/2972/2972  3141/3141/3141
f 2991/2991/2991  2975/2975/2975  2973/2973/2973
f 3188/3188/3188  2974/2974/2974  2976/2976/2976
f 2993/2993/2993  2991/2991/2991  2973/2973/2973
f 2995/2995/2995  2993/2993/2993  2973/2973/2973
f 2997/2997/2997  2995/2995/2995  2973/2973/2973
f 2983/2983/2983  2977/2977/2977  2975/2975/2975
f 3185/3185/3185  2976/2976/2976  2978/2978/2978
f 2985/2985/2985  2983/2983/2983  2975/2975/2975
f 2987/2987/2987  2985/2985/2985  2975/2975/2975
f 2989/2989/2989  2987/2987/2987  2975/2975/2975
f 2991/2991/2991  2989/2989/2989  2975/2975/2975
f 3188/3188/3188  2976/2976/2976  3185/3185/3185
f 2981/2981/2981  2979/2979/2979  2977/2977/2977
f 2983/2983/2983  2981/2981/2981  2977/2977/2977
f 3198/3198/3198  3185/3185/3185  2978/2978/2978
f 3109/3109/3109  2980/2980/2980  2982/2982/2982
f 3110/3110/3110  2982/2982/2982  2984/2984/2984
f 3110/3110/3110  3109/3109/3109  2982/2982/2982
f 3051/3051/3051  2984/2984/2984  2986/2986/2986
f 3110/3110/3110  2984/2984/2984  3051/3051/3051
f 3049/3049/3049  2986/2986/2986  2988/2988/2988
f 3051/3051/3051  2986/2986/2986  3049/3049/3049
f 3047/3047/3047  2988/2988/2988  2990/2990/2990
f 3049/3049/3049  2988/2988/2988  3047/3047/3047
f 3045/3045/3045  2990/2990/2990  2992/2992/2992
f 3047/3047/3047  2990/2990/2990  3045/3045/3045
f 3043/3043/3043  2992/2992/2992  2994/2994/2994
f 3045/3045/3045  2992/2992/2992  3043/3043/3043
f 3041/3041/3041  2994/2994/2994  2996/2996/2996
f 3043/3043/3043  2994/2994/2994  3041/3041/3041
f 3038/3038/3038  2996/2996/2996  2998/2998/2998
f 3041/3041/3041  2996/2996/2996  3038/3038/3038
f 3108/3108/3108  2998/2998/2998  3000/3000/3000
f 3108/3108/3108  3038/3038/3038  2998/2998/2998
f 3107/3107/3107  3000/3000/3000  3002/3002/3002
f 3108/3108/3108  3000/3000/3000  3107/3107/3107
f 3020/3020/3020  3005/3005/3005  3003/3003/3003
f 3204/3204/3204  3004/3004/3004  3006/3006/3006
f 3022/3022/3022  3020/3020/3020  3003/3003/3003
f 3024/3024/3024  3022/3022/3022  3003/3003/3003
f 3027/3027/3027  3024/3024/3024  3003/3003/3003
f 3013/3013/3013  3007/3007/3007  3005/3005/3005
f 3196/3196/3196  3006/3006/3006  3008/3008/3008
f 3016/3016/3016  3013/3013/3013  3005/3005/3005
f 3018/3018/3018  3016/3016/3016  3005/3005/3005
f 3020/3020/3020  3018/3018/3018  3005/3005/3005
f 3204/3204/3204  3006/3006/3006  3196/3196/3196
f 3011/3011/3011  3009/3009/3009  3007/3007/3007
f 3013/3013/3013  3011/3011/3011  3007/3007/3007
f 3196/3196/3196  3008/3008/3008  3194/3194/3194
f 3103/3103/3103  3010/3010/3010  3012/3012/3012
f 3104/3104/3104  3012/3012/3012  3014/3014/3014
f 3104/3104/3104  3103/3103/3103  3012/3012/3012
f 3072/3072/3072  3014/3014/3014  3017/3017/3017
f 3074/3074/3074  3014/3014/3014  3072/3072/3072
f 3104/3104/3104  3014/3014/3014  3074/3074/3074
f 3070/3070/3070  3017/3017/3017  3019/3019/3019
f 3072/3072/3072  3017/3017/3017  3070/3070/3070
f 3070/3070/3070  3019/3019/3019  3021/3021/3021
f 3068/3068/3068  3021/3021/3021  3023/3023/3023
f 3070/3070/3070  3021/3021/3021  3068/3068/3068
f 3066/3066/3066  3023/3023/3023  3025/3025/3025
f 3068/3068/3068  3023/3023/3023  3066/3066/3066
f 3106/3106/3106  3025/3025/3025  3028/3028/3028
f 3066/3066/3066  3025/3025/3025  3064/3064/3064
f 3106/3106/3106  3064/3064/3064  3025/3025/3025
f 3106/3106/3106  3028/3028/3028  3030/3030/3030
f 3106/3106/3106  3030/3030/3030  3105/3105/3105
f 3107/3107/3107  3032/3032/3032  3034/3034/3034
f 3108/3108/3108  3034/3034/3034  3036/3036/3036
f 3108/3108/3108  3107/3107/3107  3034/3034/3034
f 3108/3108/3108  3036/3036/3036  3038/3038/3038
f 3110/3110/3110  3051/3051/3051  3054/3054/3054
f 3110/3110/3110  3054/3054/3054  3056/3056/3056
f 3110/3110/3110  3056/3056/3056  3058/3058/3058
f 3109/3109/3109  3058/3058/3058  3060/3060/3060
f 3110/3110/3110  3058/3058/3058  3109/3109/3109
f 3106/3106/3106  3062/3062/3062  3064/3064/3064
f 3106/3106/3106  3105/3105/3105  3062/3062/3062
f 3104/3104/3104  3074/3074/3074  3076/3076/3076
f 3104/3104/3104  3076/3076/3076  3103/3103/3103
f 3400/3400/3400  3078/3078/3078  3081/3081/3081
f 4430/4430/4430  3102/3102/3102  3079/3079/3079
f 4430/4430/4430  3079/3079/3079  3401/3401/3401
f 3408/3408/3408  3081/3081/3081  3083/3083/3083
f 3404/3404/3404  3400/3400/3400  3081/3081/3081
f 3406/3406/3406  3404/3404/3404  3081/3081/3081
f 3408/3408/3408  3406/3406/3406  3081/3081/3081
f 3414/3414/3414  3083/3083/3083  3085/3085/3085
f 3410/3410/3410  3408/3408/3408  3083/3083/3083
f 3412/3412/3412  3410/3410/3410  3083/3083/3083
f 3414/3414/3414  3412/3412/3412  3083/3083/3083
f 3416/3416/3416  3085/3085/3085  3087/3087/3087
f 3416/3416/3416  3414/3414/3414  3085/3085/3085
f 3420/3420/3420  3087/3087/3087  3089/3089/3089
f 3418/3418/3418  3416/3416/3416  3087/3087/3087
f 3420/3420/3420  3418/3418/3418  3087/3087/3087
f 3422/3422/3422  3089/3089/3089  3091/3091/3091
f 3422/3422/3422  3420/3420/3420  3089/3089/3089
f 3424/3424/3424  3091/3091/3091  3093/3093/3093
f 3424/3424/3424  3422/3422/3422  3091/3091/3091
f 3397/3397/3397  3094/3094/3094  3096/3096/3096
f 3426/3426/3426  3093/3093/3093  3396/3396/3396
f 3426/3426/3426  3424/3424/3424  3093/3093/3093
f 4422/4422/4422  3096/3096/3096  3098/3098/3098
f 4420/4420/4420  3397/3397/3397  3096/3096/3096
f 4422/4422/4422  4420/4420/4420  3096/3096/3096
f 4424/4424/4424  3098/3098/3098  3100/3100/3100
f 4424/4424/4424  4422/4422/4422  3098/3098/3098
f 4428/4428/4428  3100/3100/3100  3102/3102/3102
f 4426/4426/4426  4424/4424/4424  3100/3100/3100
f 4428/4428/4428  4426/4426/4426  3100/3100/3100
f 4430/4430/4430  4428/4428/4428  3102/3102/3102
f 3153/3153/3153  3114/3114/3114  3111/3111/3111
f 3166/3166/3166  3113/3113/3113  3115/3115/3115
f 3133/3133/3133  3111/3111/3111  3131/3131/3131
f 3163/3163/3163  3132/3132/3132  3112/3112/3112
f 3153/3153/3153  3111/3111/3111  3133/3133/3133
f 3164/3164/3164  3163/3163/3163  3112/3112/3112
f 3151/3151/3151  3116/3116/3116  3114/3114/3114
f 3221/3221/3221  3115/3115/3115  3117/3117/3117
f 3153/3153/3153  3151/3151/3151  3114/3114/3114
f 3220/3220/3220  3166/3166/3166  3115/3115/3115
f 3221/3221/3221  3220/3220/3220  3115/3115/3115
f 3151/3151/3151  3118/3118/3118  3116/3116/3116
f 3222/3222/3222  3117/3117/3117  3119/3119/3119
f 3222/3222/3222  3221/3221/3221  3117/3117/3117
f 3149/3149/3149  3120/3120/3120  3118/3118/3118
f 3223/3223/3223  3119/3119/3119  3121/3121/3121
f 3151/3151/3151  3149/3149/3149  3118/3118/3118
f 3223/3223/3223  3222/3222/3222  3119/3119/3119
f 3144/3144/3144  3122/3122/3122  3120/3120/3120
f 3224/3224/3224  3121/3121/3121  3124/3124/3124
f 3147/3147/3147  3144/3144/3144  3120/3120/3120
f 3149/3149/3149  3147/3147/3147  3120/3120/3120
f 3224/3224/3224  3223/3223/3223  3121/3121/3121
f 3142/3142/3142  3125/3125/3125  3122/3122/3122
f 3155/3155/3155  3123/3123/3123  3126/3126/3126
f 3144/3144/3144  3142/3142/3142  3122/3122/3122
f 3224/3224/3224  3124/3124/3124  3157/3157/3157
f 3140/3140/3140  3127/3127/3127  3125/3125/3125
f 3160/3160/3160  3126/3126/3126  3128/3128/3128
f 3142/3142/3142  3140/3140/3140  3125/3125/3125
f 3159/3159/3159  3155/3155/3155  3126/3126/3126
f 3160/3160/3160  3159/3159/3159  3126/3126/3126
f 3140/3140/3140  3129/3129/3129  3127/3127/3127
f 3161/3161/3161  3128/3128/3128  3130/3130/3130
f 3161/3161/3161  3160/3160/3160  3128/3128/3128
f 3138/3138/3138  3131/3131/3131  3129/3129/3129
f 3162/3162/3162  3130/3130/3130  3132/3132/3132
f 3140/3140/3140  3138/3138/3138  3129/3129/3129
f 3162/3162/3162  3161/3161/3161  3130/3130/3130
f 3136/3136/3136  3133/3133/3133  3131/3131/3131
f 3138/3138/3138  3136/3136/3136  3131/3131/3131
f 3163/3163/3163  3162/3162/3162  3132/3132/3132
f 3172/3172/3172  3155/3155/3155  3159/3159/3159
f 3231/3231/3231  3157/3157/3157  3174/3174/3174
f 3231/3231/3231  3224/3224/3224  3157/3157/3157
f 3176/3176/3176  3159/3159/3159  3160/3160/3160
f 3176/3176/3176  3172/3172/3172  3159/3159/3159
f 3178/3178/3178  3160/3160/3160  3161/3161/3161
f 3178/3178/3178  3176/3176/3176  3160/3160/3160
f 3180/3180/3180  3161/3161/3161  3162/3162/3162
f 3180/3180/3180  3178/3178/3178  3161/3161/3161
f 3182/3182/3182  3162/3162/3162  3163/3163/3163
f 3182/3182/3182  3180/3180/3180  3162/3162/3162
f 3182/3182/3182  3163/3163/3163  3164/3164/3164
f 3182/3182/3182  3164/3164/3164  3168/3168/3168
f 3220/3220/3220  3170/3170/3170  3166/3166/3166
f 3193/3193/3193  3183/3183/3183  3169/3169/3169
f 3195/3195/3195  3193/3193/3193  3169/3169/3169
f 3226/3226/3226  3197/3197/3197  3171/3171/3171
f 3225/3225/3225  3170/3170/3170  3220/3220/3220
f 3184/3184/3184  3173/3173/3173  3177/3177/3177
f 3199/3199/3199  3175/3175/3175  3186/3186/3186
f 3232/3232/3232  3175/3175/3175  3199/3199/3199
f 3187/3187/3187  3177/3177/3177  3179/3179/3179
f 3187/3187/3187  3184/3184/3184  3177/3177/3177
f 3189/3189/3189  3179/3179/3179  3181/3181/3181
f 3189/3189/3189  3187/3187/3187  3179/3179/3179
f 3191/3191/3191  3181/3181/3181  3183/3183/3183
f 3191/3191/3191  3189/3189/3189  3181/3181/3181
f 3193/3193/3193  3191/3191/3191  3183/3183/3183
f 3194/3194/3194  3190/3190/3190  3192/3192/3192
f 3226/3226/3226  3205/3205/3205  3197/3197/3197
f 3202/3202/3202  3200/3200/3200  3198/3198/3198
f 3232/3232/3232  3199/3199/3199  3201/3201/3201
f 3230/3230/3230  3201/3201/3201  3203/3203/3203
f 3232/3232/3232  3201/3201/3201  3230/3230/3230
f 3228/3228/3228  3203/3203/3203  3205/3205/3205
f 3230/3230/3230  3203/3203/3203  3228/3228/3228
f 3228/3228/3228  3205/3205/3205  3226/3226/3226
f 3225/3225/3225  3220/3220/3220  3221/3221/3221
f 3227/3227/3227  3221/3221/3221  3222/3222/3222
f 3227/3227/3227  3225/3225/3225  3221/3221/3221
f 3229/3229/3229  3222/3222/3222  3223/3223/3223
f 3229/3229/3229  3227/3227/3227  3222/3222/3222
f 3231/3231/3231  3223/3223/3223  3224/3224/3224
f 3231/3231/3231  3229/3229/3229  3223/3223/3223
f 3250/3250/3250  3238/3238/3238  3235/3235/3235
f 3271/3271/3271  3237/3237/3237  3239/3239/3239
f 3252/3252/3252  3250/3250/3250  3235/3235/3235
f 3267/3267/3267  3252/3252/3252  3235/3235/3235
f 3272/3272/3272  3236/3236/3236  3269/3269/3269
f 3248/3248/3248  3240/3240/3240  3238/3238/3238
f 3250/3250/3250  3248/3248/3248  3238/3238/3238
f 3280/3280/3280  3271/3271/3271  3239/3239/3239
f 3246/3246/3246  3242/3242/3242  3240/3240/3240
f 3248/3248/3248  3246/3246/3246  3240/3240/3240
f 3246/3246/3246  3244/3244/3244  3242/3242/3242
f 3267/3267/3267  3255/3255/3255  3252/3252/3252
f 3265/3265/3265  3257/3257/3257  3255/3255/3255
f 3267/3267/3267  3265/3265/3265  3255/3255/3255
f 3263/3263/3263  3259/3259/3259  3257/3257/3257
f 3265/3265/3265  3263/3263/3263  3257/3257/3257
f 3263/3263/3263  3261/3261/3261  3259/3259/3259
f 3281/3281/3281  3273/3273/3273  3270/3270/3270
f 3279/3279/3279  3274/3274/3274  3270/3270/3270
f 3281/3281/3281  3270/3270/3270  3274/3274/3274
f 3279/3279/3279  3277/3277/3277  3274/3274/3274
f 3360/3360/3360  3276/3276/3276  3278/3278/3278
f 3356/3356/3356  3282/3282/3282  3275/3275/3275
f 3358/3358/3358  3356/3356/3356  3275/3275/3275
f 4948/4948/4948  3284/3284/3284  3287/3287/3287
f 4962/4962/4962  3340/3340/3340  3285/3285/3285
f 4962/4962/4962  3285/3285/3285  4950/4950/4950
f 4952/4952/4952  3287/3287/3287  3289/3289/3289
f 4952/4952/4952  4948/4948/4948  3287/3287/3287
f 4952/4952/4952  3289/3289/3289  3291/3291/3291
f 4953/4953/4953  3291/3291/3291  3293/3293/3293
f 4953/4953/4953  4952/4952/4952  3291/3291/3291
f 4953/4953/4953  3293/3293/3293  3295/3295/3295
f 3421/3421/3421  3295/3295/3295  3298/3298/3298
f 3423/3423/3423  3295/3295/3295  3421/3421/3421
f 4953/4953/4953  3295/3295/3295  3423/3423/3423
f 3419/3419/3419  3298/3298/3298  3300/3300/3300
f 3421/3421/3421  3298/3298/3298  3419/3419/3419
f 3417/3417/3417  3300/3300/3300  3302/3302/3302
f 3419/3419/3419  3300/3300/3300  3417/3417/3417
f 3413/3413/3413  3302/3302/3302  3304/3304/3304
f 3415/3415/3415  3302/3302/3302  3413/3413/3413
f 3417/3417/3417  3302/3302/3302  3415/3415/3415
f 4959/4959/4959  3304/3304/3304  3307/3307/3307
f 3413/3413/3413  3304/3304/3304  3411/3411/3411
f 4959/4959/4959  3411/3411/3411  3304/3304/3304
f 4959/4959/4959  3307/3307/3307  3309/3309/3309
f 4959/4959/4959  3309/3309/3309  3311/3311/3311
f 4958/4958/4958  3311/3311/3311  3313/3313/3313
f 4959/4959/4959  3311/3311/3311  4958/4958/4958
f 4958/4958/4958  3313/3313/3313  3315/3315/3315
f 4956/4956/4956  3316/3316/3316  3318/3318/3318
f 4958/4958/4958  3315/3315/3315  4954/4954/4954
f 4960/4960/4960  3318/3318/3318  3320/3320/3320
f 4960/4960/4960  4956/4956/4956  3318/3318/3318
f 4961/4961/4961  3320/3320/3320  3322/3322/3322
f 4961/4961/4961  4960/4960/4960  3320/3320/3320
f 4961/4961/4961  3322/3322/3322  3324/3324/3324
f 4961/4961/4961  3324/3324/3324  3326/3326/3326
f 4427/4427/4427  3326/3326/3326  3329/3329/3329
f 4429/4429/4429  3326/3326/3326  4427/4427/4427
f 4961/4961/4961  3326/3326/3326  4429/4429/4429
f 4425/4425/4425  3329/3329/3329  3331/3331/3331
f 4427/4427/4427  3329/3329/3329  4425/4425/4425
f 4963/4963/4963  3331/3331/3331  3334/3334/3334
f 4425/4425/4425  3331/3331/3331  4423/4423/4423
f 4963/4963/4963  4423/4423/4423  3331/3331/3331
f 4963/4963/4963  3334/3334/3334  3336/3336/3336
f 4963/4963/4963  3336/3336/3336  3338/3338/3338
f 4962/4962/4962  3338/3338/3338  3340/3340/3340
f 4963/4963/4963  3338/3338/3338  4962/4962/4962
f 3359/3359/3359  3342/3342/3342  3345/3345/3345
f 3373/3373/3373  3342/3342/3342  3359/3359/3359
f 3373/3373/3373  3361/3361/3361  3342/3342/3342
f 3357/3357/3357  3345/3345/3345  3347/3347/3347
f 3359/3359/3359  3345/3345/3345  3357/3357/3357
f 3355/3355/3355  3347/3347/3347  3349/3349/3349
f 3357/3357/3357  3347/3347/3347  3355/3355/3355
f 3353/3353/3353  3349/3349/3349  3351/3351/3351
f 3355/3355/3355  3349/3349/3349  3353/3353/3353
f 3371/3371/3371  3363/3363/3363  3361/3361/3361
f 3373/3373/3373  3371/3371/3371  3361/3361/3361
f 3369/3369/3369  3365/3365/3365  3363/3363/3363
f 3371/3371/3371  3369/3369/3369  3363/3363/3363
f 3369/3369/3369  3367/3367/3367  3365/3365/3365
f 3392/3392/3392  3378/3378/3378  3375/3375/3375
f 4432/4432/4432  3376/3376/3376  3379/3379/3379
f 3394/3394/3394  3392/3392/3392  3375/3375/3375
f 4970/4970/4970  3395/3395/3395  3377/3377/3377
f 4974/4974/4974  3377/3377/3377  4433/4433/4433
f 4972/4972/4972  4970/4970/4970  3377/3377/3377
f 4974/4974/4974  4972/4972/4972  3377/3377/3377
f 3389/3389/3389  3380/3380/3380  3378/3378/3378
f 4432/4432/4432  3379/3379/3379  3381/3381/3381
f 3392/3392/3392  3389/3389/3389  3378/3378/3378
f 3387/3387/3387  3382/3382/3382  3380/3380/3380
f 4434/4434/4434  3381/3381/3381  3383/3383/3383
f 3389/3389/3389  3387/3387/3387  3380/3380/3380
f 4434/4434/4434  4432/4432/4432  3381/3381/3381
f 3387/3387/3387  3385/3385/3385  3382/3382/3382
f 4451/4451/4451  3384/3384/3384  3386/3386/3386
f 4436/4436/4436  4434/4434/4434  3383/3383/3383
f 4450/4450/4450  4436/4436/4436  3383/3383/3383
f 4449/4449/4449  3386/3386/3386  3388/3388/3388
f 4451/4451/4451  3386/3386/3386  4449/4449/4449
f 4445/4445/4445  3388/3388/3388  3391/3391/3391
f 4447/4447/4447  3388/3388/3388  4445/4445/4445
f 4449/4449/4449  3388/3388/3388  4447/4447/4447
f 4964/4964/4964  3390/3390/3390  3393/3393/3393
f 4443/4443/4443  3391/3391/3391  3515/3515/3515
f 4965/4965/4965  3515/3515/3515  3391/3391/3391
f 4445/4445/4445  3391/3391/3391  4443/4443/4443
f 4966/4966/4966  3393/3393/3393  3395/3395/3395
f 4966/4966/4966  4964/4964/4964  3393/3393/3393
f 4968/4968/4968  4966/4966/4966  3395/3395/3395
f 4970/4970/4970  4968/4968/4968  3395/3395/3395
f 4952/4952/4952  3427/3427/3427  3398/3398/3398
f 4950/4950/4950  3399/3399/3399  4421/4421/4421
f 4952/4952/4952  3398/3398/3398  4948/4948/4948
f 4954/4954/4954  3402/3402/3402  3405/3405/3405
f 4960/4960/4960  4431/4431/4431  3403/3403/3403
f 4960/4960/4960  3403/3403/3403  4956/4956/4956
f 4958/4958/4958  3405/3405/3405  3407/3407/3407
f 4958/4958/4958  4954/4954/4954  3405/3405/3405
f 4958/4958/4958  3407/3407/3407  3409/3409/3409
f 4959/4959/4959  3409/3409/3409  3411/3411/3411
f 4959/4959/4959  4958/4958/4958  3409/3409/3409
f 4953/4953/4953  3423/3423/3423  3425/3425/3425
f 4952/4952/4952  3425/3425/3425  3427/3427/3427
f 4953/4953/4953  3425/3425/3425  4952/4952/4952
f 3456/3456/3456  3431/3431/3431  3428/3428/3428
f 4474/4474/4474  3429/3429/3429  3432/3432/3432
f 5038/5038/5038  3457/3457/3457  3430/3430/3430
f 4476/4476/4476  3429/3429/3429  4474/4474/4474
f 5040/5040/5040  3430/3430/3430  4477/4477/4477
f 5040/5040/5040  5038/5038/5038  3430/3430/3430
f 3456/3456/3456  3434/3434/3434  3431/3431/3431
f 5009/5009/5009  3433/3433/3433  3435/3435/3435
f 5013/5013/5013  4475/4475/4475  3433/3433/3433
f 5011/5011/5011  3433/3433/3433  5009/5009/5009
f 5013/5013/5013  3433/3433/3433  5011/5011/5011
f 3456/3456/3456  3436/3436/3436  3434/3434/3434
f 5007/5007/5007  3435/3435/3435  3437/3437/3437
f 5009/5009/5009  3435/3435/3435  5007/5007/5007
f 3454/3454/3454  3438/3438/3438  3436/3436/3436
f 5005/5005/5005  3437/3437/3437  3439/3439/3439
f 3456/3456/3456  3454/3454/3454  3436/3436/3436
f 5007/5007/5007  3437/3437/3437  5005/5005/5005
f 3452/3452/3452  3440/3440/3440  3438/3438/3438
f 5003/5003/5003  3439/3439/3439  3441/3441/3441
f 3454/3454/3454  3452/3452/3452  3438/3438/3438
f 5005/5005/5005  3439/3439/3439  5003/5003/5003
f 3450/3450/3450  3442/3442/3442  3440/3440/3440
f 4999/4999/4999  3441/3441/3441  3443/3443/3443
f 3452/3452/3452  3450/3450/3450  3440/3440/3440
f 5001/5001/5001  3441/3441/3441  4999/4999/4999
f 5003/5003/5003  3441/3441/3441  5001/5001/5001
f 3447/3447/3447  3444/3444/3444  3442/3442/3442
f 4997/4997/4997  3443/3443/3443  3446/3446/3446
f 3450/3450/3450  3447/3447/3447  3442/3442/3442
f 4999/4999/4999  3443/3443/3443  4997/4997/4997
f 4466/4466/4466  3445/3445/3445  3448/3448/3448
f 4466/4466/4466  4452/4452/4452  3445/3445/3445
f 4993/4993/4993  3446/3446/3446  4453/4453/4453
f 4995/4995/4995  3446/3446/3446  4993/4993/4993
f 4997/4997/4997  3446/3446/3446  4995/4995/4995
f 5026/5026/5026  3449/3449/3449  3451/3451/3451
f 5022/5022/5022  4467/4467/4467  3449/3449/3449
f 5024/5024/5024  5022/5022/5022  3449/3449/3449
f 5026/5026/5026  5024/5024/5024  3449/3449/3449
f 5028/5028/5028  3451/3451/3451  3453/3453/3453
f 5028/5028/5028  5026/5026/5026  3451/3451/3451
f 5032/5032/5032  3453/3453/3453  3455/3455/3455
f 5030/5030/5030  5028/5028/5028  3453/3453/3453
f 5032/5032/5032  5030/5030/5030  3453/3453/3453
f 5034/5034/5034  3455/3455/3455  3457/3457/3457
f 5034/5034/5034  5032/5032/5032  3455/3455/3455
f 5036/5036/5036  5034/5034/5034  3457/3457/3457
f 5038/5038/5038  5036/5036/5036  3457/3457/3457
f 3487/3487/3487  3461/3461/3461  3458/3458/3458
f 5060/5060/5060  3460/3460/3460  3462/3462/3462
f 3495/3495/3495  3487/3487/3487  3458/3458/3458
f 5056/5056/5056  3496/3496/3496  3459/3459/3459
f 5058/5058/5058  5056/5056/5056  3459/3459/3459
f 3485/3485/3485  3463/3463/3463  3461/3461/3461
f 5062/5062/5062  3462/3462/3462  3464/3464/3464
f 3487/3487/3487  3485/3485/3485  3461/3461/3461
f 5062/5062/5062  5060/5060/5060  3462/3462/3462
f 3485/3485/3485  3465/3465/3465  3463/3463/3463
f 5064/5064/5064  3464/3464/3464  3466/3466/3466
f 5064/5064/5064  5062/5062/5062  3464/3464/3464
f 3483/3483/3483  3467/3467/3467  3465/3465/3465
f 5066/5066/5066  3466/3466/3466  3468/3468/3468
f 3485/3485/3485  3483/3483/3483  3465/3465/3465
f 5066/5066/5066  5064/5064/5064  3466/3466/3466
f 3483/3483/3483  3469/3469/3469  3467/3467/3467
f 5066/5066/5066  3468/3468/3468  3470/3470/3470
f 3481/3481/3481  3471/3471/3471  3469/3469/3469
f 5068/5068/5068  3470/3470/3470  3472/3472/3472
f 3483/3483/3483  3481/3481/3481  3469/3469/3469
f 5068/5068/5068  5066/5066/5066  3470/3470/3470
f 3481/3481/3481  3473/3473/3473  3471/3471/3471
f 5070/5070/5070  3472/3472/3472  3474/3474/3474
f 5070/5070/5070  5068/5068/5068  3472/3472/3472
f 3478/3478/3478  3475/3475/3475  3473/3473/3473
f 5072/5072/5072  3474/3474/3474  3477/3477/3477
f 3481/3481/3481  3478/3478/3478  3473/3473/3473
f 5072/5072/5072  5070/5070/5070  3474/3474/3474
f 4498/4498/4498  3476/3476/3476  3479/3479/3479
f 4498/4498/4498  4484/4484/4484  3476/3476/3476
f 5074/5074/5074  3477/3477/3477  4485/4485/4485
f 5074/5074/5074  5072/5072/5072  3477/3477/3477
f 5039/5039/5039  3480/3480/3480  3482/3482/3482
f 5043/5043/5043  4499/4499/4499  3480/3480/3480
f 5041/5041/5041  3480/3480/3480  5039/5039/5039
f 5043/5043/5043  3480/3480/3480  5041/5041/5041
f 5037/5037/5037  3482/3482/3482  3484/3484/3484
f 5039/5039/5039  3482/3482/3482  5037/5037/5037
f 5033/5033/5033  3484/3484/3484  3486/3486/3486
f 5035/5035/5035  3484/3484/3484  5033/5033/5033
f 5037/5037/5037  3484/3484/3484  5035/5035/5035
f 5031/5031/5031  3486/3486/3486  3488/3488/3488
f 5033/5033/5033  3486/3486/3486  5031/5031/5031
f 3492/3492/3492  3489/3489/3489  3487/3487/3487
f 5027/5027/5027  3488/3488/3488  3491/3491/3491
f 3495/3495/3495  3492/3492/3492  3487/3487/3487
f 5029/5029/5029  3488/3488/3488  5027/5027/5027
f 5031/5031/5031  3488/3488/3488  5029/5029/5029
f 4482/4482/4482  3490/3490/3490  3493/3493/3493
f 4482/4482/4482  4468/4468/4468  3490/3490/3490
f 5025/5025/5025  3491/3491/3491  4469/4469/4469
f 5027/5027/5027  3491/3491/3491  5025/5025/5025
f 5056/5056/5056  3494/3494/3494  3496/3496/3496
f 5054/5054/5054  4483/4483/4483  3494/3494/3494
f 5056/5056/5056  5054/5054/5054  3494/3494/3494
f 3527/3527/3527  3500/3500/3500  3497/3497/3497
f 4458/4458/4458  3498/3498/3498  3501/3501/3501
f 5008/5008/5008  3528/3528/3528  3499/3499/3499
f 4460/4460/4460  3498/3498/3498  4458/4458/4458
f 5010/5010/5010  3499/3499/3499  4461/4461/4461
f 5010/5010/5010  5008/5008/5008  3499/3499/3499
f 3527/3527/3527  3503/3503/3503  3500/3500/3500
f 4977/4977/4977  3502/3502/3502  3504/3504/3504
f 4981/4981/4981  4459/4459/4459  3502/3502/3502
f 4979/4979/4979  3502/3502/3502  4977/4977/4977
f 4981/4981/4981  3502/3502/3502  4979/4979/4979
f 3525/3525/3525  3505/3505/3505  3503/3503/3503
f 4975/4975/4975  3504/3504/3504  3506/3506/3506
f 3527/3527/3527  3525/3525/3525  3503/3503/3503
f 4977/4977/4977  3504/3504/3504  4975/4975/4975
f 3523/3523/3523  3507/3507/3507  3505/3505/3505
f 4973/4973/4973  3506/3506/3506  3508/3508/3508
f 3525/3525/3525  3523/3523/3523  3505/3505/3505
f 4975/4975/4975  3506/3506/3506  4973/4973/4973
f 3521/3521/3521  3509/3509/3509  3507/3507/3507
f 4971/4971/4971  3508/3508/3508  3510/3510/3510
f 3523/3523/3523  3521/3521/3521  3507/3507/3507
f 4973/4973/4973  3508/3508/3508  4971/4971/4971
f 3519/3519/3519  3511/3511/3511  3509/3509/3509
f 4969/4969/4969  3510/3510/3510  3512/3512/3512
f 3521/3521/3521  3519/3519/3519  3509/3509/3509
f 4971/4971/4971  3510/3510/3510  4969/4969/4969
f 3516/3516/3516  3513/3513/3513  3511/3511/3511
f 4965/4965/4965  3512/3512/3512  3515/3515/3515
f 3519/3519/3519  3516/3516/3516  3511/3511/3511
f 4967/4967/4967  3512/3512/3512  4965/4965/4965
f 4969/4969/4969  3512/3512/3512  4967/4967/4967
f 4440/4440/4440  3514/3514/3514  3517/3517/3517
f 4442/4442/4442  3514/3514/3514  4440/4440/4440
f 4994/4994/4994  3518/3518/3518  3520/3520/3520
f 4992/4992/4992  4441/4441/4441  3518/3518/3518
f 4994/4994/4994  4992/4992/4992  3518/3518/3518
f 4998/4998/4998  3520/3520/3520  3522/3522/3522
f 4996/4996/4996  4994/4994/4994  3520/3520/3520
f 4998/4998/4998  4996/4996/4996  3520/3520/3520
f 5000/5000/5000  3522/3522/3522  3524/3524/3524
f 5000/5000/5000  4998/4998/4998  3522/3522/3522
f 5004/5004/5004  3524/3524/3524  3526/3526/3526
f 5002/5002/5002  5000/5000/5000  3524/3524/3524
f 5004/5004/5004  5002/5002/5002  3524/3524/3524
f 5006/5006/5006  3526/3526/3526  3528/3528/3528
f 5006/5006/5006  5004/5004/5004  3526/3526/3526
f 5008/5008/5008  5006/5006/5006  3528/3528/3528
f 3570/3570/3570  3532/3532/3532  3529/3529/3529
f 4490/4490/4490  3530/3530/3530  3533/3533/3533
f 5057/5057/5057  3571/3571/3571  3531/3531/3531
f 4492/4492/4492  3530/3530/3530  4490/4490/4490
f 5055/5055/5055  3531/3531/3531  4493/4493/4493
f 5057/5057/5057  3531/3531/3531  5055/5055/5055
f 3570/3570/3570  3535/3535/3535  3532/3532/3532
f 5088/5088/5088  3534/3534/3534  3536/3536/3536
f 5086/5086/5086  4491/4491/4491  3534/3534/3534
f 5088/5088/5088  5086/5086/5086  3534/3534/3534
f 3567/3567/3567  3537/3537/3537  3535/3535/3535
f 5090/5090/5090  3536/3536/3536  3538/3538/3538
f 3570/3570/3570  3567/3567/3567  3535/3535/3535
f 5090/5090/5090  5088/5088/5088  3536/3536/3536
f 3563/3563/3563  3539/3539/3539  3537/3537/3537
f 5092/5092/5092  3538/3538/3538  3540/3540/3540
f 3565/3565/3565  3563/3563/3563  3537/3537/3537
f 3567/3567/3567  3565/3565/3565  3537/3537/3537
f 5092/5092/5092  5090/5090/5090  3538/3538/3538
f 3559/3559/3559  3541/3541/3541  3539/3539/3539
f 5094/5094/5094  3540/3540/3540  3542/3542/3542
f 3561/3561/3561  3559/3559/3559  3539/3539/3539
f 3563/3563/3563  3561/3561/3561  3539/3539/3539
f 5094/5094/5094  5092/5092/5092  3540/3540/3540
f 3555/3555/3555  3543/3543/3543  3541/3541/3541
f 5098/5098/5098  3542/3542/3542  3544/3544/3544
f 3557/3557/3557  3555/3555/3555  3541/3541/3541
f 3559/3559/3559  3557/3557/3557  3541/3541/3541
f 5096/5096/5096  5094/5094/5094  3542/3542/3542
f 5098/5098/5098  5096/5096/5096  3542/3542/3542
f 3553/3553/3553  3545/3545/3545  3543/3543/3543
f 5100/5100/5100  3544/3544/3544  3546/3546/3546
f 3555/3555/3555  3553/3553/3553  3543/3543/3543
f 5100/5100/5100  5098/5098/5098  3544/3544/3544
f 3550/3550/3550  3547/3547/3547  3545/3545/3545
f 5102/5102/5102  3546/3546/3546  3549/3549/3549
f 3553/3553/3553  3550/3550/3550  3545/3545/3545
f 5102/5102/5102  5100/5100/5100  3546/3546/3546
f 4506/4506/4506  3548/3548/3548  3551/3551/3551
f 4508/4508/4508  3548/3548/3548  4506/4506/4506
f 5104/5104/5104  3549/3549/3549  4509/4509/4509
f 5104/5104/5104  5102/5102/5102  3549/3549/3549
f 5073/5073/5073  3552/3552/3552  3554/3554/3554
f 5075/5075/5075  4507/4507/4507  3552/3552/3552
f 5075/5075/5075  3552/3552/3552  5073/5073/5073
f 5071/5071/5071  3554/3554/3554  3556/3556/3556
f 5073/5073/5073  3554/3554/3554  5071/5071/5071
f 5069/5069/5069  3556/3556/3556  3558/3558/3558
f 5071/5071/5071  3556/3556/3556  5069/5069/5069
f 5069/5069/5069  3558/3558/3558  3560/3560/3560
f 5067/5067/5067  3560/3560/3560  3562/3562/3562
f 5069/5069/5069  3560/3560/3560  5067/5067/5067
f 5065/5065/5065  3562/3562/3562  3564/3564/3564
f 5067/5067/5067  3562/3562/3562  5065/5065/5065
f 5063/5063/5063  3564/3564/3564  3566/3566/3566
f 5065/5065/5065  3564/3564/3564  5063/5063/5063
f 5063/5063/5063  3566/3566/3566  3569/3569/3569
f 5059/5059/5059  3568/3568/3568  3571/3571/3571
f 5063/5063/5063  3569/3569/3569  5061/5061/5061
f 5059/5059/5059  3571/3571/3571  5057/5057/5057
f 3604/3604/3604  3575/3575/3575  3572/3572/3572
f 4522/4522/4522  3573/3573/3573  3576/3576/3576
f 5132/5132/5132  3605/3605/3605  3574/3574/3574
f 4524/4524/4524  3573/3573/3573  4522/4522/4522
f 5134/5134/5134  3574/3574/3574  4525/4525/4525
f 5134/5134/5134  5132/5132/5132  3574/3574/3574
f 3604/3604/3604  3578/3578/3578  3575/3575/3575
f 5103/5103/5103  3577/3577/3577  3579/3579/3579
f 5105/5105/5105  4523/4523/4523  3577/3577/3577
f 5105/5105/5105  3577/3577/3577  5103/5103/5103
f 3604/3604/3604  3580/3580/3580  3578/3578/3578
f 5101/5101/5101  3579/3579/3579  3581/3581/3581
f 5103/5103/5103  3579/3579/3579  5101/5101/5101
f 3602/3602/3602  3582/3582/3582  3580/3580/3580
f 5099/5099/5099  3581/3581/3581  3583/3583/3583
f 3604/3604/3604  3602/3602/3602  3580/3580/3580
f 5101/5101/5101  3581/3581/3581  5099/5099/5099
f 3600/3600/3600  3584/3584/3584  3582/3582/3582
f 5097/5097/5097  3583/3583/3583  3585/3585/3585
f 3602/3602/3602  3600/3600/3600  3582/3582/3582
f 5099/5099/5099  3583/3583/3583  5097/5097/5097
f 3598/3598/3598  3586/3586/3586  3584/3584/3584
f 5093/5093/5093  3585/3585/3585  3587/3587/3587
f 3600/3600/3600  3598/3598/3598  3584/3584/3584
f 5095/5095/5095  3585/3585/3585  5093/5093/5093
f 5097/5097/5097  3585/3585/3585  5095/5095/5095
f 3596/3596/3596  3588/3588/3588  3586/3586/3586
f 5091/5091/5091  3587/3587/3587  3589/3589/3589
f 3598/3598/3598  3596/3596/3596  3586/3586/3586
f 5093/5093/5093  3587/3587/3587  5091/5091/5091
f 3593/3593/3593  3590/3590/3590  3588/3588/3588
f 5089/5089/5089  3589/3589/3589  3592/3592/3592
f 3596/3596/3596  3593/3593/3593  3588/3588/3588
f 5091/5091/5091  3589/3589/3589  5089/5089/5089
f 4514/4514/4514  3591/3591/3591  3594/3594/3594
f 4514/4514/4514  4500/4500/4500  3591/3591/3591
f 5087/5087/5087  3592/3592/3592  4501/4501/4501
f 5089/5089/5089  3592/3592/3592  5087/5087/5087
f 5118/5118/5118  3595/3595/3595  3597/3597/3597
f 5116/5116/5116  4515/4515/4515  3595/3595/3595
f 5118/5118/5118  5116/5116/5116  3595/3595/3595
f 5120/5120/5120  3597/3597/3597  3599/3599/3599
f 5120/5120/5120  5118/5118/5118  3597/3597/3597
f 5122/5122/5122  3599/3599/3599  3601/3601/3601
f 5122/5122/5122  5120/5120/5120  3599/3599/3599
f 5126/5126/5126  3601/3601/3601  3603/3603/3603
f 5124/5124/5124  5122/5122/5122  3601/3601/3601
f 5126/5126/5126  5124/5124/5124  3601/3601/3601
f 5128/5128/5128  3603/3603/3603  3605/3605/3605
f 5128/5128/5128  5126/5126/5126  3603/3603/3603
f 5130/5130/5130  5128/5128/5128  3605/3605/3605
f 5132/5132/5132  5130/5130/5130  3605/3605/3605
f 3636/3636/3636  3609/3609/3609  3606/3606/3606
f 4543/4543/4543  3607/3607/3607  3610/3610/3610
f 5162/5162/5162  3637/3637/3637  3608/3608/3608
f 4545/4545/4545  3607/3607/3607  4543/4543/4543
f 5164/5164/5164  3608/3608/3608  4546/4546/4546
f 5164/5164/5164  5162/5162/5162  3608/3608/3608
f 3636/3636/3636  3612/3612/3612  3609/3609/3609
f 5133/5133/5133  3611/3611/3611  3613/3613/3613
f 5137/5137/5137  4544/4544/4544  3611/3611/3611
f 5135/5135/5135  3611/3611/3611  5133/5133/5133
f 5137/5137/5137  3611/3611/3611  5135/5135/5135
f 3636/3636/3636  3614/3614/3614  3612/3612/3612
f 5131/5131/5131  3613/3613/3613  3615/3615/3615
f 5133/5133/5133  3613/3613/3613  5131/5131/5131
f 3632/3632/3632  3616/3616/3616  3614/3614/3614
f 5127/5127/5127  3615/3615/3615  3617/3617/3617
f 3634/3634/3634  3632/3632/3632  3614/3614/3614
f 3636/3636/3636  3634/3634/3634  3614/3614/3614
f 5129/5129/5129  3615/3615/3615  5127/5127/5127
f 5131/5131/5131  3615/3615/3615  5129/5129/5129
f 3630/3630/3630  3618/3618/3618  3616/3616/3616
f 5125/5125/5125  3617/3617/3617  3619/3619/3619
f 3632/3632/3632  3630/3630/3630  3616/3616/3616
f 5127/5127/5127  3617/3617/3617  5125/5125/5125
f 3628/3628/3628  3620/3620/3620  3618/3618/3618
f 5121/5121/5121  3619/3619/3619  3621/3621/3621
f 3630/3630/3630  3628/3628/3628  3618/3618/3618
f 5123/5123/5123  3619/3619/3619  5121/5121/5121
f 5125/5125/5125  3619/3619/3619  5123/5123/5123
f 3625/3625/3625  3622/3622/3622  3620/3620/3620
f 5121/5121/5121  3621/3621/3621  3624/3624/3624
f 3628/3628/3628  3625/3625/3625  3620/3620/3620
f 4530/4530/4530  3623/3623/3623  3626/3626/3626
f 4530/4530/4530  4516/4516/4516  3623/3623/3623
f 5119/5119/5119  3624/3624/3624  4517/4517/4517
f 5121/5121/5121  3624/3624/3624  5119/5119/5119
f 5150/5150/5150  3627/3627/3627  3629/3629/3629
f 5146/5146/5146  4531/4531/4531  3627/3627/3627
f 5148/5148/5148  5146/5146/5146  3627/3627/3627
f 5150/5150/5150  5148/5148/5148  3627/3627/3627
f 5152/5152/5152  3629/3629/3629  3631/3631/3631
f 5152/5152/5152  5150/5150/5150  3629/3629/3629
f 5154/5154/5154  3631/3631/3631  3633/3633/3633
f 5154/5154/5154  5152/5152/5152  3631/3631/3631
f 5156/5156/5156  3633/3633/3633  3635/3635/3635
f 5156/5156/5156  5154/5154/5154  3633/3633/3633
f 5158/5158/5158  3635/3635/3635  3637/3637/3637
f 5158/5158/5158  5156/5156/5156  3635/3635/3635
f 5160/5160/5160  5158/5158/5158  3637/3637/3637
f 5162/5162/5162  5160/5160/5160  3637/3637/3637
f 3668/3668/3668  3641/3641/3641  3638/3638/3638
f 4535/4535/4535  3639/3639/3639  3642/3642/3642
f 5151/5151/5151  3669/3669/3669  3640/3640/3640
f 4535/4535/4535  4532/4532/4532  3639/3639/3639
f 4537/4537/4537  3639/3639/3639  4532/4532/4532
f 5149/5149/5149  3640/3640/3640  4538/4538/4538
f 5151/5151/5151  3640/3640/3640  5149/5149/5149
f 3668/3668/3668  3644/3644/3644  3641/3641/3641
f 5182/5182/5182  3643/3643/3643  3645/3645/3645
f 5180/5180/5180  4536/4536/4536  3643/3643/3643
f 5182/5182/5182  5180/5180/5180  3643/3643/3643
f 3668/3668/3668  3646/3646/3646  3644/3644/3644
f 5182/5182/5182  3645/3645/3645  3647/3647/3647
f 3666/3666/3666  3648/3648/3648  3646/3646/3646
f 5184/5184/5184  3647/3647/3647  3649/3649/3649
f 3668/3668/3668  3666/3666/3666  3646/3646/3646
f 5184/5184/5184  5182/5182/5182  3647/3647/3647
f 3664/3664/3664  3650/3650/3650  3648/3648/3648
f 5188/5188/5188  3649/3649/3649  3651/3651/3651
f 3666/3666/3666  3664/3664/3664  3648/3648/3648
f 5186/5186/5186  5184/5184/5184  3649/3649/3649
f 5188/5188/5188  5186/5186/5186  3649/3649/3649
f 3662/3662/3662  3652/3652/3652  3650/3650/3650
f 5190/5190/5190  3651/3651/3651  3653/3653/3653
f 3664/3664/3664  3662/3662/3662  3650/3650/3650
f 5190/5190/5190  5188/5188/5188  3651/3651/3651
f 3657/3657/3657  3654/3654/3654  3652/3652/3652
f 5194/5194/5194  3653/3653/3653  3656/3656/3656
f 3660/3660/3660  3657/3657/3657  3652/3652/3652
f 3662/3662/3662  3660/3660/3660  3652/3652/3652
f 5192/5192/5192  5190/5190/5190  3653/3653/3653
f 5194/5194/5194  5192/5192/5192  3653/3653/3653
f 4568/4568/4568  3655/3655/3655  3658/3658/3658
f 4568/4568/4568  4551/4551/4551  3655/3655/3655
f 5196/5196/5196  3656/3656/3656  4552/4552/4552
f 5196/5196/5196  5194/5194/5194  3656/3656/3656
f 5163/5163/5163  3659/3659/3659  3661/3661/3661
f 5167/5167/5167  4569/4569/4569  3659/3659/3659
f 5165/5165/5165  3659/3659/3659  5163/5163/5163
f 5167/5167/5167  3659/3659/3659  5165/5165/5165
f 5161/5161/5161  3661/3661/3661  3663/3663/3663
f 5163/5163/5163  3661/3661/3661  5161/5161/5161
f 5157/5157/5157  3663/3663/3663  3665/3665/3665
f 5159/5159/5159  3663/3663/3663  5157/5157/5157
f 5161/5161/5161  3663/3663/3663  5159/5159/5159
f 5157/5157/5157  3665/3665/3665  3667/3667/3667
f 5155/5155/5155  3667/3667/3667  3669/3669/3669
f 5157/5157/5157  3667/3667/3667  5155/5155/5155
f 5153/5153/5153  3669/3669/3669  5151/5151/5151
f 5155/5155/5155  3669/3669/3669  5153/5153/5153
f 3700/3700/3700  3673/3673/3673  3670/3670/3670
f 4613/4613/4613  3671/3671/3671  3674/3674/3674
f 5224/5224/5224  3701/3701/3701  3672/3672/3672
f 4615/4615/4615  3671/3671/3671  4613/4613/4613
f 5228/5228/5228  3672/3672/3672  4616/4616/4616
f 5226/5226/5226  5224/5224/5224  3672/3672/3672
f 5228/5228/5228  5226/5226/5226  3672/3672/3672
f 3700/3700/3700  3676/3676/3676  3673/3673/3673
f 5195/5195/5195  3675/3675/3675  3677/3677/3677
f 5199/5199/5199  4614/4614/4614  3675/3675/3675
f 5197/5197/5197  3675/3675/3675  5195/5195/5195
f 5199/5199/5199  3675/3675/3675  5197/5197/5197
f 3700/3700/3700  3678/3678/3678  3676/3676/3676
f 5193/5193/5193  3677/3677/3677  3679/3679/3679
f 5195/5195/5195  3677/3677/3677  5193/5193/5193
f 3696/3696/3696  3680/3680/3680  3678/3678/3678
f 5189/5189/5189  3679/3679/3679  3681/3681/3681
f 3698/3698/3698  3696/3696/3696  3678/3678/3678
f 3700/3700/3700  3698/3698/3698  3678/3678/3678
f 5191/5191/5191  3679/3679/3679  5189/5189/5189
f 5193/5193/5193  3679/3679/3679  5191/5191/5191
f 3694/3694/3694  3682/3682/3682  3680/3680/3680
f 5187/5187/5187  3681/3681/3681  3683/3683/3683
f 3696/3696/3696  3694/3694/3694  3680/3680/3680
f 5189/5189/5189  3681/3681/3681  5187/5187/5187
f 3692/3692/3692  3684/3684/3684  3682/3682/3682
f 5185/5185/5185  3683/3683/3683  3685/3685/3685
f 3694/3694/3694  3692/3692/3692  3682/3682/3682
f 5187/5187/5187  3683/3683/3683  5185/5185/5185
f 3689/3689/3689  3686/3686/3686  3684/3684/3684
f 5183/5183/5183  3685/3685/3685  3688/3688/3688
f 3692/3692/3692  3689/3689/3689  3684/3684/3684
f 5185/5185/5185  3685/3685/3685  5183/5183/5183
f 4557/4557/4557  3687/3687/3687  3690/3690/3690
f 4559/4559/4559  3687/3687/3687  4557/4557/4557
f 5181/5181/5181  3688/3688/3688  4560/4560/4560
f 5183/5183/5183  3688/3688/3688  5181/5181/5181
f 5212/5212/5212  3691/3691/3691  3693/3693/3693
f 5208/5208/5208  4558/4558/4558  3691/3691/3691
f 5210/5210/5210  5208/5208/5208  3691/3691/3691
f 5212/5212/5212  5210/5210/5210  3691/3691/3691
f 5214/5214/5214  3693/3693/3693  3695/3695/3695
f 5214/5214/5214  5212/5212/5212  3693/3693/3693
f 5218/5218/5218  3695/3695/3695  3697/3697/3697
f 5216/5216/5216  5214/5214/5214  3695/3695/3695
f 5218/5218/5218  5216/5216/5216  3695/3695/3695
f 5220/5220/5220  3697/3697/3697  3699/3699/3699
f 5220/5220/5220  5218/5218/5218  3697/3697/3697
f 5222/5222/5222  3699/3699/3699  3701/3701/3701
f 5222/5222/5222  5220/5220/5220  3699/3699/3699
f 5224/5224/5224  5222/5222/5222  3701/3701/3701
f 3730/3730/3730  3705/3705/3705  3702/3702/3702
f 4576/4576/4576  3703/3703/3703  3706/3706/3706
f 5254/5254/5254  3731/3731/3731  3704/3704/3704
f 4578/4578/4578  3703/3703/3703  4576/4576/4576
f 5258/5258/5258  3704/3704/3704  4579/4579/4579
f 5256/5256/5256  5254/5254/5254  3704/3704/3704
f 5258/5258/5258  5256/5256/5256  3704/3704/3704
f 3730/3730/3730  3708/3708/3708  3705/3705/3705
f 5227/5227/5227  3707/3707/3707  3709/3709/3709
f 5229/5229/5229  4577/4577/4577  3707/3707/3707
f 5229/5229/5229  3707/3707/3707  5227/5227/5227
f 3730/3730/3730  3710/3710/3710  3708/3708/3708
f 5223/5223/5223  3709/3709/3709  3711/3711/3711
f 5225/5225/5225  3709/3709/3709  5223/5223/5223
f 5227/5227/5227  3709/3709/3709  5225/5225/5225
f 3728/3728/3728  3712/3712/3712  3710/3710/3710
f 5221/5221/5221  3711/3711/3711  3713/3713/3713
f 3730/3730/3730  3728/3728/3728  3710/3710/3710
f 5223/5223/5223  3711/3711/3711  5221/5221/5221
f 3726/3726/3726  3714/3714/3714  3712/3712/3712
f 5219/5219/5219  3713/3713/3713  3715/3715/3715
f 3728/3728/3728  3726/3726/3726  3712/3712/3712
f 5221/5221/5221  3713/3713/3713  5219/5219/5219
f 3724/3724/3724  3716/3716/3716  3714/3714/3714
f 5217/5217/5217  3715/3715/3715  3717/3717/3717
f 3726/3726/3726  3724/3724/3724  3714/3714/3714
f 5219/5219/5219  3715/3715/3715  5217/5217/5217
f 3721/3721/3721  3718/3718/3718  3716/3716/3716
f 5213/5213/5213  3717/3717/3717  3720/3720/3720
f 3724/3724/3724  3721/3721/3721  3716/3716/3716
f 5215/5215/5215  3717/3717/3717  5213/5213/5213
f 5217/5217/5217  3717/3717/3717  5215/5215/5215
f 4621/4621/4621  3719/3719/3719  3722/3722/3722
f 4621/4621/4621  4607/4607/4607  3719/3719/3719
f 5211/5211/5211  3720/3720/3720  4608/4608/4608
f 5213/5213/5213  3720/3720/3720  5211/5211/5211
f 5242/5242/5242  3723/3723/3723  3725/3725/3725
f 5240/5240/5240  4622/4622/4622  3723/3723/3723
f 5242/5242/5242  5240/5240/5240  3723/3723/3723
f 5246/5246/5246  3725/3725/3725  3727/3727/3727
f 5244/5244/5244  5242/5242/5242  3725/3725/3725
f 5246/5246/5246  5244/5244/5244  3725/3725/3725
f 5248/5248/5248  3727/3727/3727  3729/3729/3729
f 5248/5248/5248  5246/5246/5246  3727/3727/3727
f 5252/5252/5252  3729/3729/3729  3731/3731/3731
f 5250/5250/5250  5248/5248/5248  3729/3729/3729
f 5252/5252/5252  5250/5250/5250  3729/3729/3729
f 5254/5254/5254  5252/5252/5252  3731/3731/3731
f 3760/3760/3760  3735/3735/3735  3732/3732/3732
f 4599/4599/4599  3733/3733/3733  3736/3736/3736
f 5284/5284/5284  3761/3761/3761  3734/3734/3734
f 4601/4601/4601  3733/3733/3733  4599/4599/4599
f 5288/5288/5288  3734/3734/3734  4602/4602/4602
f 5286/5286/5286  5284/5284/5284  3734/3734/3734
f 5288/5288/5288  5286/5286/5286  3734/3734/3734
f 3760/3760/3760  3738/3738/3738  3735/3735/3735
f 5257/5257/5257  3737/3737/3737  3739/3739/3739
f 5259/5259/5259  4600/4600/4600  3737/3737/3737
f 5259/5259/5259  3737/3737/3737  5257/5257/5257
f 3758/3758/3758  3740/3740/3740  3738/3738/3738
f 5253/5253/5253  3739/3739/3739  3741/3741/3741
f 3760/3760/3760  3758/3758/3758  3738/3738/3738
f 5255/5255/5255  3739/3739/3739  5253/5253/5253
f 5257/5257/5257  3739/3739/3739  5255/5255/5255
f 3756/3756/3756  3742/3742/3742  3740/3740/3740
f 5251/5251/5251  3741/3741/3741  3743/3743/3743
f 3758/3758/3758  3756/3756/3756  3740/3740/3740
f 5253/5253/5253  3741/3741/3741  5251/5251/5251
f 3754/3754/3754  3744/3744/3744  3742/3742/3742
f 5247/5247/5247  3743/3743/3743  3745/3745/3745
f 3756/3756/3756  3754/3754/3754  3742/3742/3742
f 5249/5249/5249  3743/3743/3743  5247/5247/5247
f 5251/5251/5251  3743/3743/3743  5249/5249/5249
f 3749/3749/3749  3746/3746/3746  3744/3744/3744
f 5245/5245/5245  3745/3745/3745  3748/3748/3748
f 3752/3752/3752  3749/3749/3749  3744/3744/3744
f 3754/3754/3754  3752/3752/3752  3744/3744/3744
f 5247/5247/5247  3745/3745/3745  5245/5245/5245
f 4584/4584/4584  3747/3747/3747  3750/3750/3750
f 4584/4584/4584  4570/4570/4570  3747/3747/3747
f 5241/5241/5241  3748/3748/3748  4571/4571/4571
f 5243/5243/5243  3748/3748/3748  5241/5241/5241
f 5245/5245/5245  3748/3748/3748  5243/5243/5243
f 5272/5272/5272  3751/3751/3751  3753/3753/3753
f 5270/5270/5270  4585/4585/4585  3751/3751/3751
f 5272/5272/5272  5270/5270/5270  3751/3751/3751
f 5274/5274/5274  3753/3753/3753  3755/3755/3755
f 5274/5274/5274  5272/5272/5272  3753/3753/3753
f 5276/5276/5276  3755/3755/3755  3757/3757/3757
f 5276/5276/5276  5274/5274/5274  3755/3755/3755
f 5278/5278/5278  3757/3757/3757  3759/3759/3759
f 5278/5278/5278  5276/5276/5276  3757/3757/3757
f 5282/5282/5282  3759/3759/3759  3761/3761/3761
f 5280/5280/5280  5278/5278/5278  3759/3759/3759
f 5282/5282/5282  5280/5280/5280  3759/3759/3759
f 5284/5284/5284  5282/5282/5282  3761/3761/3761
f 3792/3792/3792  3765/3765/3765  3762/3762/3762
f 4591/4591/4591  3763/3763/3763  3766/3766/3766
f 5273/5273/5273  3793/3793/3793  3764/3764/3764
f 4593/4593/4593  3763/3763/3763  4591/4591/4591
f 5271/5271/5271  3764/3764/3764  4594/4594/4594
f 5273/5273/5273  3764/3764/3764  5271/5271/5271
f 3792/3792/3792  3768/3768/3768  3765/3765/3765
f 5304/5304/5304  3767/3767/3767  3769/3769/3769
f 5302/5302/5302  4592/4592/4592  3767/3767/3767
f 5304/5304/5304  5302/5302/5302  3767/3767/3767
f 3790/3790/3790  3770/3770/3770  3768/3768/3768
f 5308/5308/5308  3769/3769/3769  3771/3771/3771
f 3792/3792/3792  3790/3790/3790  3768/3768/3768
f 5306/5306/5306  5304/5304/5304  3769/3769/3769
f 5308/5308/5308  5306/5306/5306  3769/3769/3769
f 3788/3788/3788  3772/3772/3772  3770/3770/3770
f 5310/5310/5310  3771/3771/3771  3773/3773/3773
f 3790/3790/3790  3788/3788/3788  3770/3770/3770
f 5310/5310/5310  5308/5308/5308  3771/3771/3771
f 3786/3786/3786  3774/3774/3774  3772/3772/3772
f 5314/5314/5314  3773/3773/3773  3775/3775/3775
f 3788/3788/3788  3786/3786/3786  3772/3772/3772
f 5312/5312/5312  5310/5310/5310  3773/3773/3773
f 5314/5314/5314  5312/5312/5312  3773/3773/3773
f 3784/3784/3784  3776/3776/3776  3774/3774/3774
f 5316/5316/5316  3775/3775/3775  3777/3777/3777
f 3786/3786/3786  3784/3784/3784  3774/3774/3774
f 5316/5316/5316  5314/5314/5314  3775/3775/3775
f 3781/3781/3781  3778/3778/3778  3776/3776/3776
f 5318/5318/5318  3777/3777/3777  3780/3780/3780
f 3784/3784/3784  3781/3781/3781  3776/3776/3776
f 5318/5318/5318  5316/5316/5316  3777/3777/3777
f 4642/4642/4642  3779/3779/3779  3782/3782/3782
f 4642/4642/4642  4623/4623/4623  3779/3779/3779
f 5320/5320/5320  3780/3780/3780  4624/4624/4624
f 5320/5320/5320  5318/5318/5318  3780/3780/3780
f 5287/5287/5287  3783/3783/3783  3785/3785/3785
f 5289/5289/5289  4643/4643/4643  3783/3783/3783
f 5289/5289/5289  3783/3783/3783  5287/5287/5287
f 5283/5283/5283  3785/3785/3785  3787/3787/3787
f 5285/5285/5285  3785/3785/3785  5283/5283/5283
f 5287/5287/5287  3785/3785/3785  5285/5285/5285
f 5281/5281/5281  3787/3787/3787  3789/3789/3789
f 5283/5283/5283  3787/3787/3787  5281/5281/5281
f 5277/5277/5277  3789/3789/3789  3791/3791/3791
f 5279/5279/5279  3789/3789/3789  5277/5277/5277
f 5281/5281/5281  3789/3789/3789  5279/5279/5279
f 5275/5275/5275  3791/3791/3791  3793/3793/3793
f 5277/5277/5277  3791/3791/3791  5275/5275/5275
f 5275/5275/5275  3793/3793/3793  5273/5273/5273
f 3822/3822/3822  3797/3797/3797  3794/3794/3794
f 4685/4685/4685  3795/3795/3795  3798/3798/3798
f 5348/5348/5348  3823/3823/3823  3796/3796/3796
f 4687/4687/4687  3795/3795/3795  4685/4685/4685
f 5350/5350/5350  3796/3796/3796  4688/4688/4688
f 5350/5350/5350  5348/5348/5348  3796/3796/3796
f 3822/3822/3822  3800/3800/3800  3797/3797/3797
f 5319/5319/5319  3799/3799/3799  3801/3801/3801
f 5321/5321/5321  4686/4686/4686  3799/3799/3799
f 5321/5321/5321  3799/3799/3799  5319/5319/5319
f 3822/3822/3822  3802/3802/3802  3800/3800/3800
f 5317/5317/5317  3801/3801/3801  3803/3803/3803
f 5319/5319/5319  3801/3801/3801  5317/5317/5317
f 3820/3820/3820  3804/3804/3804  3802/3802/3802
f 5315/5315/5315  3803/3803/3803  3805/3805/3805
f 3822/3822/3822  3820/3820/3820  3802/3802/3802
f 5317/5317/5317  3803/3803/3803  5315/5315/5315
f 3818/3818/3818  3806/3806/3806  3804/3804/3804
f 5313/5313/5313  3805/3805/3805  3807/3807/3807
f 3820/3820/3820  3818/3818/3818  3804/3804/3804
f 5315/5315/5315  3805/3805/3805  5313/5313/5313
f 3816/3816/3816  3808/3808/3808  3806/3806/3806
f 5309/5309/5309  3807/3807/3807  3809/3809/3809
f 3818/3818/3818  3816/3816/3816  3806/3806/3806
f 5311/5311/5311  3807/3807/3807  5309/5309/5309
f 5313/5313/5313  3807/3807/3807  5311/5311/5311
f 3813/3813/3813  3810/3810/3810  3808/3808/3808
f 5307/5307/5307  3809/3809/3809  3812/3812/3812
f 3816/3816/3816  3813/3813/3813  3808/3808/3808
f 5309/5309/5309  3809/3809/3809  5307/5307/5307
f 4629/4629/4629  3811/3811/3811  3814/3814/3814
f 4631/4631/4631  3811/3811/3811  4629/4629/4629
f 5303/5303/5303  3812/3812/3812  4632/4632/4632
f 5305/5305/5305  3812/3812/3812  5303/5303/5303
f 5307/5307/5307  3812/3812/3812  5305/5305/5305
f 5336/5336/5336  3815/3815/3815  3817/3817/3817
f 5332/5332/5332  4630/4630/4630  3815/3815/3815
f 5334/5334/5334  5332/5332/5332  3815/3815/3815
f 5336/5336/5336  5334/5334/5334  3815/3815/3815
f 5338/5338/5338  3817/3817/3817  3819/3819/3819
f 5338/5338/5338  5336/5336/5336  3817/3817/3817
f 5342/5342/5342  3819/3819/3819  3821/3821/3821
f 5340/5340/5340  5338/5338/5338  3819/3819/3819
f 5342/5342/5342  5340/5340/5340  3819/3819/3819
f 5344/5344/5344  3821/3821/3821  3823/3823/3823
f 5344/5344/5344  5342/5342/5342  3821/3821/3821
f 5346/5346/5346  5344/5344/5344  3823/3823/3823
f 5348/5348/5348  5346/5346/5346  3823/3823/3823
f 3852/3852/3852  3827/3827/3827  3824/3824/3824
f 4650/4650/4650  3825/3825/3825  3828/3828/3828
f 5378/5378/5378  3853/3853/3853  3826/3826/3826
f 4652/4652/4652  3825/3825/3825  4650/4650/4650
f 5380/5380/5380  3826/3826/3826  4653/4653/4653
f 5380/5380/5380  5378/5378/5378  3826/3826/3826
f 3852/3852/3852  3830/3830/3830  3827/3827/3827
f 5349/5349/5349  3829/3829/3829  3831/3831/3831
f 5353/5353/5353  4651/4651/4651  3829/3829/3829
f 5351/5351/5351  3829/3829/3829  5349/5349/5349
f 5353/5353/5353  3829/3829/3829  5351/5351/5351
f 3850/3850/3850  3832/3832/3832  3830/3830/3830
f 5347/5347/5347  3831/3831/3831  3833/3833/3833
f 3852/3852/3852  3850/3850/3850  3830/3830/3830
f 5349/5349/5349  3831/3831/3831  5347/5347/5347
f 3848/3848/3848  3834/3834/3834  3832/3832/3832
f 5343/5343/5343  3833/3833/3833  3835/3835/3835
f 3850/3850/3850  3848/3848/3848  3832/3832/3832
f 5345/5345/5345  3833/3833/3833  5343/5343/5343
f 5347/5347/5347  3833/3833/3833  5345/5345/5345
f 3846/3846/3846  3836/3836/3836  3834/3834/3834
f 5341/5341/5341  3835/3835/3835  3837/3837/3837
f 3848/3848/3848  3846/3846/3846  3834/3834/3834
f 5343/5343/5343  3835/3835/3835  5341/5341/5341
f 3841/3841/3841  3838/3838/3838  3836/3836/3836
f 5337/5337/5337  3837/3837/3837  3840/3840/3840
f 3844/3844/3844  3841/3841/3841  3836/3836/3836
f 3846/3846/3846  3844/3844/3844  3836/3836/3836
f 5339/5339/5339  3837/3837/3837  5337/5337/5337
f 5341/5341/5341  3837/3837/3837  5339/5339/5339
f 4693/4693/4693  3839/3839/3839  3842/3842/3842
f 4693/4693/4693  4679/4679/4679  3839/3839/3839
f 5335/5335/5335  3840/3840/3840  4680/4680/4680
f 5337/5337/5337  3840/3840/3840  5335/5335/5335
f 5366/5366/5366  3843/3843/3843  3845/3845/3845
f 5362/5362/5362  4694/4694/4694  3843/3843/3843
f 5364/5364/5364  5362/5362/5362  3843/3843/3843
f 5366/5366/5366  5364/5364/5364  3843/3843/3843
f 5368/5368/5368  3845/3845/3845  3847/3847/3847
f 5368/5368/5368  5366/5366/5366  3845/3845/3845
f 5370/5370/5370  3847/3847/3847  3849/3849/3849
f 5370/5370/5370  5368/5368/5368  3847/3847/3847
f 5372/5372/5372  3849/3849/3849  3851/3851/3851
f 5372/5372/5372  5370/5370/5370  3849/3849/3849
f 5374/5374/5374  3851/3851/3851  3853/3853/3853
f 5374/5374/5374  5372/5372/5372  3851/3851/3851
f 5376/5376/5376  5374/5374/5374  3853/3853/3853
f 5378/5378/5378  5376/5376/5376  3853/3853/3853
f 3884/3884/3884  3857/3857/3857  3854/3854/3854
f 4675/4675/4675  3855/3855/3855  3858/3858/3858
f 5408/5408/5408  3885/3885/3885  3856/3856/3856
f 4677/4677/4677  3855/3855/3855  4675/4675/4675
f 5410/5410/5410  3856/3856/3856  4678/4678/4678
f 5410/5410/5410  5408/5408/5408  3856/3856/3856
f 3884/3884/3884  3860/3860/3860  3857/3857/3857
f 5379/5379/5379  3859/3859/3859  3861/3861/3861
f 5383/5383/5383  4676/4676/4676  3859/3859/3859
f 5381/5381/5381  3859/3859/3859  5379/5379/5379
f 5383/5383/5383  3859/3859/3859  5381/5381/5381
f 3882/3882/3882  3862/3862/3862  3860/3860/3860
f 5377/5377/5377  3861/3861/3861  3863/3863/3863
f 3884/3884/3884  3882/3882/3882  3860/3860/3860
f 5379/5379/5379  3861/3861/3861  5377/5377/5377
f 3880/3880/3880  3864/3864/3864  3862/3862/3862
f 5373/5373/5373  3863/3863/3863  3865/3865/3865
f 3882/3882/3882  3880/3880/3880  3862/3862/3862
f 5375/5375/5375  3863/3863/3863  5373/5373/5373
f 5377/5377/5377  3863/3863/3863  5375/5375/5375
f 3878/3878/3878  3866/3866/3866  3864/3864/3864
f 5373/5373/5373  3865/3865/3865  3867/3867/3867
f 3880/3880/3880  3878/3878/3878  3864/3864/3864
f 3878/3878/3878  3868/3868/3868  3866/3866/3866
f 5371/5371/5371  3867/3867/3867  3869/3869/3869
f 5373/5373/5373  3867/3867/3867  5371/5371/5371
f 3873/3873/3873  3870/3870/3870  3868/3868/3868
f 5367/5367/5367  3869/3869/3869  3872/3872/3872
f 3876/3876/3876  3873/3873/3873  3868/3868/3868
f 3878/3878/3878  3876/3876/3876  3868/3868/3868
f 5369/5369/5369  3869/3869/3869  5367/5367/5367
f 5371/5371/5371  3869/3869/3869  5369/5369/5369
f 4658/4658/4658  3871/3871/3871  3874/3874/3874
f 4658/4658/4658  4644/4644/4644  3871/3871/3871
f 5365/5365/5365  3872/3872/3872  4645/4645/4645
f 5367/5367/5367  3872/3872/3872  5365/5365/5365
f 5396/5396/5396  3875/3875/3875  3877/3877/3877
f 5392/5392/5392  4659/4659/4659  3875/3875/3875
f 5394/5394/5394  5392/5392/5392  3875/3875/3875
f 5396/5396/5396  5394/5394/5394  3875/3875/3875
f 5398/5398/5398  3877/3877/3877  3879/3879/3879
f 5398/5398/5398  5396/5396/5396  3877/3877/3877
f 5402/5402/5402  3879/3879/3879  3881/3881/3881
f 5400/5400/5400  5398/5398/5398  3879/3879/3879
f 5402/5402/5402  5400/5400/5400  3879/3879/3879
f 5404/5404/5404  3881/3881/3881  3883/3883/3883
f 5404/5404/5404  5402/5402/5402  3881/3881/3881
f 5408/5408/5408  3883/3883/3883  3885/3885/3885
f 5406/5406/5406  5404/5404/5404  3883/3883/3883
f 5408/5408/5408  5406/5406/5406  3883/3883/3883
f 3916/3916/3916  3889/3889/3889  3886/3886/3886
f 4667/4667/4667  3887/3887/3887  3890/3890/3890
f 5397/5397/5397  3917/3917/3917  3888/3888/3888
f 4669/4669/4669  3887/3887/3887  4667/4667/4667
f 5395/5395/5395  3888/3888/3888  4670/4670/4670
f 5397/5397/5397  3888/3888/3888  5395/5395/5395
f 3916/3916/3916  3892/3892/3892  3889/3889/3889
f 5428/5428/5428  3891/3891/3891  3893/3893/3893
f 5424/5424/5424  4668/4668/4668  3891/3891/3891
f 5426/5426/5426  5424/5424/5424  3891/3891/3891
f 5428/5428/5428  5426/5426/5426  3891/3891/3891
f 3916/3916/3916  3894/3894/3894  3892/3892/3892
f 5430/5430/5430  3893/3893/3893  3895/3895/3895
f 5430/5430/5430  5428/5428/5428  3893/3893/3893
f 3914/3914/3914  3896/3896/3896  3894/3894/3894
f 5434/5434/5434  3895/3895/3895  3897/3897/3897
f 3916/3916/3916  3914/3914/3914  3894/3894/3894
f 5432/5432/5432  5430/5430/5430  3895/3895/3895
f 5434/5434/5434  5432/5432/5432  3895/3895/3895
f 3912/3912/3912  3898/3898/3898  3896/3896/3896
f 5434/5434/5434  3897/3897/3897  3899/3899/3899
f 3914/3914/3914  3912/3912/3912  3896/3896/3896
f 3910/3910/3910  3900/3900/3900  3898/3898/3898
f 5436/5436/5436  3899/3899/3899  3901/3901/3901
f 3912/3912/3912  3910/3910/3910  3898/3898/3898
f 5436/5436/5436  5434/5434/5434  3899/3899/3899
f 3905/3905/3905  3902/3902/3902  3900/3900/3900
f 5440/5440/5440  3901/3901/3901  3904/3904/3904
f 3908/3908/3908  3905/3905/3905  3900/3900/3900
f 3910/3910/3910  3908/3908/3908  3900/3900/3900
f 5438/5438/5438  5436/5436/5436  3901/3901/3901
f 5440/5440/5440  5438/5438/5438  3901/3901/3901
f 4712/4712/4712  3903/3903/3903  3906/3906/3906
f 4709/4709/4709  4695/4695/4695  3903/3903/3903
f 5442/5442/5442  3904/3904/3904  4696/4696/4696
f 4712/4712/4712  4709/4709/4709  3903/3903/3903
f 5442/5442/5442  5440/5440/5440  3904/3904/3904
f 5411/5411/5411  3907/3907/3907  3909/3909/3909
f 5411/5411/5411  4713/4713/4713  3907/3907/3907
f 5409/5409/5409  3909/3909/3909  3911/3911/3911
f 5411/5411/5411  3909/3909/3909  5409/5409/5409
f 5407/5407/5407  3911/3911/3911  3913/3913/3913
f 5409/5409/5409  3911/3911/3911  5407/5407/5407
f 5403/5403/5403  3913/3913/3913  3915/3915/3915
f 5405/5405/5405  3913/3913/3913  5403/5403/5403
f 5407/5407/5407  3913/3913/3913  5405/5405/5405
f 5401/5401/5401  3915/3915/3915  3917/3917/3917
f 5403/5403/5403  3915/3915/3915  5401/5401/5401
f 5399/5399/5399  3917/3917/3917  5397/5397/5397
f 5401/5401/5401  3917/3917/3917  5399/5399/5399
f 3948/3948/3948  3921/3921/3921  3918/3918/3918
f 4720/4720/4720  3919/3919/3919  3922/3922/3922
f 5472/5472/5472  3949/3949/3949  3920/3920/3920
f 4722/4722/4722  3919/3919/3919  4720/4720/4720
f 5474/5474/5474  3920/3920/3920  4723/4723/4723
f 5474/5474/5474  5472/5472/5472  3920/3920/3920
f 3948/3948/3948  3924/3924/3924  3921/3921/3921
f 5441/5441/5441  3923/3923/3923  3925/3925/3925
f 5445/5445/5445  4721/4721/4721  3923/3923/3923
f 5443/5443/5443  3923/3923/3923  5441/5441/5441
f 5445/5445/5445  3923/3923/3923  5443/5443/5443
f 3946/3946/3946  3926/3926/3926  3924/3924/3924
f 5439/5439/5439  3925/3925/3925  3927/3927/3927
f 3948/3948/3948  3946/3946/3946  3924/3924/3924
f 5441/5441/5441  3925/3925/3925  5439/5439/5439
f 3944/3944/3944  3928/3928/3928  3926/3926/3926
f 5437/5437/5437  3927/3927/3927  3929/3929/3929
f 3946/3946/3946  3944/3944/3944  3926/3926/3926
f 5439/5439/5439  3927/3927/3927  5437/5437/5437
f 3942/3942/3942  3930/3930/3930  3928/3928/3928
f 5435/5435/5435  3929/3929/3929  3931/3931/3931
f 3944/3944/3944  3942/3942/3942  3928/3928/3928
f 5437/5437/5437  3929/3929/3929  5435/5435/5435
f 3942/3942/3942  3932/3932/3932  3930/3930/3930
f 5433/5433/5433  3931/3931/3931  3933/3933/3933
f 5435/5435/5435  3931/3931/3931  5433/5433/5433
f 3937/3937/3937  3934/3934/3934  3932/3932/3932
f 5429/5429/5429  3933/3933/3933  3936/3936/3936
f 3940/3940/3940  3937/3937/3937  3932/3932/3932
f 3942/3942/3942  3940/3940/3940  3932/3932/3932
f 5431/5431/5431  3933/3933/3933  5429/5429/5429
f 5433/5433/5433  3933/3933/3933  5431/5431/5431
f 4701/4701/4701  3935/3935/3935  3938/3938/3938
f 4703/4703/4703  3935/3935/3935  4701/4701/4701
f 5427/5427/5427  3936/3936/3936  4704/4704/4704
f 5429/5429/5429  3936/3936/3936  5427/5427/5427
f 5458/5458/5458  3939/3939/3939  3941/3941/3941
f 5456/5456/5456  4702/4702/4702  3939/3939/3939
f 5458/5458/5458  5456/5456/5456  3939/3939/3939
f 5462/5462/5462  3941/3941/3941  3943/3943/3943
f 5460/5460/5460  5458/5458/5458  3941/3941/3941
f 5462/5462/5462  5460/5460/5460  3941/3941/3941
f 5464/5464/5464  3943/3943/3943  3945/3945/3945
f 5464/5464/5464  5462/5462/5462  3943/3943/3943
f 5468/5468/5468  3945/3945/3945  3947/3947/3947
f 5466/5466/5466  5464/5464/5464  3945/3945/3945
f 5468/5468/5468  5466/5466/5466  3945/3945/3945
f 5470/5470/5470  3947/3947/3947  3949/3949/3949
f 5470/5470/5470  5468/5468/5468  3947/3947/3947
f 5472/5472/5472  5470/5470/5470  3949/3949/3949
f 3982/3982/3982  3953/3953/3953  3950/3950/3950
f 4736/4736/4736  3951/3951/3951  3954/3954/3954
f 5502/5502/5502  3983/3983/3983  3952/3952/3952
f 4738/4738/4738  3951/3951/3951  4736/4736/4736
f 5504/5504/5504  3952/3952/3952  4739/4739/4739
f 5504/5504/5504  5502/5502/5502  3952/3952/3952
f 3982/3982/3982  3956/3956/3956  3953/3953/3953
f 5473/5473/5473  3955/3955/3955  3957/3957/3957
f 5475/5475/5475  4737/4737/4737  3955/3955/3955
f 5475/5475/5475  3955/3955/3955  5473/5473/5473
f 3982/3982/3982  3958/3958/3958  3956/3956/3956
f 5471/5471/5471  3957/3957/3957  3959/3959/3959
f 5473/5473/5473  3957/3957/3957  5471/5471/5471
f 3978/3978/3978  3960/3960/3960  3958/3958/3958
f 5469/5469/5469  3959/3959/3959  3961/3961/3961
f 3980/3980/3980  3978/3978/3978  3958/3958/3958
f 3982/3982/3982  3980/3980/3980  3958/3958/3958
f 5471/5471/5471  3959/3959/3959  5469/5469/5469
f 3976/3976/3976  3962/3962/3962  3960/3960/3960
f 5467/5467/5467  3961/3961/3961  3963/3963/3963
f 3978/3978/3978  3976/3976/3976  3960/3960/3960
f 5469/5469/5469  3961/3961/3961  5467/5467/5467
f 3974/3974/3974  3964/3964/3964  3962/3962/3962
f 5463/5463/5463  3963/3963/3963  3965/3965/3965
f 3976/3976/3976  3974/3974/3974  3962/3962/3962
f 5465/5465/5465  3963/3963/3963  5463/5463/5463
f 5467/5467/5467  3963/3963/3963  5465/5465/5465
f 3969/3969/3969  3966/3966/3966  3964/3964/3964
f 5461/5461/5461  3965/3965/3965  3968/3968/3968
f 3972/3972/3972  3969/3969/3969  3964/3964/3964
f 3974/3974/3974  3972/3972/3972  3964/3964/3964
f 5463/5463/5463  3965/3965/3965  5461/5461/5461
f 4728/4728/4728  3967/3967/3967  3970/3970/3970
f 4728/4728/4728  4714/4714/4714  3967/3967/3967
f 5457/5457/5457  3968/3968/3968  4715/4715/4715
f 5459/5459/5459  3968/3968/3968  5457/5457/5457
f 5461/5461/5461  3968/3968/3968  5459/5459/5459
f 5488/5488/5488  3971/3971/3971  3973/3973/3973
f 5486/5486/5486  4729/4729/4729  3971/3971/3971
f 5488/5488/5488  5486/5486/5486  3971/3971/3971
f 5490/5490/5490  3973/3973/3973  3975/3975/3975
f 5490/5490/5490  5488/5488/5488  3973/3973/3973
f 5492/5492/5492  3975/3975/3975  3977/3977/3977
f 5492/5492/5492  5490/5490/5490  3975/3975/3975
f 5494/5494/5494  3977/3977/3977  3979/3979/3979
f 5494/5494/5494  5492/5492/5492  3977/3977/3977
f 5498/5498/5498  3979/3979/3979  3981/3981/3981
f 5496/5496/5496  5494/5494/5494  3979/3979/3979
f 5498/5498/5498  5496/5496/5496  3979/3979/3979
f 5500/5500/5500  3981/3981/3981  3983/3983/3983
f 5500/5500/5500  5498/5498/5498  3981/3981/3981
f 5502/5502/5502  5500/5500/5500  3983/3983/3983
f 3995/3995/3995  3987/3987/3987  3984/3984/3984
f 5532/5532/5532  3986/3986/3986  3988/3988/3988
f 3997/3997/3997  3995/3995/3995  3984/3984/3984
f 4023/4023/4023  3997/3997/3997  3984/3984/3984
f 5528/5528/5528  4024/4024/4024  3985/3985/3985
f 5530/5530/5530  5528/5528/5528  3985/3985/3985
f 3992/3992/3992  3989/3989/3989  3987/3987/3987
f 5534/5534/5534  3988/3988/3988  3991/3991/3991
f 3995/3995/3995  3992/3992/3992  3987/3987/3987
f 5534/5534/5534  5532/5532/5532  3988/3988/3988
f 4760/4760/4760  3990/3990/3990  3993/3993/3993
f 4760/4760/4760  4746/4746/4746  3990/3990/3990
f 5536/5536/5536  3991/3991/3991  4747/4747/4747
f 5536/5536/5536  5534/5534/5534  3991/3991/3991
f 5503/5503/5503  3994/3994/3994  3996/3996/3996
f 5505/5505/5505  4761/4761/4761  3994/3994/3994
f 5505/5505/5505  3994/3994/3994  5503/5503/5503
f 5501/5501/5501  3996/3996/3996  3998/3998/3998
f 5503/5503/5503  3996/3996/3996  5501/5501/5501
f 4023/4023/4023  3999/3999/3999  3997/3997/3997
f 5499/5499/5499  3998/3998/3998  4000/4000/4000
f 5501/5501/5501  3998/3998/3998  5499/5499/5499
f 4019/4019/4019  4001/4001/4001  3999/3999/3999
f 5497/5497/5497  4000/4000/4000  4002/4002/4002
f 4021/4021/4021  4019/4019/4019  3999/3999/3999
f 4023/4023/4023  4021/4021/4021  3999/3999/3999
f 5499/5499/5499  4000/4000/4000  5497/5497/5497
f 4015/4015/4015  4003/4003/4003  4001/4001/4001
f 5493/5493/5493  4002/4002/4002  4004/4004/4004
f 4017/4017/4017  4015/4015/4015  4001/4001/4001
f 4019/4019/4019  4017/4017/4017  4001/4001/4001
f 5495/5495/5495  4002/4002/4002  5493/5493/5493
f 5497/5497/5497  4002/4002/4002  5495/5495/5495
f 4013/4013/4013  4005/4005/4005  4003/4003/4003
f 5491/5491/5491  4004/4004/4004  4006/4006/4006
f 4015/4015/4015  4013/4013/4013  4003/4003/4003
f 5493/5493/5493  4004/4004/4004  5491/5491/5491
f 4010/4010/4010  4007/4007/4007  4005/4005/4005
f 5489/5489/5489  4006/4006/4006  4009/4009/4009
f 4013/4013/4013  4010/4010/4010  4005/4005/4005
f 5491/5491/5491  4006/4006/4006  5489/5489/5489
f 4744/4744/4744  4008/4008/4008  4011/4011/4011
f 4744/4744/4744  4730/4730/4730  4008/4008/4008
f 5487/5487/5487  4009/4009/4009  4731/4731/4731
f 5489/5489/5489  4009/4009/4009  5487/5487/5487
f 5518/5518/5518  4012/4012/4012  4014/4014/4014
f 5516/5516/5516  4745/4745/4745  4012/4012/4012
f 5518/5518/5518  5516/5516/5516  4012/4012/4012
f 5520/5520/5520  4014/4014/4014  4016/4016/4016
f 5520/5520/5520  5518/5518/5518  4014/4014/4014
f 5522/5522/5522  4016/4016/4016  4018/4018/4018
f 5522/5522/5522  5520/5520/5520  4016/4016/4016
f 5522/5522/5522  4018/4018/4018  4020/4020/4020
f 5524/5524/5524  4020/4020/4020  4022/4022/4022
f 5524/5524/5524  5522/5522/5522  4020/4020/4020
f 5526/5526/5526  4022/4022/4022  4024/4024/4024
f 5526/5526/5526  5524/5524/5524  4022/4022/4022
f 5528/5528/5528  5526/5526/5526  4024/4024/4024
f 4060/4060/4060  4028/4028/4028  4025/4025/4025
f 4752/4752/4752  4026/4026/4026  4029/4029/4029
f 5519/5519/5519  4061/4061/4061  4027/4027/4027
f 4754/4754/4754  4026/4026/4026  4752/4752/4752
f 5517/5517/5517  4027/4027/4027  4755/4755/4755
f 5519/5519/5519  4027/4027/4027  5517/5517/5517
f 4060/4060/4060  4031/4031/4031  4028/4028/4028
f 5550/5550/5550  4030/4030/4030  4032/4032/4032
f 5548/5548/5548  4753/4753/4753  4030/4030/4030
f 5550/5550/5550  5548/5548/5548  4030/4030/4030
f 4056/4056/4056  4033/4033/4033  4031/4031/4031
f 5554/5554/5554  4032/4032/4032  4034/4034/4034
f 4058/4058/4058  4056/4056/4056  4031/4031/4031
f 4060/4060/4060  4058/4058/4058  4031/4031/4031
f 5552/5552/5552  5550/5550/5550  4032/4032/4032
f 5554/5554/5554  5552/5552/5552  4032/4032/4032
f 4052/4052/4052  4035/4035/4035  4033/4033/4033
f 5556/5556/5556  4034/4034/4034  4036/4036/4036
f 4054/4054/4054  4052/4052/4052  4033/4033/4033
f 4056/4056/4056  4054/4054/4054  4033/4033/4033
f 5556/5556/5556  5554/5554/5554  4034/4034/4034
f 4050/4050/4050  4037/4037/4037  4035/4035/4035
f 5560/5560/5560  4036/4036/4036  4038/4038/4038
f 4052/4052/4052  4050/4050/4050  4035/4035/4035
f 5558/5558/5558  5556/5556/5556  4036/4036/4036
f 5560/5560/5560  5558/5558/5558  4036/4036/4036
f 4042/4042/4042  4039/4039/4039  4037/4037/4037
f 5564/5564/5564  4038/4038/4038  4041/4041/4041
f 4045/4045/4045  4042/4042/4042  4037/4037/4037
f 4047/4047/4047  4045/4045/4045  4037/4037/4037
f 4050/4050/4050  4047/4047/4047  4037/4037/4037
f 5562/5562/5562  5560/5560/5560  4038/4038/4038
f 5564/5564/5564  5562/5562/5562  4038/4038/4038
f 4768/4768/4768  4040/4040/4040  4043/4043/4043
f 4770/4770/4770  4040/4040/4040  4768/4768/4768
f 5566/5566/5566  4041/4041/4041  4771/4771/4771
f 5566/5566/5566  5564/5564/5564  4041/4041/4041
f 5535/5535/5535  4044/4044/4044  4046/4046/4046
f 5537/5537/5537  4769/4769/4769  4044/4044/4044
f 5537/5537/5537  4044/4044/4044  5535/5535/5535
f 5535/5535/5535  4046/4046/4046  4049/4049/4049
f 5531/5531/5531  4048/4048/4048  4051/4051/4051
f 5535/5535/5535  4049/4049/4049  5533/5533/5533
f 5527/5527/5527  4051/4051/4051  4053/4053/4053
f 5529/5529/5529  4051/4051/4051  5527/5527/5527
f 5531/5531/5531  4051/4051/4051  5529/5529/5529
f 5525/5525/5525  4053/4053/4053  4055/4055/4055
f 5527/5527/5527  4053/4053/4053  5525/5525/5525
f 5525/5525/5525  4055/4055/4055  4057/4057/4057
f 5523/5523/5523  4057/4057/4057  4059/4059/4059
f 5525/5525/5525  4057/4057/4057  5523/5523/5523
f 5521/5521/5521  4059/4059/4059  4061/4061/4061
f 5523/5523/5523  4059/4059/4059  5521/5521/5521
f 5521/5521/5521  4061/4061/4061  5519/5519/5519
f 4077/4077/4077  4065/4065/4065  4062/4062/4062
f 5650/5650/5650  4064/4064/4064  4066/4066/4066
f 4079/4079/4079  4077/4077/4077  4062/4062/4062
f 4081/4081/4081  4079/4079/4079  4062/4062/4062
f 4095/4095/4095  4081/4081/4081  4062/4062/4062
f 5646/5646/5646  4096/4096/4096  4063/4063/4063
f 5648/5648/5648  5646/5646/5646  4063/4063/4063
f 4075/4075/4075  4067/4067/4067  4065/4065/4065
f 5654/5654/5654  4066/4066/4066  4068/4068/4068
f 4077/4077/4077  4075/4075/4075  4065/4065/4065
f 5652/5652/5652  5650/5650/5650  4066/4066/4066
f 5654/5654/5654  5652/5652/5652  4066/4066/4066
f 4072/4072/4072  4069/4069/4069  4067/4067/4067
f 5656/5656/5656  4068/4068/4068  4071/4071/4071
f 4075/4075/4075  4072/4072/4072  4067/4067/4067
f 5656/5656/5656  5654/5654/5654  4068/4068/4068
f 4824/4824/4824  4070/4070/4070  4073/4073/4073
f 4824/4824/4824  4810/4810/4810  4070/4070/4070
f 5658/5658/5658  4071/4071/4071  4811/4811/4811
f 5658/5658/5658  5656/5656/5656  4071/4071/4071
f 5625/5625/5625  4074/4074/4074  4076/4076/4076
f 5629/5629/5629  4825/4825/4825  4074/4074/4074
f 5627/5627/5627  4074/4074/4074  5625/5625/5625
f 5629/5629/5629  4074/4074/4074  5627/5627/5627
f 5623/5623/5623  4076/4076/4076  4078/4078/4078
f 5625/5625/5625  4076/4076/4076  5623/5623/5623
f 5621/5621/5621  4078/4078/4078  4080/4080/4080
f 5623/5623/5623  4078/4078/4078  5621/5621/5621
f 5619/5619/5619  4080/4080/4080  4082/4082/4082
f 5621/5621/5621  4080/4080/4080  5619/5619/5619
f 4093/4093/4093  4083/4083/4083  4081/4081/4081
f 5617/5617/5617  4082/4082/4082  4084/4084/4084
f 4095/4095/4095  4093/4093/4093  4081/4081/4081
f 5619/5619/5619  4082/4082/4082  5617/5617/5617
f 4088/4088/4088  4085/4085/4085  4083/4083/4083
f 5613/5613/5613  4084/4084/4084  4087/4087/4087
f 4091/4091/4091  4088/4088/4088  4083/4083/4083
f 4093/4093/4093  4091/4091/4091  4083/4083/4083
f 5615/5615/5615  4084/4084/4084  5613/5613/5613
f 5617/5617/5617  4084/4084/4084  5615/5615/5615
f 4808/4808/4808  4086/4086/4086  4089/4089/4089
f 4808/4808/4808  4794/4794/4794  4086/4086/4086
f 5611/5611/5611  4087/4087/4087  4795/4795/4795
f 5613/5613/5613  4087/4087/4087  5611/5611/5611
f 5642/5642/5642  4090/4090/4090  4092/4092/4092
f 5638/5638/5638  4809/4809/4809  4090/4090/4090
f 5640/5640/5640  5638/5638/5638  4090/4090/4090
f 5642/5642/5642  5640/5640/5640  4090/4090/4090
f 5644/5644/5644  4092/4092/4092  4094/4094/4094
f 5644/5644/5644  5642/5642/5642  4092/4092/4092
f 5646/5646/5646  4094/4094/4094  4096/4096/4096
f 5646/5646/5646  5644/5644/5644  4094/4094/4094
f 4125/4125/4125  4100/4100/4100  4097/4097/4097
f 4784/4784/4784  4098/4098/4098  4101/4101/4101
f 5594/5594/5594  4126/4126/4126  4099/4099/4099
f 4786/4786/4786  4098/4098/4098  4784/4784/4784
f 5596/5596/5596  4099/4099/4099  4787/4787/4787
f 5596/5596/5596  5594/5594/5594  4099/4099/4099
f 4125/4125/4125  4103/4103/4103  4100/4100/4100
f 5565/5565/5565  4102/4102/4102  4104/4104/4104
f 5569/5569/5569  4785/4785/4785  4102/4102/4102
f 5567/5567/5567  4102/4102/4102  5565/5565/5565
f 5569/5569/5569  4102/4102/4102  5567/5567/5567
f 4123/4123/4123  4105/4105/4105  4103/4103/4103
f 5563/5563/5563  4104/4104/4104  4106/4106/4106
f 4125/4125/4125  4123/4123/4123  4103/4103/4103
f 5565/5565/5565  4104/4104/4104  5563/5563/5563
f 4121/4121/4121  4107/4107/4107  4105/4105/4105
f 5559/5559/5559  4106/4106/4106  4108/4108/4108
f 4123/4123/4123  4121/4121/4121  4105/4105/4105
f 5561/5561/5561  4106/4106/4106  5559/5559/5559
f 5563/5563/5563  4106/4106/4106  5561/5561/5561
f 4117/4117/4117  4109/4109/4109  4107/4107/4107
f 5555/5555/5555  4108/4108/4108  4110/4110/4110
f 4119/4119/4119  4117/4117/4117  4107/4107/4107
f 4121/4121/4121  4119/4119/4119  4107/4107/4107
f 5557/5557/5557  4108/4108/4108  5555/5555/5555
f 5559/5559/5559  4108/4108/4108  5557/5557/5557
f 4114/4114/4114  4111/4111/4111  4109/4109/4109
f 5553/5553/5553  4110/4110/4110  4113/4113/4113
f 4117/4117/4117  4114/4114/4114  4109/4109/4109
f 5555/5555/5555  4110/4110/4110  5553/5553/5553
f 4776/4776/4776  4112/4112/4112  4115/4115/4115
f 4776/4776/4776  4762/4762/4762  4112/4112/4112
f 5549/5549/5549  4113/4113/4113  4763/4763/4763
f 5551/5551/5551  4113/4113/4113  5549/5549/5549
f 5553/5553/5553  4113/4113/4113  5551/5551/5551
f 5582/5582/5582  4116/4116/4116  4118/4118/4118
f 5578/5578/5578  4777/4777/4777  4116/4116/4116
f 5580/5580/5580  5578/5578/5578  4116/4116/4116
f 5582/5582/5582  5580/5580/5580  4116/4116/4116
f 5584/5584/5584  4118/4118/4118  4120/4120/4120
f 5584/5584/5584  5582/5582/5582  4118/4118/4118
f 5586/5586/5586  4120/4120/4120  4122/4122/4122
f 5586/5586/5586  5584/5584/5584  4120/4120/4120
f 5588/5588/5588  4122/4122/4122  4124/4124/4124
f 5588/5588/5588  5586/5586/5586  4122/4122/4122
f 5590/5590/5590  4124/4124/4124  4126/4126/4126
f 5590/5590/5590  5588/5588/5588  4124/4124/4124
f 5592/5592/5592  5590/5590/5590  4126/4126/4126
f 5594/5594/5594  5592/5592/5592  4126/4126/4126
f 4157/4157/4157  4130/4130/4130  4127/4127/4127
f 4800/4800/4800  4128/4128/4128  4131/4131/4131
f 5624/5624/5624  4158/4158/4158  4129/4129/4129
f 4802/4802/4802  4128/4128/4128  4800/4800/4800
f 5626/5626/5626  4129/4129/4129  4803/4803/4803
f 5626/5626/5626  5624/5624/5624  4129/4129/4129
f 4157/4157/4157  4133/4133/4133  4130/4130/4130
f 5595/5595/5595  4132/4132/4132  4134/4134/4134
f 5599/5599/5599  4801/4801/4801  4132/4132/4132
f 5597/5597/5597  4132/4132/4132  5595/5595/5595
f 5599/5599/5599  4132/4132/4132  5597/5597/5597
f 4157/4157/4157  4135/4135/4135  4133/4133/4133
f 5593/5593/5593  4134/4134/4134  4136/4136/4136
f 5595/5595/5595  4134/4134/4134  5593/5593/5593
f 4155/4155/4155  4137/4137/4137  4135/4135/4135
f 5589/5589/5589  4136/4136/4136  4138/4138/4138
f 4157/4157/4157  4155/4155/4155  4135/4135/4135
f 5591/5591/5591  4136/4136/4136  5589/5589/5589
f 5593/5593/5593  4136/4136/4136  5591/5591/5591
f 4153/4153/4153  4139/4139/4139  4137/4137/4137
f 5589/5589/5589  4138/4138/4138  4140/4140/4140
f 4155/4155/4155  4153/4153/4153  4137/4137/4137
f 4151/4151/4151  4141/4141/4141  4139/4139/4139
f 5587/5587/5587  4140/4140/4140  4142/4142/4142
f 4153/4153/4153  4151/4151/4151  4139/4139/4139
f 5589/5589/5589  4140/4140/4140  5587/5587/5587
f 4146/4146/4146  4143/4143/4143  4141/4141/4141
f 5583/5583/5583  4142/4142/4142  4145/4145/4145
f 4149/4149/4149  4146/4146/4146  4141/4141/4141
f 4151/4151/4151  4149/4149/4149  4141/4141/4141
f 5585/5585/5585  4142/4142/4142  5583/5583/5583
f 5587/5587/5587  4142/4142/4142  5585/5585/5585
f 4792/4792/4792  4144/4144/4144  4147/4147/4147
f 4792/4792/4792  4778/4778/4778  4144/4144/4144
f 5581/5581/5581  4145/4145/4145  4779/4779/4779
f 5583/5583/5583  4145/4145/4145  5581/5581/5581
f 5612/5612/5612  4148/4148/4148  4150/4150/4150
f 5608/5608/5608  4793/4793/4793  4148/4148/4148
f 5610/5610/5610  5608/5608/5608  4148/4148/4148
f 5612/5612/5612  5610/5610/5610  4148/4148/4148
f 5614/5614/5614  4150/4150/4150  4152/4152/4152
f 5614/5614/5614  5612/5612/5612  4150/4150/4150
f 5618/5618/5618  4152/4152/4152  4154/4154/4154
f 5616/5616/5616  5614/5614/5614  4152/4152/4152
f 5618/5618/5618  5616/5616/5616  4152/4152/4152
f 5618/5618/5618  4154/4154/4154  4156/4156/4156
f 5620/5620/5620  4156/4156/4156  4158/4158/4158
f 5620/5620/5620  5618/5618/5618  4156/4156/4156
f 5622/5622/5622  5620/5620/5620  4158/4158/4158
f 5624/5624/5624  5622/5622/5622  4158/4158/4158
f 4192/4192/4192  4162/4162/4162  4159/4159/4159
f 4816/4816/4816  4160/4160/4160  4163/4163/4163
f 5643/5643/5643  4193/4193/4193  4161/4161/4161
f 4818/4818/4818  4160/4160/4160  4816/4816/4816
f 5641/5641/5641  4161/4161/4161  4819/4819/4819
f 5643/5643/5643  4161/4161/4161  5641/5641/5641
f 4192/4192/4192  4165/4165/4165  4162/4162/4162
f 5674/5674/5674  4164/4164/4164  4166/4166/4166
f 5670/5670/5670  4817/4817/4817  4164/4164/4164
f 5672/5672/5672  5670/5670/5670  4164/4164/4164
f 5674/5674/5674  5672/5672/5672  4164/4164/4164
f 4188/4188/4188  4167/4167/4167  4165/4165/4165
f 5678/5678/5678  4166/4166/4166  4168/4168/4168
f 4190/4190/4190  4188/4188/4188  4165/4165/4165
f 4192/4192/4192  4190/4190/4190  4165/4165/4165
f 5676/5676/5676  5674/5674/5674  4166/4166/4166
f 5678/5678/5678  5676/5676/5676  4166/4166/4166
f 4185/4185/4185  4169/4169/4169  4167/4167/4167
f 5680/5680/5680  4168/4168/4168  4170/4170/4170
f 4188/4188/4188  4185/4185/4185  4167/4167/4167
f 5680/5680/5680  5678/5678/5678  4168/4168/4168
f 4183/4183/4183  4171/4171/4171  4169/4169/4169
f 5682/5682/5682  4170/4170/4170  4172/4172/4172
f 4185/4185/4185  4183/4183/4183  4169/4169/4169
f 5682/5682/5682  5680/5680/5680  4170/4170/4170
f 4183/4183/4183  4173/4173/4173  4171/4171/4171
f 5684/5684/5684  4172/4172/4172  4174/4174/4174
f 5684/5684/5684  5682/5682/5682  4172/4172/4172
f 4178/4178/4178  4175/4175/4175  4173/4173/4173
f 5686/5686/5686  4174/4174/4174  4177/4177/4177
f 4181/4181/4181  4178/4178/4178  4173/4173/4173
f 4183/4183/4183  4181/4181/4181  4173/4173/4173
f 5686/5686/5686  5684/5684/5684  4174/4174/4174
f 4832/4832/4832  4176/4176/4176  4179/4179/4179
f 4834/4834/4834  4176/4176/4176  4832/4832/4832
f 5690/5690/5690  4177/4177/4177  4835/4835/4835
f 5688/5688/5688  5686/5686/5686  4177/4177/4177
f 5690/5690/5690  5688/5688/5688  4177/4177/4177
f 5657/5657/5657  4180/4180/4180  4182/4182/4182
f 5661/5661/5661  4833/4833/4833  4180/4180/4180
f 5659/5659/5659  4180/4180/4180  5657/5657/5657
f 5661/5661/5661  4180/4180/4180  5659/5659/5659
f 5655/5655/5655  4182/4182/4182  4184/4184/4184
f 5657/5657/5657  4182/4182/4182  5655/5655/5655
f 5653/5653/5653  4184/4184/4184  4187/4187/4187
f 5655/5655/5655  4184/4184/4184  5653/5653/5653
f 5649/5649/5649  4186/4186/4186  4189/4189/4189
f 5653/5653/5653  4187/4187/4187  5651/5651/5651
f 5647/5647/5647  4189/4189/4189  4191/4191/4191
f 5649/5649/5649  4189/4189/4189  5647/5647/5647
f 5645/5645/5645  4191/4191/4191  4193/4193/4193
f 5647/5647/5647  4191/4191/4191  5645/5645/5645
f 5645/5645/5645  4193/4193/4193  5643/5643/5643
f 4224/4224/4224  4197/4197/4197  4194/4194/4194
f 4864/4864/4864  4195/4195/4195  4198/4198/4198
f 5746/5746/5746  4225/4225/4225  4196/4196/4196
f 4866/4866/4866  4195/4195/4195  4864/4864/4864
f 5750/5750/5750  4196/4196/4196  4867/4867/4867
f 5748/5748/5748  5746/5746/5746  4196/4196/4196
f 5750/5750/5750  5748/5748/5748  4196/4196/4196
f 4224/4224/4224  4200/4200/4200  4197/4197/4197
f 5719/5719/5719  4199/4199/4199  4201/4201/4201
f 5721/5721/5721  4865/4865/4865  4199/4199/4199
f 5721/5721/5721  4199/4199/4199  5719/5719/5719
f 4224/4224/4224  4202/4202/4202  4200/4200/4200
f 5717/5717/5717  4201/4201/4201  4203/4203/4203
f 5719/5719/5719  4201/4201/4201  5717/5717/5717
f 4222/4222/4222  4204/4204/4204  4202/4202/4202
f 5715/5715/5715  4203/4203/4203  4205/4205/4205
f 4224/4224/4224  4222/4222/4222  4202/4202/4202
f 5717/5717/5717  4203/4203/4203  5715/5715/5715
f 4220/4220/4220  4206/4206/4206  4204/4204/4204
f 5713/5713/5713  4205/4205/4205  4207/4207/4207
f 4222/4222/4222  4220/4220/4220  4204/4204/4204
f 5715/5715/5715  4205/4205/4205  5713/5713/5713
f 4218/4218/4218  4208/4208/4208  4206/4206/4206
f 5709/5709/5709  4207/4207/4207  4209/4209/4209
f 4220/4220/4220  4218/4218/4218  4206/4206/4206
f 5711/5711/5711  4207/4207/4207  5709/5709/5709
f 5713/5713/5713  4207/4207/4207  5711/5711/5711
f 4213/4213/4213  4210/4210/4210  4208/4208/4208
f 5707/5707/5707  4209/4209/4209  4212/4212/4212
f 4216/4216/4216  4213/4213/4213  4208/4208/4208
f 4218/4218/4218  4216/4216/4216  4208/4208/4208
f 5709/5709/5709  4209/4209/4209  5707/5707/5707
f 4856/4856/4856  4211/4211/4211  4214/4214/4214
f 4856/4856/4856  4842/4842/4842  4211/4211/4211
f 5703/5703/5703  4212/4212/4212  4843/4843/4843
f 5705/5705/5705  4212/4212/4212  5703/5703/5703
f 5707/5707/5707  4212/4212/4212  5705/5705/5705
f 5734/5734/5734  4215/4215/4215  4217/4217/4217
f 5732/5732/5732  4857/4857/4857  4215/4215/4215
f 5734/5734/5734  5732/5732/5732  4215/4215/4215
f 5736/5736/5736  4217/4217/4217  4219/4219/4219
f 5736/5736/5736  5734/5734/5734  4217/4217/4217
f 5738/5738/5738  4219/4219/4219  4221/4221/4221
f 5738/5738/5738  5736/5736/5736  4219/4219/4219
f 5740/5740/5740  4221/4221/4221  4223/4223/4223
f 5740/5740/5740  5738/5738/5738  4221/4221/4221
f 5744/5744/5744  4223/4223/4223  4225/4225/4225
f 5742/5742/5742  5740/5740/5740  4223/4223/4223
f 5744/5744/5744  5742/5742/5742  4223/4223/4223
f 5746/5746/5746  5744/5744/5744  4225/4225/4225
f 4255/4255/4255  4229/4229/4229  4226/4226/4226
f 5768/5768/5768  4228/4228/4228  4230/4230/4230
f 4257/4257/4257  4255/4255/4255  4226/4226/4226
f 4265/4265/4265  4257/4257/4257  4226/4226/4226
f 5764/5764/5764  4266/4266/4266  4227/4227/4227
f 5766/5766/5766  5764/5764/5764  4227/4227/4227
f 4253/4253/4253  4231/4231/4231  4229/4229/4229
f 5773/5773/5773  4230/4230/4230  4232/4232/4232
f 4255/4255/4255  4253/4253/4253  4229/4229/4229
f 5773/5773/5773  5768/5768/5768  4230/4230/4230
f 4253/4253/4253  4233/4233/4233  4231/4231/4231
f 5775/5775/5775  4232/4232/4232  4234/4234/4234
f 5775/5775/5775  5773/5773/5773  4232/4232/4232
f 4251/4251/4251  4235/4235/4235  4233/4233/4233
f 5777/5777/5777  4234/4234/4234  4236/4236/4236
f 4253/4253/4253  4251/4251/4251  4233/4233/4233
f 5777/5777/5777  5775/5775/5775  4234/4234/4234
f 4251/4251/4251  4237/4237/4237  4235/4235/4235
f 5779/5779/5779  4236/4236/4236  4238/4238/4238
f 5779/5779/5779  5777/5777/5777  4236/4236/4236
f 4249/4249/4249  4239/4239/4239  4237/4237/4237
f 5779/5779/5779  4238/4238/4238  4240/4240/4240
f 4251/4251/4251  4249/4249/4249  4237/4237/4237
f 4249/4249/4249  4241/4241/4241  4239/4239/4239
f 5781/5781/5781  4240/4240/4240  4242/4242/4242
f 5781/5781/5781  5779/5779/5779  4240/4240/4240
f 4246/4246/4246  4243/4243/4243  4241/4241/4241
f 5783/5783/5783  4242/4242/4242  4245/4245/4245
f 4249/4249/4249  4246/4246/4246  4241/4241/4241
f 5783/5783/5783  5781/5781/5781  4242/4242/4242
f 4888/4888/4888  4244/4244/4244  4247/4247/4247
f 4888/4888/4888  4874/4874/4874  4244/4244/4244
f 5785/5785/5785  4245/4245/4245  4875/4875/4875
f 5785/5785/5785  5783/5783/5783  4245/4245/4245
f 5749/5749/5749  4248/4248/4248  4250/4250/4250
f 5751/5751/5751  4889/4889/4889  4248/4248/4248
f 5751/5751/5751  4248/4248/4248  5749/5749/5749
f 5745/5745/5745  4250/4250/4250  4252/4252/4252
f 5747/5747/5747  4250/4250/4250  5745/5745/5745
f 5749/5749/5749  4250/4250/4250  5747/5747/5747
f 5743/5743/5743  4252/4252/4252  4254/4254/4254
f 5745/5745/5745  4252/4252/4252  5743/5743/5743
f 5739/5739/5739  4254/4254/4254  4256/4256/4256
f 5741/5741/5741  4254/4254/4254  5739/5739/5739
f 5743/5743/5743  4254/4254/4254  5741/5741/5741
f 5737/5737/5737  4256/4256/4256  4258/4258/4258
f 5739/5739/5739  4256/4256/4256  5737/5737/5737
f 4262/4262/4262  4259/4259/4259  4257/4257/4257
f 5735/5735/5735  4258/4258/4258  4261/4261/4261
f 4265/4265/4265  4262/4262/4262  4257/4257/4257
f 5737/5737/5737  4258/4258/4258  5735/5735/5735
f 4872/4872/4872  4260/4260/4260  4263/4263/4263
f 4872/4872/4872  4858/4858/4858  4260/4260/4260
f 5733/5733/5733  4261/4261/4261  4859/4859/4859
f 5735/5735/5735  4261/4261/4261  5733/5733/5733
f 5764/5764/5764  4264/4264/4264  4266/4266/4266
f 5762/5762/5762  4873/4873/4873  4264/4264/4264
f 5764/5764/5764  5762/5762/5762  4264/4264/4264
f 4297/4297/4297  4270/4270/4270  4267/4267/4267
f 4848/4848/4848  4268/4268/4268  4271/4271/4271
f 5718/5718/5718  4298/4298/4298  4269/4269/4269
f 4850/4850/4850  4268/4268/4268  4848/4848/4848
f 5720/5720/5720  4269/4269/4269  4851/4851/4851
f 5720/5720/5720  5718/5718/5718  4269/4269/4269
f 4297/4297/4297  4273/4273/4273  4270/4270/4270
f 5689/5689/5689  4272/4272/4272  4274/4274/4274
f 5691/5691/5691  4849/4849/4849  4272/4272/4272
f 5691/5691/5691  4272/4272/4272  5689/5689/5689
f 4295/4295/4295  4275/4275/4275  4273/4273/4273
f 5685/5685/5685  4274/4274/4274  4276/4276/4276
f 4297/4297/4297  4295/4295/4295  4273/4273/4273
f 5687/5687/5687  4274/4274/4274  5685/5685/5685
f 5689/5689/5689  4274/4274/4274  5687/5687/5687
f 4293/4293/4293  4277/4277/4277  4275/4275/4275
f 5683/5683/5683  4276/4276/4276  4278/4278/4278
f 4295/4295/4295  4293/4293/4293  4275/4275/4275
f 5685/5685/5685  4276/4276/4276  5683/5683/5683
f 4291/4291/4291  4279/4279/4279  4277/4277/4277
f 5681/5681/5681  4278/4278/4278  4280/4280/4280
f 4293/4293/4293  4291/4291/4291  4277/4277/4277
f 5683/5683/5683  4278/4278/4278  5681/5681/5681
f 4291/4291/4291  4281/4281/4281  4279/4279/4279
f 5679/5679/5679  4280/4280/4280  4282/4282/4282
f 5681/5681/5681  4280/4280/4280  5679/5679/5679
f 4286/4286/4286  4283/4283/4283  4281/4281/4281
f 5677/5677/5677  4282/4282/4282  4285/4285/4285
f 4289/4289/4289  4286/4286/4286  4281/4281/4281
f 4291/4291/4291  4289/4289/4289  4281/4281/4281
f 5679/5679/5679  4282/4282/4282  5677/5677/5677
f 4840/4840/4840  4284/4284/4284  4287/4287/4287
f 4840/4840/4840  4826/4826/4826  4284/4284/4284
f 5673/5673/5673  4285/4285/4285  4827/4827/4827
f 5675/5675/5675  4285/4285/4285  5673/5673/5673
f 5677/5677/5677  4285/4285/4285  5675/5675/5675
f 5704/5704/5704  4288/4288/4288  4290/4290/4290
f 5702/5702/5702  4841/4841/4841  4288/4288/4288
f 5704/5704/5704  5702/5702/5702  4288/4288/4288
f 5708/5708/5708  4290/4290/4290  4292/4292/4292
f 5706/5706/5706  5704/5704/5704  4290/4290/4290
f 5708/5708/5708  5706/5706/5706  4290/4290/4290
f 5710/5710/5710  4292/4292/4292  4294/4294/4294
f 5710/5710/5710  5708/5708/5708  4292/4292/4292
f 5714/5714/5714  4294/4294/4294  4296/4296/4296
f 5712/5712/5712  5710/5710/5710  4294/4294/4294
f 5714/5714/5714  5712/5712/5712  4294/4294/4294
f 5716/5716/5716  4296/4296/4296  4298/4298/4298
f 5716/5716/5716  5714/5714/5714  4296/4296/4296
f 5718/5718/5718  5716/5716/5716  4298/4298/4298
f 4338/4338/4338  4302/4302/4302  4299/4299/4299
f 4880/4880/4880  4300/4300/4300  4303/4303/4303
f 5765/5765/5765  4339/4339/4339  4301/4301/4301
f 4882/4882/4882  4300/4300/4300  4880/4880/4880
f 5763/5763/5763  4301/4301/4301  4883/4883/4883
f 5765/5765/5765  4301/4301/4301  5763/5763/5763
f 4338/4338/4338  4305/4305/4305  4302/4302/4302
f 5799/5799/5799  4304/4304/4304  4306/4306/4306
f 5797/5797/5797  4881/4881/4881  4304/4304/4304
f 5799/5799/5799  5797/5797/5797  4304/4304/4304
f 4335/4335/4335  4307/4307/4307  4305/4305/4305
f 5801/5801/5801  4306/4306/4306  4308/4308/4308
f 4338/4338/4338  4335/4335/4335  4305/4305/4305
f 5801/5801/5801  5799/5799/5799  4306/4306/4306
f 4331/4331/4331  4309/4309/4309  4307/4307/4307
f 5803/5803/5803  4308/4308/4308  4310/4310/4310
f 4333/4333/4333  4331/4331/4331  4307/4307/4307
f 4335/4335/4335  4333/4333/4333  4307/4307/4307
f 5803/5803/5803  5801/5801/5801  4308/4308/4308
f 4327/4327/4327  4311/4311/4311  4309/4309/4309
f 5807/5807/5807  4310/4310/4310  4312/4312/4312
f 4329/4329/4329  4327/4327/4327  4309/4309/4309
f 4331/4331/4331  4329/4329/4329  4309/4309/4309
f 5805/5805/5805  5803/5803/5803  4310/4310/4310
f 5807/5807/5807  5805/5805/5805  4310/4310/4310
f 4323/4323/4323  4313/4313/4313  4311/4311/4311
f 5809/5809/5809  4312/4312/4312  4314/4314/4314
f 4325/4325/4325  4323/4323/4323  4311/4311/4311
f 4327/4327/4327  4325/4325/4325  4311/4311/4311
f 5809/5809/5809  5807/5807/5807  4312/4312/4312
f 4318/4318/4318  4315/4315/4315  4313/4313/4313
f 5813/5813/5813  4314/4314/4314  4317/4317/4317
f 4321/4321/4321  4318/4318/4318  4313/4313/4313
f 4323/4323/4323  4321/4321/4321  4313/4313/4313
f 5811/5811/5811  5809/5809/5809  4314/4314/4314
f 5813/5813/5813  5811/5811/5811  4314/4314/4314
f 4922/4922/4922  4316/4316/4316  4319/4319/4319
f 4924/4924/4924  4316/4316/4316  4922/4922/4922
f 5815/5815/5815  4317/4317/4317  4925/4925/4925
f 5815/5815/5815  5813/5813/5813  4317/4317/4317
f 5784/5784/5784  4320/4320/4320  4322/4322/4322
f 5788/5788/5788  4923/4923/4923  4320/4320/4320
f 5786/5786/5786  4320/4320/4320  5784/5784/5784
f 5788/5788/5788  4320/4320/4320  5786/5786/5786
f 5782/5782/5782  4322/4322/4322  4324/4324/4324
f 5784/5784/5784  4322/4322/4322  5782/5782/5782
f 5782/5782/5782  4324/4324/4324  4326/4326/4326
f 5780/5780/5780  4326/4326/4326  4328/4328/4328
f 5782/5782/5782  4326/4326/4326  5780/5780/5780
f 5778/5778/5778  4328/4328/4328  4330/4330/4330
f 5780/5780/5780  4328/4328/4328  5778/5778/5778
f 5776/5776/5776  4330/4330/4330  4332/4332/4332
f 5778/5778/5778  4330/4330/4330  5776/5776/5776
f 5774/5774/5774  4332/4332/4332  4334/4334/4334
f 5776/5776/5776  4332/4332/4332  5774/5774/5774
f 5774/5774/5774  4334/4334/4334  4337/4337/4337
f 5767/5767/5767  4336/4336/4336  4339/4339/4339
f 5774/5774/5774  4337/4337/4337  5769/5769/5769
f 5767/5767/5767  4339/4339/4339  5765/5765/5765
f 4370/4370/4370  4343/4343/4343  4340/4340/4340
f 4938/4938/4938  4341/4341/4341  4344/4344/4344
f 5843/5843/5843  4371/4371/4371  4342/4342/4342
f 4940/4940/4940  4341/4341/4341  4938/4938/4938
f 5845/5845/5845  4342/4342/4342  4941/4941/4941
f 5845/5845/5845  5843/5843/5843  4342/4342/4342
f 4370/4370/4370  4346/4346/4346  4343/4343/4343
f 5814/5814/5814  4345/4345/4345  4347/4347/4347
f 5818/5818/5818  4939/4939/4939  4345/4345/4345
f 5816/5816/5816  4345/4345/4345  5814/5814/5814
f 5818/5818/5818  4345/4345/4345  5816/5816/5816
f 4370/4370/4370  4348/4348/4348  4346/4346/4346
f 5812/5812/5812  4347/4347/4347  4349/4349/4349
f 5814/5814/5814  4347/4347/4347  5812/5812/5812
f 4366/4366/4366  4350/4350/4350  4348/4348/4348
f 5808/5808/5808  4349/4349/4349  4351/4351/4351
f 4368/4368/4368  4366/4366/4366  4348/4348/4348
f 4370/4370/4370  4368/4368/4368  4348/4348/4348
f 5810/5810/5810  4349/4349/4349  5808/5808/5808
f 5812/5812/5812  4349/4349/4349  5810/5810/5810
f 4364/4364/4364  4352/4352/4352  4350/4350/4350
f 5806/5806/5806  4351/4351/4351  4353/4353/4353
f 4366/4366/4366  4364/4364/4364  4350/4350/4350
f 5808/5808/5808  4351/4351/4351  5806/5806/5806
f 4362/4362/4362  4354/4354/4354  4352/4352/4352
f 5802/5802/5802  4353/4353/4353  4355/4355/4355
f 4364/4364/4364  4362/4362/4362  4352/4352/4352
f 5804/5804/5804  4353/4353/4353  5802/5802/5802
f 5806/5806/5806  4353/4353/4353  5804/5804/5804
f 4359/4359/4359  4356/4356/4356  4354/4354/4354
f 5802/5802/5802  4355/4355/4355  4358/4358/4358
f 4362/4362/4362  4359/4359/4359  4354/4354/4354
f 4930/4930/4930  4357/4357/4357  4360/4360/4360
f 4930/4930/4930  4916/4916/4916  4357/4357/4357
f 5800/5800/5800  4358/4358/4358  4917/4917/4917
f 5802/5802/5802  4358/4358/4358  5800/5800/5800
f 5831/5831/5831  4361/4361/4361  4363/4363/4363
f 5827/5827/5827  4931/4931/4931  4361/4361/4361
f 5829/5829/5829  5827/5827/5827  4361/4361/4361
f 5831/5831/5831  5829/5829/5829  4361/4361/4361
f 5833/5833/5833  4363/4363/4363  4365/4365/4365
f 5833/5833/5833  5831/5831/5831  4363/4363/4363
f 5835/5835/5835  4365/4365/4365  4367/4367/4367
f 5835/5835/5835  5833/5833/5833  4365/4365/4365
f 5837/5837/5837  4367/4367/4367  4369/4369/4369
f 5837/5837/5837  5835/5835/5835  4367/4367/4367
f 5839/5839/5839  4369/4369/4369  4371/4371/4371
f 5839/5839/5839  5837/5837/5837  4369/4369/4369
f 5841/5841/5841  5839/5839/5839  4371/4371/4371
f 5843/5843/5843  5841/5841/5841  4371/4371/4371
f 4402/4402/4402  4375/4375/4375  4372/4372/4372
f 4908/4908/4908  4373/4373/4373  4376/4376/4376
f 5873/5873/5873  4403/4403/4403  4374/4374/4374
f 4910/4910/4910  4373/4373/4373  4908/4908/4908
f 5875/5875/5875  4374/4374/4374  4911/4911/4911
f 5875/5875/5875  5873/5873/5873  4374/4374/4374
f 4402/4402/4402  4378/4378/4378  4375/4375/4375
f 5844/5844/5844  4377/4377/4377  4379/4379/4379
f 5848/5848/5848  4909/4909/4909  4377/4377/4377
f 5846/5846/5846  4377/4377/4377  5844/5844/5844
f 5848/5848/5848  4377/4377/4377  5846/5846/5846
f 4400/4400/4400  4380/4380/4380  4378/4378/4378
f 5842/5842/5842  4379/4379/4379  4381/4381/4381
f 4402/4402/4402  4400/4400/4400  4378/4378/4378
f 5844/5844/5844  4379/4379/4379  5842/5842/5842
f 4398/4398/4398  4382/4382/4382  4380/4380/4380
f 5838/5838/5838  4381/4381/4381  4383/4383/4383
f 4400/4400/4400  4398/4398/4398  4380/4380/4380
f 5840/5840/5840  4381/4381/4381  5838/5838/5838
f 5842/5842/5842  4381/4381/4381  5840/5840/5840
f 4396/4396/4396  4384/4384/4384  4382/4382/4382
f 5838/5838/5838  4383/4383/4383  4385/4385/4385
f 4398/4398/4398  4396/4396/4396  4382/4382/4382
f 4396/4396/4396  4386/4386/4386  4384/4384/4384
f 5836/5836/5836  4385/4385/4385  4387/4387/4387
f 5838/5838/5838  4385/4385/4385  5836/5836/5836
f 4391/4391/4391  4388/4388/4388  4386/4386/4386
f 5832/5832/5832  4387/4387/4387  4390/4390/4390
f 4394/4394/4394  4391/4391/4391  4386/4386/4386
f 4396/4396/4396  4394/4394/4394  4386/4386/4386
f 5834/5834/5834  4387/4387/4387  5832/5832/5832
f 5836/5836/5836  4387/4387/4387  5834/5834/5834
f 4946/4946/4946  4389/4389/4389  4392/4392/4392
f 4946/4946/4946  4932/4932/4932  4389/4389/4389
f 5830/5830/5830  4390/4390/4390  4933/4933/4933
f 5832/5832/5832  4390/4390/4390  5830/5830/5830
f 5861/5861/5861  4393/4393/4393  4395/4395/4395
f 5857/5857/5857  4947/4947/4947  4393/4393/4393
f 5859/5859/5859  5857/5857/5857  4393/4393/4393
f 5861/5861/5861  5859/5859/5859  4393/4393/4393
f 5863/5863/5863  4395/4395/4395  4397/4397/4397
f 5863/5863/5863  5861/5861/5861  4395/4395/4395
f 5867/5867/5867  4397/4397/4397  4399/4399/4399
f 5865/5865/5865  5863/5863/5863  4397/4397/4397
f 5867/5867/5867  5865/5865/5865  4397/4397/4397
f 5869/5869/5869  4399/4399/4399  4401/4401/4401
f 5869/5869/5869  5867/5867/5867  4399/4399/4399
f 5873/5873/5873  4401/4401/4401  4403/4403/4403
f 5871/5871/5871  5869/5869/5869  4401/4401/4401
f 5873/5873/5873  5871/5871/5871  4401/4401/4401
f 5862/5862/5862  4419/4419/4419  4406/4406/4406
f 4893/4893/4893  4890/4890/4890  4405/4405/4405
f 4902/4902/4902  4405/4405/4405  4890/4890/4890
f 5860/5860/5860  4406/4406/4406  4903/4903/4903
f 5862/5862/5862  4406/4406/4406  5860/5860/5860
f 5876/5876/5876  4409/4409/4409  4411/4411/4411
f 5878/5878/5878  4901/4901/4901  4409/4409/4409
f 5878/5878/5878  4409/4409/4409  5876/5876/5876
f 5874/5874/5874  4411/4411/4411  4413/4413/4413
f 5876/5876/5876  4411/4411/4411  5874/5874/5874
f 5872/5872/5872  4413/4413/4413  4415/4415/4415
f 5874/5874/5874  4413/4413/4413  5872/5872/5872
f 5868/5868/5868  4415/4415/4415  4417/4417/4417
f 5870/5870/5870  4415/4415/4415  5868/5868/5868
f 5872/5872/5872  4415/4415/4415  5870/5870/5870
f 5866/5866/5866  4417/4417/4417  4419/4419/4419
f 5868/5868/5868  4417/4417/4417  5866/5866/5866
f 5864/5864/5864  4419/4419/4419  5862/5862/5862
f 5866/5866/5866  4419/4419/4419  5864/5864/5864
f 4963/4963/4963  4421/4421/4421  4423/4423/4423
f 4962/4962/4962  4950/4950/4950  4421/4421/4421
f 4963/4963/4963  4962/4962/4962  4421/4421/4421
f 4961/4961/4961  4429/4429/4429  4431/4431/4431
f 4961/4961/4961  4431/4431/4431  4960/4960/4960
f 4978/4978/4978  4433/4433/4433  4435/4435/4435
f 4976/4976/4976  4974/4974/4974  4433/4433/4433
f 4978/4978/4978  4976/4976/4976  4433/4433/4433
f 4980/4980/4980  4435/4435/4435  4437/4437/4437
f 4980/4980/4980  4978/4978/4978  4435/4435/4435
f 4448/4448/4448  4438/4438/4438  4436/4436/4436
f 4984/4984/4984  4437/4437/4437  4439/4439/4439
f 4450/4450/4450  4448/4448/4448  4436/4436/4436
f 4982/4982/4982  4980/4980/4980  4437/4437/4437
f 4984/4984/4984  4982/4982/4982  4437/4437/4437
f 4444/4444/4444  4440/4440/4440  4438/4438/4438
f 4988/4988/4988  4439/4439/4439  4441/4441/4441
f 4446/4446/4446  4444/4444/4444  4438/4438/4438
f 4448/4448/4448  4446/4446/4446  4438/4438/4438
f 4986/4986/4986  4984/4984/4984  4439/4439/4439
f 4988/4988/4988  4986/4986/4986  4439/4439/4439
f 4444/4444/4444  4442/4442/4442  4440/4440/4440
f 4990/4990/4990  4988/4988/4988  4441/4441/4441
f 4992/4992/4992  4990/4990/4990  4441/4441/4441
f 4464/4464/4464  4454/4454/4454  4452/4452/4452
f 4991/4991/4991  4453/4453/4453  4455/4455/4455
f 4466/4466/4466  4464/4464/4464  4452/4452/4452
f 4993/4993/4993  4453/4453/4453  4991/4991/4991
f 4462/4462/4462  4456/4456/4456  4454/4454/4454
f 4987/4987/4987  4455/4455/4455  4457/4457/4457
f 4464/4464/4464  4462/4462/4462  4454/4454/4454
f 4989/4989/4989  4455/4455/4455  4987/4987/4987
f 4991/4991/4991  4455/4455/4455  4989/4989/4989
f 4462/4462/4462  4458/4458/4458  4456/4456/4456
f 4985/4985/4985  4457/4457/4457  4459/4459/4459
f 4987/4987/4987  4457/4457/4457  4985/4985/4985
f 4462/4462/4462  4460/4460/4460  4458/4458/4458
f 4983/4983/4983  4459/4459/4459  4981/4981/4981
f 4985/4985/4985  4459/4459/4459  4983/4983/4983
f 5014/5014/5014  4461/4461/4461  4463/4463/4463
f 5012/5012/5012  5010/5010/5010  4461/4461/4461
f 5014/5014/5014  5012/5012/5012  4461/4461/4461
f 5016/5016/5016  4463/4463/4463  4465/4465/4465
f 5016/5016/5016  5014/5014/5014  4463/4463/4463
f 5020/5020/5020  4465/4465/4465  4467/4467/4467
f 5018/5018/5018  5016/5016/5016  4465/4465/4465
f 5020/5020/5020  5018/5018/5018  4465/4465/4465
f 5022/5022/5022  5020/5020/5020  4467/4467/4467
f 4482/4482/4482  4470/4470/4470  4468/4468/4468
f 5021/5021/5021  4469/4469/4469  4471/4471/4471
f 5023/5023/5023  4469/4469/4469  5021/5021/5021
f 5025/5025/5025  4469/4469/4469  5023/5023/5023
f 4480/4480/4480  4472/4472/4472  4470/4470/4470
f 5019/5019/5019  4471/4471/4471  4473/4473/4473
f 4482/4482/4482  4480/4480/4480  4470/4470/4470
f 5021/5021/5021  4471/4471/4471  5019/5019/5019
f 4478/4478/4478  4474/4474/4474  4472/4472/4472
f 5015/5015/5015  4473/4473/4473  4475/4475/4475
f 4480/4480/4480  4478/4478/4478  4472/4472/4472
f 5017/5017/5017  4473/4473/4473  5015/5015/5015
f 5019/5019/5019  4473/4473/4473  5017/5017/5017
f 4478/4478/4478  4476/4476/4476  4474/4474/4474
f 5015/5015/5015  4475/4475/4475  5013/5013/5013
f 5044/5044/5044  4477/4477/4477  4479/4479/4479
f 5042/5042/5042  5040/5040/5040  4477/4477/4477
f 5044/5044/5044  5042/5042/5042  4477/4477/4477
f 5048/5048/5048  4479/4479/4479  4481/4481/4481
f 5046/5046/5046  5044/5044/5044  4479/4479/4479
f 5048/5048/5048  5046/5046/5046  4479/4479/4479
f 5050/5050/5050  4481/4481/4481  4483/4483/4483
f 5050/5050/5050  5048/5048/5048  4481/4481/4481
f 5052/5052/5052  5050/5050/5050  4483/4483/4483
f 5054/5054/5054  5052/5052/5052  4483/4483/4483
f 4496/4496/4496  4486/4486/4486  4484/4484/4484
f 5076/5076/5076  4485/4485/4485  4487/4487/4487
f 4498/4498/4498  4496/4496/4496  4484/4484/4484
f 5076/5076/5076  5074/5074/5074  4485/4485/4485
f 4494/4494/4494  4488/4488/4488  4486/4486/4486
f 5080/5080/5080  4487/4487/4487  4489/4489/4489
f 4496/4496/4496  4494/4494/4494  4486/4486/4486
f 5078/5078/5078  5076/5076/5076  4487/4487/4487
f 5080/5080/5080  5078/5078/5078  4487/4487/4487
f 4492/4492/4492  4490/4490/4490  4488/4488/4488
f 5082/5082/5082  4489/4489/4489  4491/4491/4491
f 4494/4494/4494  4492/4492/4492  4488/4488/4488
f 5082/5082/5082  5080/5080/5080  4489/4489/4489
f 5084/5084/5084  5082/5082/5082  4491/4491/4491
f 5086/5086/5086  5084/5084/5084  4491/4491/4491
f 5053/5053/5053  4493/4493/4493  4495/4495/4495
f 5055/5055/5055  4493/4493/4493  5053/5053/5053
f 5049/5049/5049  4495/4495/4495  4497/4497/4497
f 5051/5051/5051  4495/4495/4495  5049/5049/5049
f 5053/5053/5053  4495/4495/4495  5051/5051/5051
f 5047/5047/5047  4497/4497/4497  4499/4499/4499
f 5049/5049/5049  4497/4497/4497  5047/5047/5047
f 5045/5045/5045  4499/4499/4499  5043/5043/5043
f 5047/5047/5047  4499/4499/4499  5045/5045/5045
f 4514/4514/4514  4502/4502/4502  4500/4500/4500
f 5085/5085/5085  4501/4501/4501  4503/4503/4503
f 5087/5087/5087  4501/4501/4501  5085/5085/5085
f 4512/4512/4512  4504/4504/4504  4502/4502/4502
f 5081/5081/5081  4503/4503/4503  4505/4505/4505
f 4514/4514/4514  4512/4512/4512  4502/4502/4502
f 5083/5083/5083  4503/4503/4503  5081/5081/5081
f 5085/5085/5085  4503/4503/4503  5083/5083/5083
f 4510/4510/4510  4506/4506/4506  4504/4504/4504
f 5079/5079/5079  4505/4505/4505  4507/4507/4507
f 4512/4512/4512  4510/4510/4510  4504/4504/4504
f 5081/5081/5081  4505/4505/4505  5079/5079/5079
f 4510/4510/4510  4508/4508/4508  4506/4506/4506
f 5077/5077/5077  4507/4507/4507  5075/5075/5075
f 5079/5079/5079  4507/4507/4507  5077/5077/5077
f 5106/5106/5106  4509/4509/4509  4511/4511/4511
f 5106/5106/5106  5104/5104/5104  4509/4509/4509
f 5110/5110/5110  4511/4511/4511  4513/4513/4513
f 5108/5108/5108  5106/5106/5106  4511/4511/4511
f 5110/5110/5110  5108/5108/5108  4511/4511/4511
f 5112/5112/5112  4513/4513/4513  4515/4515/4515
f 5112/5112/5112  5110/5110/5110  4513/4513/4513
f 5114/5114/5114  5112/5112/5112  4515/4515/4515
f 5116/5116/5116  5114/5114/5114  4515/4515/4515
f 4528/4528/4528  4518/4518/4518  4516/4516/4516
f 5115/5115/5115  4517/4517/4517  4519/4519/4519
f 4530/4530/4530  4528/4528/4528  4516/4516/4516
f 5117/5117/5117  4517/4517/4517  5115/5115/5115
f 5119/5119/5119  4517/4517/4517  5117/5117/5117
f 4526/4526/4526  4520/4520/4520  4518/4518/4518
f 5111/5111/5111  4519/4519/4519  4521/4521/4521
f 4528/4528/4528  4526/4526/4526  4518/4518/4518
f 5113/5113/5113  4519/4519/4519  5111/5111/5111
f 5115/5115/5115  4519/4519/4519  5113/5113/5113
f 4524/4524/4524  4522/4522/4522  4520/4520/4520
f 5109/5109/5109  4521/4521/4521  4523/4523/4523
f 4526/4526/4526  4524/4524/4524  4520/4520/4520
f 5111/5111/5111  4521/4521/4521  5109/5109/5109
f 5107/5107/5107  4523/4523/4523  5105/5105/5105
f 5109/5109/5109  4523/4523/4523  5107/5107/5107
f 5138/5138/5138  4525/4525/4525  4527/4527/4527
f 5136/5136/5136  5134/5134/5134  4525/4525/4525
f 5138/5138/5138  5136/5136/5136  4525/4525/4525
f 5140/5140/5140  4527/4527/4527  4529/4529/4529
f 5140/5140/5140  5138/5138/5138  4527/4527/4527
f 5144/5144/5144  4529/4529/4529  4531/4531/4531
f 5142/5142/5142  5140/5140/5140  4529/4529/4529
f 5144/5144/5144  5142/5142/5142  4529/4529/4529
f 5146/5146/5146  5144/5144/5144  4531/4531/4531
f 5178/5178/5178  4534/4534/4534  4536/4536/4536
f 4549/4549/4549  4537/4537/4537  4532/4532/4532
f 5174/5174/5174  4550/4550/4550  4533/4533/4533
f 5176/5176/5176  5174/5174/5174  4533/4533/4533
f 5180/5180/5180  5178/5178/5178  4536/4536/4536
f 4549/4549/4549  4539/4539/4539  4537/4537/4537
f 5145/5145/5145  4538/4538/4538  4540/4540/4540
f 5147/5147/5147  4538/4538/4538  5145/5145/5145
f 5149/5149/5149  4538/4538/4538  5147/5147/5147
f 4547/4547/4547  4541/4541/4541  4539/4539/4539
f 5143/5143/5143  4540/4540/4540  4542/4542/4542
f 4549/4549/4549  4547/4547/4547  4539/4539/4539
f 5145/5145/5145  4540/4540/4540  5143/5143/5143
f 4545/4545/4545  4543/4543/4543  4541/4541/4541
f 5139/5139/5139  4542/4542/4542  4544/4544/4544
f 4547/4547/4547  4545/4545/4545  4541/4541/4541
f 5141/5141/5141  4542/4542/4542  5139/5139/5139
f 5143/5143/5143  4542/4542/4542  5141/5141/5141
f 5139/5139/5139  4544/4544/4544  5137/5137/5137
f 5168/5168/5168  4546/4546/4546  4548/4548/4548
f 5166/5166/5166  5164/5164/5164  4546/4546/4546
f 5168/5168/5168  5166/5166/5166  4546/4546/4546
f 5170/5170/5170  4548/4548/4548  4550/4550/4550
f 5170/5170/5170  5168/5168/5168  4548/4548/4548
f 5172/5172/5172  5170/5170/5170  4550/4550/4550
f 5174/5174/5174  5172/5172/5172  4550/4550/4550
f 4568/4568/4568  4553/4553/4553  4551/4551/4551
f 5200/5200/5200  4552/4552/4552  4554/4554/4554
f 5198/5198/5198  5196/5196/5196  4552/4552/4552
f 5200/5200/5200  5198/5198/5198  4552/4552/4552
f 4566/4566/4566  4555/4555/4555  4553/4553/4553
f 5202/5202/5202  4554/4554/4554  4556/4556/4556
f 4568/4568/4568  4566/4566/4566  4553/4553/4553
f 5202/5202/5202  5200/5200/5200  4554/4554/4554
f 4564/4564/4564  4557/4557/4557  4555/4555/4555
f 5206/5206/5206  4556/4556/4556  4558/4558/4558
f 4566/4566/4566  4564/4564/4564  4555/4555/4555
f 5204/5204/5204  5202/5202/5202  4556/4556/4556
f 5206/5206/5206  5204/5204/5204  4556/4556/4556
f 4561/4561/4561  4559/4559/4559  4557/4557/4557
f 4564/4564/4564  4561/4561/4561  4557/4557/4557
f 5208/5208/5208  5206/5206/5206  4558/4558/4558
f 5181/5181/5181  4560/4560/4560  4563/4563/4563
f 5177/5177/5177  4562/4562/4562  4565/4565/4565
f 5181/5181/5181  4563/4563/4563  5179/5179/5179
f 5173/5173/5173  4565/4565/4565  4567/4567/4567
f 5175/5175/5175  4565/4565/4565  5173/5173/5173
f 5177/5177/5177  4565/4565/4565  5175/5175/5175
f 5169/5169/5169  4567/4567/4567  4569/4569/4569
f 5171/5171/5171  4567/4567/4567  5169/5169/5169
f 5173/5173/5173  4567/4567/4567  5171/5171/5171
f 5169/5169/5169  4569/4569/4569  5167/5167/5167
f 4584/4584/4584  4572/4572/4572  4570/4570/4570
f 5239/5239/5239  4571/4571/4571  4573/4573/4573
f 5241/5241/5241  4571/4571/4571  5239/5239/5239
f 4582/4582/4582  4574/4574/4574  4572/4572/4572
f 5235/5235/5235  4573/4573/4573  4575/4575/4575
f 4584/4584/4584  4582/4582/4582  4572/4572/4572
f 5237/5237/5237  4573/4573/4573  5235/5235/5235
f 5239/5239/5239  4573/4573/4573  5237/5237/5237
f 4580/4580/4580  4576/4576/4576  4574/4574/4574
f 5233/5233/5233  4575/4575/4575  4577/4577/4577
f 4582/4582/4582  4580/4580/4580  4574/4574/4574
f 5235/5235/5235  4575/4575/4575  5233/5233/5233
f 4580/4580/4580  4578/4578/4578  4576/4576/4576
f 5231/5231/5231  4577/4577/4577  5229/5229/5229
f 5233/5233/5233  4577/4577/4577  5231/5231/5231
f 5260/5260/5260  4579/4579/4579  4581/4581/4581
f 5260/5260/5260  5258/5258/5258  4579/4579/4579
f 5264/5264/5264  4581/4581/4581  4583/4583/4583
f 5262/5262/5262  5260/5260/5260  4581/4581/4581
f 5264/5264/5264  5262/5262/5262  4581/4581/4581
f 5266/5266/5266  4583/4583/4583  4585/4585/4585
f 5266/5266/5266  5264/5264/5264  4583/4583/4583
f 5268/5268/5268  5266/5266/5266  4585/4585/4585
f 5270/5270/5270  5268/5268/5268  4585/4585/4585
f 4595/4595/4595  4589/4589/4589  4586/4586/4586
f 5296/5296/5296  4588/4588/4588  4590/4590/4590
f 4597/4597/4597  4595/4595/4595  4586/4586/4586
f 4605/4605/4605  4597/4597/4597  4586/4586/4586
f 5292/5292/5292  4606/4606/4606  4587/4587/4587
f 5294/5294/5294  5292/5292/5292  4587/4587/4587
f 4593/4593/4593  4591/4591/4591  4589/4589/4589
f 5300/5300/5300  4590/4590/4590  4592/4592/4592
f 4595/4595/4595  4593/4593/4593  4589/4589/4589
f 5298/5298/5298  5296/5296/5296  4590/4590/4590
f 5300/5300/5300  5298/5298/5298  4590/4590/4590
f 5302/5302/5302  5300/5300/5300  4592/4592/4592
f 5269/5269/5269  4594/4594/4594  4596/4596/4596
f 5271/5271/5271  4594/4594/4594  5269/5269/5269
f 5265/5265/5265  4596/4596/4596  4598/4598/4598
f 5267/5267/5267  4596/4596/4596  5265/5265/5265
f 5269/5269/5269  4596/4596/4596  5267/5267/5267
f 4603/4603/4603  4599/4599/4599  4597/4597/4597
f 5263/5263/5263  4598/4598/4598  4600/4600/4600
f 4605/4605/4605  4603/4603/4603  4597/4597/4597
f 5265/5265/5265  4598/4598/4598  5263/5263/5263
f 4603/4603/4603  4601/4601/4601  4599/4599/4599
f 5261/5261/5261  4600/4600/4600  5259/5259/5259
f 5263/5263/5263  4600/4600/4600  5261/5261/5261
f 5290/5290/5290  4602/4602/4602  4604/4604/4604
f 5290/5290/5290  5288/5288/5288  4602/4602/4602
f 5292/5292/5292  4604/4604/4604  4606/4606/4606
f 5292/5292/5292  5290/5290/5290  4604/4604/4604
f 4619/4619/4619  4609/4609/4609  4607/4607/4607
f 5207/5207/5207  4608/4608/4608  4610/4610/4610
f 4621/4621/4621  4619/4619/4619  4607/4607/4607
f 5209/5209/5209  4608/4608/4608  5207/5207/5207
f 5211/5211/5211  4608/4608/4608  5209/5209/5209
f 4617/4617/4617  4611/4611/4611  4609/4609/4609
f 5205/5205/5205  4610/4610/4610  4612/4612/4612
f 4619/4619/4619  4617/4617/4617  4609/4609/4609
f 5207/5207/5207  4610/4610/4610  5205/5205/5205
f 4615/4615/4615  4613/4613/4613  4611/4611/4611
f 5201/5201/5201  4612/4612/4612  4614/4614/4614
f 4617/4617/4617  4615/4615/4615  4611/4611/4611
f 5203/5203/5203  4612/4612/4612  5201/5201/5201
f 5205/5205/5205  4612/4612/4612  5203/5203/5203
f 5201/5201/5201  4614/4614/4614  5199/5199/5199
f 5230/5230/5230  4616/4616/4616  4618/4618/4618
f 5230/5230/5230  5228/5228/5228  4616/4616/4616
f 5234/5234/5234  4618/4618/4618  4620/4620/4620
f 5232/5232/5232  5230/5230/5230  4618/4618/4618
f 5234/5234/5234  5232/5232/5232  4618/4618/4618
f 5236/5236/5236  4620/4620/4620  4622/4622/4622
f 5236/5236/5236  5234/5234/5234  4620/4620/4620
f 5238/5238/5238  5236/5236/5236  4622/4622/4622
f 5240/5240/5240  5238/5238/5238  4622/4622/4622
f 4638/4638/4638  4625/4625/4625  4623/4623/4623
f 5322/5322/5322  4624/4624/4624  4626/4626/4626
f 4640/4640/4640  4638/4638/4638  4623/4623/4623
f 4642/4642/4642  4640/4640/4640  4623/4623/4623
f 5322/5322/5322  5320/5320/5320  4624/4624/4624
f 4635/4635/4635  4627/4627/4627  4625/4625/4625
f 5326/5326/5326  4626/4626/4626  4628/4628/4628
f 4638/4638/4638  4635/4635/4635  4625/4625/4625
f 5324/5324/5324  5322/5322/5322  4626/4626/4626
f 5326/5326/5326  5324/5324/5324  4626/4626/4626
f 4633/4633/4633  4629/4629/4629  4627/4627/4627
f 5330/5330/5330  4628/4628/4628  4630/4630/4630
f 4635/4635/4635  4633/4633/4633  4627/4627/4627
f 5328/5328/5328  5326/5326/5326  4628/4628/4628
f 5330/5330/5330  5328/5328/5328  4628/4628/4628
f 4633/4633/4633  4631/4631/4631  4629/4629/4629
f 5332/5332/5332  5330/5330/5330  4630/4630/4630
f 5301/5301/5301  4632/4632/4632  4634/4634/4634
f 5303/5303/5303  4632/4632/4632  5301/5301/5301
f 5299/5299/5299  4634/4634/4634  4637/4637/4637
f 5301/5301/5301  4634/4634/4634  5299/5299/5299
f 5295/5295/5295  4636/4636/4636  4639/4639/4639
f 5299/5299/5299  4637/4637/4637  5297/5297/5297
f 5293/5293/5293  4639/4639/4639  4641/4641/4641
f 5295/5295/5295  4639/4639/4639  5293/5293/5293
f 5291/5291/5291  4641/4641/4641  4643/4643/4643
f 5293/5293/5293  4641/4641/4641  5291/5291/5291
f 5291/5291/5291  4643/4643/4643  5289/5289/5289
f 4656/4656/4656  4646/4646/4646  4644/4644/4644
f 5361/5361/5361  4645/4645/4645  4647/4647/4647
f 4658/4658/4658  4656/4656/4656  4644/4644/4644
f 5363/5363/5363  4645/4645/4645  5361/5361/5361
f 5365/5365/5365  4645/4645/4645  5363/5363/5363
f 4654/4654/4654  4648/4648/4648  4646/4646/4646
f 5359/5359/5359  4647/4647/4647  4649/4649/4649
f 4656/4656/4656  4654/4654/4654  4646/4646/4646
f 5361/5361/5361  4647/4647/4647  5359/5359/5359
f 4652/4652/4652  4650/4650/4650  4648/4648/4648
f 5355/5355/5355  4649/4649/4649  4651/4651/4651
f 4654/4654/4654  4652/4652/4652  4648/4648/4648
f 5357/5357/5357  4649/4649/4649  5355/5355/5355
f 5359/5359/5359  4649/4649/4649  5357/5357/5357
f 5355/5355/5355  4651/4651/4651  5353/5353/5353
f 5384/5384/5384  4653/4653/4653  4655/4655/4655
f 5382/5382/5382  5380/5380/5380  4653/4653/4653
f 5384/5384/5384  5382/5382/5382  4653/4653/4653
f 5386/5386/5386  4655/4655/4655  4657/4657/4657
f 5386/5386/5386  5384/5384/5384  4655/4655/4655
f 5390/5390/5390  4657/4657/4657  4659/4659/4659
f 5388/5388/5388  5386/5386/5386  4657/4657/4657
f 5390/5390/5390  5388/5388/5388  4657/4657/4657
f 5392/5392/5392  5390/5390/5390  4659/4659/4659
f 4675/4675/4675  4663/4663/4663  4660/4660/4660
f 5414/5414/5414  4662/4662/4662  4664/4664/4664
f 4677/4677/4677  4675/4675/4675  4660/4660/4660
f 5410/5410/5410  4678/4678/4678  4661/4661/4661
f 5412/5412/5412  5410/5410/5410  4661/4661/4661
f 4673/4673/4673  4665/4665/4665  4663/4663/4663
f 5418/5418/5418  4664/4664/4664  4666/4666/4666
f 4675/4675/4675  4673/4673/4673  4663/4663/4663
f 5416/5416/5416  5414/5414/5414  4664/4664/4664
f 5418/5418/5418  5416/5416/5416  4664/4664/4664
f 4671/4671/4671  4667/4667/4667  4665/4665/4665
f 5422/5422/5422  4666/4666/4666  4668/4668/4668
f 4673/4673/4673  4671/4671/4671  4665/4665/4665
f 5420/5420/5420  5418/5418/5418  4666/4666/4666
f 5422/5422/5422  5420/5420/5420  4666/4666/4666
f 4671/4671/4671  4669/4669/4669  4667/4667/4667
f 5424/5424/5424  5422/5422/5422  4668/4668/4668
f 5391/5391/5391  4670/4670/4670  4672/4672/4672
f 5393/5393/5393  4670/4670/4670  5391/5391/5391
f 5395/5395/5395  4670/4670/4670  5393/5393/5393
f 5389/5389/5389  4672/4672/4672  4674/4674/4674
f 5391/5391/5391  4672/4672/4672  5389/5389/5389
f 5385/5385/5385  4674/4674/4674  4676/4676/4676
f 5387/5387/5387  4674/4674/4674  5385/5385/5385
f 5389/5389/5389  4674/4674/4674  5387/5387/5387
f 5385/5385/5385  4676/4676/4676  5383/5383/5383
f 4693/4693/4693  4681/4681/4681  4679/4679/4679
f 5331/5331/5331  4680/4680/4680  4682/4682/4682
f 5333/5333/5333  4680/4680/4680  5331/5331/5331
f 5335/5335/5335  4680/4680/4680  5333/5333/5333
f 4691/4691/4691  4683/4683/4683  4681/4681/4681
f 5329/5329/5329  4682/4682/4682  4684/4684/4684
f 4693/4693/4693  4691/4691/4691  4681/4681/4681
f 5331/5331/5331  4682/4682/4682  5329/5329/5329
f 4689/4689/4689  4685/4685/4685  4683/4683/4683
f 5325/5325/5325  4684/4684/4684  4686/4686/4686
f 4691/4691/4691  4689/4689/4689  4683/4683/4683
f 5327/5327/5327  4684/4684/4684  5325/5325/5325
f 5329/5329/5329  4684/4684/4684  5327/5327/5327
f 4689/4689/4689  4687/4687/4687  4685/4685/4685
f 5323/5323/5323  4686/4686/4686  5321/5321/5321
f 5325/5325/5325  4686/4686/4686  5323/5323/5323
f 5354/5354/5354  4688/4688/4688  4690/4690/4690
f 5352/5352/5352  5350/5350/5350  4688/4688/4688
f 5354/5354/5354  5352/5352/5352  4688/4688/4688
f 5356/5356/5356  4690/4690/4690  4692/4692/4692
f 5356/5356/5356  5354/5354/5354  4690/4690/4690
f 5360/5360/5360  4692/4692/4692  4694/4694/4694
f 5358/5358/5358  5356/5356/5356  4692/4692/4692
f 5360/5360/5360  5358/5358/5358  4692/4692/4692
f 5362/5362/5362  5360/5360/5360  4694/4694/4694
f 4707/4707/4707  4697/4697/4697  4695/4695/4695
f 5446/5446/5446  4696/4696/4696  4698/4698/4698
f 4709/4709/4709  4707/4707/4707  4695/4695/4695
f 5444/5444/5444  5442/5442/5442  4696/4696/4696
f 5446/5446/5446  5444/5444/5444  4696/4696/4696
f 4705/4705/4705  4699/4699/4699  4697/4697/4697
f 5450/5450/5450  4698/4698/4698  4700/4700/4700
f 4707/4707/4707  4705/4705/4705  4697/4697/4697
f 5448/5448/5448  5446/5446/5446  4698/4698/4698
f 5450/5450/5450  5448/5448/5448  4698/4698/4698
f 4703/4703/4703  4701/4701/4701  4699/4699/4699
f 5452/5452/5452  4700/4700/4700  4702/4702/4702
f 4705/4705/4705  4703/4703/4703  4699/4699/4699
f 5452/5452/5452  5450/5450/5450  4700/4700/4700
f 5454/5454/5454  5452/5452/5452  4702/4702/4702
f 5456/5456/5456  5454/5454/5454  4702/4702/4702
f 5423/5423/5423  4704/4704/4704  4706/4706/4706
f 5425/5425/5425  4704/4704/4704  5423/5423/5423
f 5427/5427/5427  4704/4704/4704  5425/5425/5425
f 5421/5421/5421  4706/4706/4706  4708/4708/4708
f 5423/5423/5423  4706/4706/4706  5421/5421/5421
f 5417/5417/5417  4708/4708/4708  4711/4711/4711
f 5419/5419/5419  4708/4708/4708  5417/5417/5417
f 5421/5421/5421  4708/4708/4708  5419/5419/5419
f 5413/5413/5413  4710/4710/4710  4713/4713/4713
f 5417/5417/5417  4711/4711/4711  5415/5415/5415
f 5413/5413/5413  4713/4713/4713  5411/5411/5411
f 4726/4726/4726  4716/4716/4716  4714/4714/4714
f 5455/5455/5455  4715/4715/4715  4717/4717/4717
f 4728/4728/4728  4726/4726/4726  4714/4714/4714
f 5457/5457/5457  4715/4715/4715  5455/5455/5455
f 4724/4724/4724  4718/4718/4718  4716/4716/4716
f 5451/5451/5451  4717/4717/4717  4719/4719/4719
f 4726/4726/4726  4724/4724/4724  4716/4716/4716
f 5453/5453/5453  4717/4717/4717  5451/5451/5451
f 5455/5455/5455  4717/4717/4717  5453/5453/5453
f 4722/4722/4722  4720/4720/4720  4718/4718/4718
f 5449/5449/5449  4719/4719/4719  4721/4721/4721
f 4724/4724/4724  4722/4722/4722  4718/4718/4718
f 5451/5451/5451  4719/4719/4719  5449/5449/5449
f 5447/5447/5447  4721/4721/4721  5445/5445/5445
f 5449/5449/5449  4721/4721/4721  5447/5447/5447
f 5476/5476/5476  4723/4723/4723  4725/4725/4725
f 5476/5476/5476  5474/5474/5474  4723/4723/4723
f 5480/5480/5480  4725/4725/4725  4727/4727/4727
f 5478/5478/5478  5476/5476/5476  4725/4725/4725
f 5480/5480/5480  5478/5478/5478  4725/4725/4725
f 5482/5482/5482  4727/4727/4727  4729/4729/4729
f 5482/5482/5482  5480/5480/5480  4727/4727/4727
f 5484/5484/5484  5482/5482/5482  4729/4729/4729
f 5486/5486/5486  5484/5484/5484  4729/4729/4729
f 4744/4744/4744  4732/4732/4732  4730/4730/4730
f 5485/5485/5485  4731/4731/4731  4733/4733/4733
f 5487/5487/5487  4731/4731/4731  5485/5485/5485
f 4742/4742/4742  4734/4734/4734  4732/4732/4732
f 5481/5481/5481  4733/4733/4733  4735/4735/4735
f 4744/4744/4744  4742/4742/4742  4732/4732/4732
f 5483/5483/5483  4733/4733/4733  5481/5481/5481
f 5485/5485/5485  4733/4733/4733  5483/5483/5483
f 4740/4740/4740  4736/4736/4736  4734/4734/4734
f 5479/5479/5479  4735/4735/4735  4737/4737/4737
f 4742/4742/4742  4740/4740/4740  4734/4734/4734
f 5481/5481/5481  4735/4735/4735  5479/5479/5479
f 4740/4740/4740  4738/4738/4738  4736/4736/4736
f 5477/5477/5477  4737/4737/4737  5475/5475/5475
f 5479/5479/5479  4737/4737/4737  5477/5477/5477
f 5506/5506/5506  4739/4739/4739  4741/4741/4741
f 5506/5506/5506  5504/5504/5504  4739/4739/4739
f 5510/5510/5510  4741/4741/4741  4743/4743/4743
f 5508/5508/5508  5506/5506/5506  4741/4741/4741
f 5510/5510/5510  5508/5508/5508  4741/4741/4741
f 5512/5512/5512  4743/4743/4743  4745/4745/4745
f 5512/5512/5512  5510/5510/5510  4743/4743/4743
f 5514/5514/5514  5512/5512/5512  4745/4745/4745
f 5516/5516/5516  5514/5514/5514  4745/4745/4745
f 4758/4758/4758  4748/4748/4748  4746/4746/4746
f 5538/5538/5538  4747/4747/4747  4749/4749/4749
f 4760/4760/4760  4758/4758/4758  4746/4746/4746
f 5538/5538/5538  5536/5536/5536  4747/4747/4747
f 4756/4756/4756  4750/4750/4750  4748/4748/4748
f 5542/5542/5542  4749/4749/4749  4751/4751/4751
f 4758/4758/4758  4756/4756/4756  4748/4748/4748
f 5540/5540/5540  5538/5538/5538  4749/4749/4749
f 5542/5542/5542  5540/5540/5540  4749/4749/4749
f 4754/4754/4754  4752/4752/4752  4750/4750/4750
f 5544/5544/5544  4751/4751/4751  4753/4753/4753
f 4756/4756/4756  4754/4754/4754  4750/4750/4750
f 5544/5544/5544  5542/5542/5542  4751/4751/4751
f 5546/5546/5546  5544/5544/5544  4753/4753/4753
f 5548/5548/5548  5546/5546/5546  4753/4753/4753
f 5515/5515/5515  4755/4755/4755  4757/4757/4757
f 5517/5517/5517  4755/4755/4755  5515/5515/5515
f 5511/5511/5511  4757/4757/4757  4759/4759/4759
f 5513/5513/5513  4757/4757/4757  5511/5511/5511
f 5515/5515/5515  4757/4757/4757  5513/5513/5513
f 5509/5509/5509  4759/4759/4759  4761/4761/4761
f 5511/5511/5511  4759/4759/4759  5509/5509/5509
f 5507/5507/5507  4761/4761/4761  5505/5505/5505
f 5509/5509/5509  4761/4761/4761  5507/5507/5507
f 4776/4776/4776  4764/4764/4764  4762/4762/4762
f 5547/5547/5547  4763/4763/4763  4765/4765/4765
f 5549/5549/5549  4763/4763/4763  5547/5547/5547
f 4774/4774/4774  4766/4766/4766  4764/4764/4764
f 5543/5543/5543  4765/4765/4765  4767/4767/4767
f 4776/4776/4776  4774/4774/4774  4764/4764/4764
f 5545/5545/5545  4765/4765/4765  5543/5543/5543
f 5547/5547/5547  4765/4765/4765  5545/5545/5545
f 4772/4772/4772  4768/4768/4768  4766/4766/4766
f 5541/5541/5541  4767/4767/4767  4769/4769/4769
f 4774/4774/4774  4772/4772/4772  4766/4766/4766
f 5543/5543/5543  4767/4767/4767  5541/5541/5541
f 4772/4772/4772  4770/4770/4770  4768/4768/4768
f 5539/5539/5539  4769/4769/4769  5537/5537/5537
f 5541/5541/5541  4769/4769/4769  5539/5539/5539
f 5570/5570/5570  4771/4771/4771  4773/4773/4773
f 5568/5568/5568  5566/5566/5566  4771/4771/4771
f 5570/5570/5570  5568/5568/5568  4771/4771/4771
f 5572/5572/5572  4773/4773/4773  4775/4775/4775
f 5572/5572/5572  5570/5570/5570  4773/4773/4773
f 5576/5576/5576  4775/4775/4775  4777/4777/4777
f 5574/5574/5574  5572/5572/5572  4775/4775/4775
f 5576/5576/5576  5574/5574/5574  4775/4775/4775
f 5578/5578/5578  5576/5576/5576  4777/4777/4777
f 4792/4792/4792  4780/4780/4780  4778/4778/4778
f 5577/5577/5577  4779/4779/4779  4781/4781/4781
f 5579/5579/5579  4779/4779/4779  5577/5577/5577
f 5581/5581/5581  4779/4779/4779  5579/5579/5579
f 4788/4788/4788  4782/4782/4782  4780/4780/4780
f 5575/5575/5575  4781/4781/4781  4783/4783/4783
f 4790/4790/4790  4788/4788/4788  4780/4780/4780
f 4792/4792/4792  4790/4790/4790  4780/4780/4780
f 5577/5577/5577  4781/4781/4781  5575/5575/5575
f 4786/4786/4786  4784/4784/4784  4782/4782/4782
f 5571/5571/5571  4783/4783/4783  4785/4785/4785
f 4788/4788/4788  4786/4786/4786  4782/4782/4782
f 5573/5573/5573  4783/4783/4783  5571/5571/5571
f 5575/5575/5575  4783/4783/4783  5573/5573/5573
f 5571/5571/5571  4785/4785/4785  5569/5569/5569
f 5600/5600/5600  4787/4787/4787  4789/4789/4789
f 5598/5598/5598  5596/5596/5596  4787/4787/4787
f 5600/5600/5600  5598/5598/5598  4787/4787/4787
f 5602/5602/5602  4789/4789/4789  4791/4791/4791
f 5602/5602/5602  5600/5600/5600  4789/4789/4789
f 5606/5606/5606  4791/4791/4791  4793/4793/4793
f 5604/5604/5604  5602/5602/5602  4791/4791/4791
f 5606/5606/5606  5604/5604/5604  4791/4791/4791
f 5608/5608/5608  5606/5606/5606  4793/4793/4793
f 4806/4806/4806  4796/4796/4796  4794/4794/4794
f 5607/5607/5607  4795/4795/4795  4797/4797/4797
f 4808/4808/4808  4806/4806/4806  4794/4794/4794
f 5609/5609/5609  4795/4795/4795  5607/5607/5607
f 5611/5611/5611  4795/4795/4795  5609/5609/5609
f 4804/4804/4804  4798/4798/4798  4796/4796/4796
f 5605/5605/5605  4797/4797/4797  4799/4799/4799
f 4806/4806/4806  4804/4804/4804  4796/4796/4796
f 5607/5607/5607  4797/4797/4797  5605/5605/5605
f 4802/4802/4802  4800/4800/4800  4798/4798/4798
f 5601/5601/5601  4799/4799/4799  4801/4801/4801
f 4804/4804/4804  4802/4802/4802  4798/4798/4798
f 5603/5603/5603  4799/4799/4799  5601/5601/5601
f 5605/5605/5605  4799/4799/4799  5603/5603/5603
f 5601/5601/5601  4801/4801/4801  5599/5599/5599
f 5630/5630/5630  4803/4803/4803  4805/4805/4805
f 5628/5628/5628  5626/5626/5626  4803/4803/4803
f 5630/5630/5630  5628/5628/5628  4803/4803/4803
f 5632/5632/5632  4805/4805/4805  4807/4807/4807
f 5632/5632/5632  5630/5630/5630  4805/4805/4805
f 5636/5636/5636  4807/4807/4807  4809/4809/4809
f 5634/5634/5634  5632/5632/5632  4807/4807/4807
f 5636/5636/5636  5634/5634/5634  4807/4807/4807
f 5638/5638/5638  5636/5636/5636  4809/4809/4809
f 4824/4824/4824  4812/4812/4812  4810/4810/4810
f 5662/5662/5662  4811/4811/4811  4813/4813/4813
f 5660/5660/5660  5658/5658/5658  4811/4811/4811
f 5662/5662/5662  5660/5660/5660  4811/4811/4811
f 4822/4822/4822  4814/4814/4814  4812/4812/4812
f 5664/5664/5664  4813/4813/4813  4815/4815/4815
f 4824/4824/4824  4822/4822/4822  4812/4812/4812
f 5664/5664/5664  5662/5662/5662  4813/4813/4813
f 4820/4820/4820  4816/4816/4816  4814/4814/4814
f 5668/5668/5668  4815/4815/4815  4817/4817/4817
f 4822/4822/4822  4820/4820/4820  4814/4814/4814
f 5666/5666/5666  5664/5664/5664  4815/4815/4815
f 5668/5668/5668  5666/5666/5666  4815/4815/4815
f 4820/4820/4820  4818/4818/4818  4816/4816/4816
f 5670/5670/5670  5668/5668/5668  4817/4817/4817
f 5637/5637/5637  4819/4819/4819  4821/4821/4821
f 5639/5639/5639  4819/4819/4819  5637/5637/5637
f 5641/5641/5641  4819/4819/4819  5639/5639/5639
f 5635/5635/5635  4821/4821/4821  4823/4823/4823
f 5637/5637/5637  4821/4821/4821  5635/5635/5635
f 5631/5631/5631  4823/4823/4823  4825/4825/4825
f 5633/5633/5633  4823/4823/4823  5631/5631/5631
f 5635/5635/5635  4823/4823/4823  5633/5633/5633
f 5631/5631/5631  4825/4825/4825  5629/5629/5629
f 4838/4838/4838  4828/4828/4828  4826/4826/4826
f 5669/5669/5669  4827/4827/4827  4829/4829/4829
f 4840/4840/4840  4838/4838/4838  4826/4826/4826
f 5671/5671/5671  4827/4827/4827  5669/5669/5669
f 5673/5673/5673  4827/4827/4827  5671/5671/5671
f 4836/4836/4836  4830/4830/4830  4828/4828/4828
f 5667/5667/5667  4829/4829/4829  4831/4831/4831
f 4838/4838/4838  4836/4836/4836  4828/4828/4828
f 5669/5669/5669  4829/4829/4829  5667/5667/5667
f 4834/4834/4834  4832/4832/4832  4830/4830/4830
f 5663/5663/5663  4831/4831/4831  4833/4833/4833
f 4836/4836/4836  4834/4834/4834  4830/4830/4830
f 5665/5665/5665  4831/4831/4831  5663/5663/5663
f 5667/5667/5667  4831/4831/4831  5665/5665/5665
f 5663/5663/5663  4833/4833/4833  5661/5661/5661
f 5692/5692/5692  4835/4835/4835  4837/4837/4837
f 5692/5692/5692  5690/5690/5690  4835/4835/4835
f 5696/5696/5696  4837/4837/4837  4839/4839/4839
f 5694/5694/5694  5692/5692/5692  4837/4837/4837
f 5696/5696/5696  5694/5694/5694  4837/4837/4837
f 5698/5698/5698  4839/4839/4839  4841/4841/4841
f 5698/5698/5698  5696/5696/5696  4839/4839/4839
f 5700/5700/5700  5698/5698/5698  4841/4841/4841
f 5702/5702/5702  5700/5700/5700  4841/4841/4841
f 4854/4854/4854  4844/4844/4844  4842/4842/4842
f 5701/5701/5701  4843/4843/4843  4845/4845/4845
f 4856/4856/4856  4854/4854/4854  4842/4842/4842
f 5703/5703/5703  4843/4843/4843  5701/5701/5701
f 4852/4852/4852  4846/4846/4846  4844/4844/4844
f 5697/5697/5697  4845/4845/4845  4847/4847/4847
f 4854/4854/4854  4852/4852/4852  4844/4844/4844
f 5699/5699/5699  4845/4845/4845  5697/5697/5697
f 5701/5701/5701  4845/4845/4845  5699/5699/5699
f 4852/4852/4852  4848/4848/4848  4846/4846/4846
f 5695/5695/5695  4847/4847/4847  4849/4849/4849
f 5697/5697/5697  4847/4847/4847  5695/5695/5695
f 4852/4852/4852  4850/4850/4850  4848/4848/4848
f 5693/5693/5693  4849/4849/4849  5691/5691/5691
f 5695/5695/5695  4849/4849/4849  5693/5693/5693
f 5722/5722/5722  4851/4851/4851  4853/4853/4853
f 5722/5722/5722  5720/5720/5720  4851/4851/4851
f 5726/5726/5726  4853/4853/4853  4855/4855/4855
f 5724/5724/5724  5722/5722/5722  4853/4853/4853
f 5726/5726/5726  5724/5724/5724  4853/4853/4853
f 5728/5728/5728  4855/4855/4855  4857/4857/4857
f 5728/5728/5728  5726/5726/5726  4855/4855/4855
f 5730/5730/5730  5728/5728/5728  4857/4857/4857
f 5732/5732/5732  5730/5730/5730  4857/4857/4857
f 4872/4872/4872  4860/4860/4860  4858/4858/4858
f 5731/5731/5731  4859/4859/4859  4861/4861/4861
f 5733/5733/5733  4859/4859/4859  5731/5731/5731
f 4870/4870/4870  4862/4862/4862  4860/4860/4860
f 5727/5727/5727  4861/4861/4861  4863/4863/4863
f 4872/4872/4872  4870/4870/4870  4860/4860/4860
f 5729/5729/5729  4861/4861/4861  5727/5727/5727
f 5731/5731/5731  4861/4861/4861  5729/5729/5729
f 4868/4868/4868  4864/4864/4864  4862/4862/4862
f 5725/5725/5725  4863/4863/4863  4865/4865/4865
f 4870/4870/4870  4868/4868/4868  4862/4862/4862
f 5727/5727/5727  4863/4863/4863  5725/5725/5725
f 4868/4868/4868  4866/4866/4866  4864/4864/4864
f 5723/5723/5723  4865/4865/4865  5721/5721/5721
f 5725/5725/5725  4865/4865/4865  5723/5723/5723
f 5752/5752/5752  4867/4867/4867  4869/4869/4869
f 5752/5752/5752  5750/5750/5750  4867/4867/4867
f 5756/5756/5756  4869/4869/4869  4871/4871/4871
f 5754/5754/5754  5752/5752/5752  4869/4869/4869
f 5756/5756/5756  5754/5754/5754  4869/4869/4869
f 5758/5758/5758  4871/4871/4871  4873/4873/4873
f 5758/5758/5758  5756/5756/5756  4871/4871/4871
f 5760/5760/5760  5758/5758/5758  4873/4873/4873
f 5762/5762/5762  5760/5760/5760  4873/4873/4873
f 4888/4888/4888  4876/4876/4876  4874/4874/4874
f 5789/5789/5789  4875/4875/4875  4877/4877/4877
f 5787/5787/5787  5785/5785/5785  4875/4875/4875
f 5789/5789/5789  5787/5787/5787  4875/4875/4875
f 4884/4884/4884  4878/4878/4878  4876/4876/4876
f 5791/5791/5791  4877/4877/4877  4879/4879/4879
f 4886/4886/4886  4884/4884/4884  4876/4876/4876
f 4888/4888/4888  4886/4886/4886  4876/4876/4876
f 5791/5791/5791  5789/5789/5789  4877/4877/4877
f 4882/4882/4882  4880/4880/4880  4878/4878/4878
f 5795/5795/5795  4879/4879/4879  4881/4881/4881
f 4884/4884/4884  4882/4882/4882  4878/4878/4878
f 5793/5793/5793  5791/5791/5791  4879/4879/4879
f 5795/5795/5795  5793/5793/5793  4879/4879/4879
f 5797/5797/5797  5795/5795/5795  4881/4881/4881
f 5761/5761/5761  4883/4883/4883  4885/4885/4885
f 5763/5763/5763  4883/4883/4883  5761/5761/5761
f 5757/5757/5757  4885/4885/4885  4887/4887/4887
f 5759/5759/5759  4885/4885/4885  5757/5757/5757
f 5761/5761/5761  4885/4885/4885  5759/5759/5759
f 5755/5755/5755  4887/4887/4887  4889/4889/4889
f 5757/5757/5757  4887/4887/4887  5755/5755/5755
f 5753/5753/5753  4889/4889/4889  5751/5751/5751
f 5755/5755/5755  4889/4889/4889  5753/5753/5753
f 5770/5770/5770  4891/4891/4891  4894/4894/4894
f 4914/4914/4914  4902/4902/4902  4890/4890/4890
f 5885/5885/5885  4915/4915/4915  4892/4892/4892
f 5885/5885/5885  4892/4892/4892  5771/5771/5771
f 5772/5772/5772  4895/4895/4895  4897/4897/4897
f 5884/5884/5884  4897/4897/4897  4899/4899/4899
f 5886/5886/5886  5772/5772/5772  4897/4897/4897
f 5886/5886/5886  4897/4897/4897  5884/5884/5884
f 5880/5880/5880  4899/4899/4899  4901/4901/4901
f 5882/5882/5882  4899/4899/4899  5880/5880/5880
f 5884/5884/5884  4899/4899/4899  5882/5882/5882
f 5880/5880/5880  4901/4901/4901  5878/5878/5878
f 4914/4914/4914  4904/4904/4904  4902/4902/4902
f 5856/5856/5856  4903/4903/4903  4905/4905/4905
f 5858/5858/5858  4903/4903/4903  5856/5856/5856
f 5860/5860/5860  4903/4903/4903  5858/5858/5858
f 4912/4912/4912  4906/4906/4906  4904/4904/4904
f 5854/5854/5854  4905/4905/4905  4907/4907/4907
f 4914/4914/4914  4912/4912/4912  4904/4904/4904
f 5856/5856/5856  4905/4905/4905  5854/5854/5854
f 4910/4910/4910  4908/4908/4908  4906/4906/4906
f 5850/5850/5850  4907/4907/4907  4909/4909/4909
f 4912/4912/4912  4910/4910/4910  4906/4906/4906
f 5852/5852/5852  4907/4907/4907  5850/5850/5850
f 5854/5854/5854  4907/4907/4907  5852/5852/5852
f 5850/5850/5850  4909/4909/4909  5848/5848/5848
f 5879/5879/5879  4911/4911/4911  4913/4913/4913
f 5877/5877/5877  5875/5875/5875  4911/4911/4911
f 5879/5879/5879  5877/5877/5877  4911/4911/4911
f 5881/5881/5881  4913/4913/4913  4915/4915/4915
f 5881/5881/5881  5879/5879/5879  4913/4913/4913
f 5883/5883/5883  5881/5881/5881  4915/4915/4915
f 5885/5885/5885  5883/5883/5883  4915/4915/4915
f 4930/4930/4930  4918/4918/4918  4916/4916/4916
f 5796/5796/5796  4917/4917/4917  4919/4919/4919
f 5798/5798/5798  4917/4917/4917  5796/5796/5796
f 5800/5800/5800  4917/4917/4917  5798/5798/5798
f 4928/4928/4928  4920/4920/4920  4918/4918/4918
f 5794/5794/5794  4919/4919/4919  4921/4921/4921
f 4930/4930/4930  4928/4928/4928  4918/4918/4918
f 5796/5796/5796  4919/4919/4919  5794/5794/5794
f 4926/4926/4926  4922/4922/4922  4920/4920/4920
f 5790/5790/5790  4921/4921/4921  4923/4923/4923
f 4928/4928/4928  4926/4926/4926  4920/4920/4920
f 5792/5792/5792  4921/4921/4921  5790/5790/5790
f 5794/5794/5794  4921/4921/4921  5792/5792/5792
f 4926/4926/4926  4924/4924/4924  4922/4922/4922
f 5790/5790/5790  4923/4923/4923  5788/5788/5788
f 5819/5819/5819  4925/4925/4925  4927/4927/4927
f 5817/5817/5817  5815/5815/5815  4925/4925/4925
f 5819/5819/5819  5817/5817/5817  4925/4925/4925
f 5821/5821/5821  4927/4927/4927  4929/4929/4929
f 5821/5821/5821  5819/5819/5819  4927/4927/4927
f 5825/5825/5825  4929/4929/4929  4931/4931/4931
f 5823/5823/5823  5821/5821/5821  4929/4929/4929
f 5825/5825/5825  5823/5823/5823  4929/4929/4929
f 5827/5827/5827  5825/5825/5825  4931/4931/4931
f 4944/4944/4944  4934/4934/4934  4932/4932/4932
f 5826/5826/5826  4933/4933/4933  4935/4935/4935
f 4946/4946/4946  4944/4944/4944  4932/4932/4932
f 5828/5828/5828  4933/4933/4933  5826/5826/5826
f 5830/5830/5830  4933/4933/4933  5828/5828/5828
f 4942/4942/4942  4936/4936/4936  4934/4934/4934
f 5824/5824/5824  4935/4935/4935  4937/4937/4937
f 4944/4944/4944  4942/4942/4942  4934/4934/4934
f 5826/5826/5826  4935/4935/4935  5824/5824/5824
f 4940/4940/4940  4938/4938/4938  4936/4936/4936
f 5820/5820/5820  4937/4937/4937  4939/4939/4939
f 4942/4942/4942  4940/4940/4940  4936/4936/4936
f 5822/5822/5822  4937/4937/4937  5820/5820/5820
f 5824/5824/5824  4937/4937/4937  5822/5822/5822
f 5820/5820/5820  4939/4939/4939  5818/5818/5818
f 5849/5849/5849  4941/4941/4941  4943/4943/4943
f 5847/5847/5847  5845/5845/5845  4941/4941/4941
f 5849/5849/5849  5847/5847/5847  4941/4941/4941
f 5851/5851/5851  4943/4943/4943  4945/4945/4945
f 5851/5851/5851  5849/5849/5849  4943/4943/4943
f 5855/5855/5855  4945/4945/4945  4947/4947/4947
f 5853/5853/5853  5851/5851/5851  4945/4945/4945
f 5855/5855/5855  5853/5853/5853  4945/4945/4945
f 5857/5857/5857  5855/5855/5855  4947/4947/4947
